SET session_replication_role = replica;

--
-- PostgreSQL database dump
--

-- \restrict 0T2at5XGjgZjwjTtZDdA73qQ6k0Czs5bFAuT0cAZeEZ1Ih3wdtYLS9ufXiIHdgX

-- Dumped from database version 17.6
-- Dumped by pg_dump version 17.6

SET statement_timeout = 0;
SET lock_timeout = 0;
SET idle_in_transaction_session_timeout = 0;
SET transaction_timeout = 0;
SET client_encoding = 'UTF8';
SET standard_conforming_strings = on;
SELECT pg_catalog.set_config('search_path', '', false);
SET check_function_bodies = false;
SET xmloption = content;
SET client_min_messages = warning;
SET row_security = off;

--
-- Data for Name: audit_log_entries; Type: TABLE DATA; Schema: auth; Owner: supabase_auth_admin
--



--
-- Data for Name: custom_oauth_providers; Type: TABLE DATA; Schema: auth; Owner: supabase_auth_admin
--



--
-- Data for Name: flow_state; Type: TABLE DATA; Schema: auth; Owner: supabase_auth_admin
--



--
-- Data for Name: users; Type: TABLE DATA; Schema: auth; Owner: supabase_auth_admin
--



--
-- Data for Name: identities; Type: TABLE DATA; Schema: auth; Owner: supabase_auth_admin
--



--
-- Data for Name: instances; Type: TABLE DATA; Schema: auth; Owner: supabase_auth_admin
--



--
-- Data for Name: oauth_clients; Type: TABLE DATA; Schema: auth; Owner: supabase_auth_admin
--



--
-- Data for Name: sessions; Type: TABLE DATA; Schema: auth; Owner: supabase_auth_admin
--



--
-- Data for Name: mfa_amr_claims; Type: TABLE DATA; Schema: auth; Owner: supabase_auth_admin
--



--
-- Data for Name: mfa_factors; Type: TABLE DATA; Schema: auth; Owner: supabase_auth_admin
--



--
-- Data for Name: mfa_challenges; Type: TABLE DATA; Schema: auth; Owner: supabase_auth_admin
--



--
-- Data for Name: oauth_authorizations; Type: TABLE DATA; Schema: auth; Owner: supabase_auth_admin
--



--
-- Data for Name: oauth_client_states; Type: TABLE DATA; Schema: auth; Owner: supabase_auth_admin
--



--
-- Data for Name: oauth_consents; Type: TABLE DATA; Schema: auth; Owner: supabase_auth_admin
--



--
-- Data for Name: one_time_tokens; Type: TABLE DATA; Schema: auth; Owner: supabase_auth_admin
--



--
-- Data for Name: refresh_tokens; Type: TABLE DATA; Schema: auth; Owner: supabase_auth_admin
--



--
-- Data for Name: sso_providers; Type: TABLE DATA; Schema: auth; Owner: supabase_auth_admin
--



--
-- Data for Name: saml_providers; Type: TABLE DATA; Schema: auth; Owner: supabase_auth_admin
--



--
-- Data for Name: saml_relay_states; Type: TABLE DATA; Schema: auth; Owner: supabase_auth_admin
--



--
-- Data for Name: sso_domains; Type: TABLE DATA; Schema: auth; Owner: supabase_auth_admin
--



--
-- Data for Name: webauthn_challenges; Type: TABLE DATA; Schema: auth; Owner: supabase_auth_admin
--



--
-- Data for Name: webauthn_credentials; Type: TABLE DATA; Schema: auth; Owner: supabase_auth_admin
--



--
-- Data for Name: users; Type: TABLE DATA; Schema: public; Owner: postgres
--

INSERT INTO "public"."users" ("id", "email", "password_hash", "is_email_verified", "created_at", "updated_at", "last_login_at", "is_blocked") VALUES
	('d820fe29-9bbc-4af3-859f-5f207abd22d5', 'varat38664@imashr.com', '$2a$12$we9PpZpAbe1IFeeYVIKgX.lny5JuVjTUPzjHNvzLIxe52EVWLt/Vq', false, '2026-05-11 06:16:46.454733+00', '2026-05-11 06:16:46.454733+00', NULL, false),
	('c209b2e1-da19-4d62-83bc-4d1db3b35b8c', 'dfdsrf@dsf.rf', '$2a$12$kwMhunycXSu1FZKQML7A8upZZSd1dd5Y0fb0vMD.uxAXxNIbwtqG6', false, '2026-05-11 06:23:57.721017+00', '2026-05-11 06:23:57.721017+00', NULL, false),
	('a503ac73-67c9-4740-b8ca-76a2352e9e82', 'sanit54468@anawebs.com', '$2a$12$S96aT2HHc4SA71OXxMO19ef13mH3IvXxnJmWL31YGzB/aG.2amfWC', false, '2026-05-11 06:45:27.154207+00', '2026-05-11 06:45:27.154207+00', NULL, false),
	('2ef86968-1402-48ff-97ea-a5071588e1bd', 'cagol98118@anawebs.com', '$2a$12$LOGwDuraneZMUyGb6d1gXO2.s4kW2WVbvoupRF25yWqqVWK71/gi2', false, '2026-05-11 06:18:39.008118+00', '2026-05-11 06:49:44.536573+00', '2026-05-11 06:49:43.981+00', false),
	('57ea328d-4b63-41ba-8ba5-7e3e89588735', 'johnh@gmail.com', '$2a$12$G8WRO2UBNZ1T9o9b7IRjSui0U2jc6ukQir2V50CkdW7Tc0/RKQrF.', false, '2026-04-23 10:41:30.359989+00', '2026-04-23 10:41:30.359989+00', NULL, false),
	('ccb641c8-89e7-4af0-ab27-6eb4880a7fcf', 'testr@gamil.com', '$2a$12$/Dvd0RJ5iwOdFPsuit1Lr.mF3xxIPfFbc7jtrSqtyx69RGZBeRMc6', false, '2026-04-23 10:45:22.268029+00', '2026-04-23 10:45:22.268029+00', NULL, false),
	('b1bee75f-c520-4eb2-869b-86dcc71d6a52', 'dfds@ddd.efg', '$2a$12$vwfschER0Q.AYBB/8aQtfORIYwwAXTkylxMxiG56yXBm5V3YZq11u', false, '2026-05-11 06:53:36.847011+00', '2026-05-11 06:53:36.847011+00', NULL, false),
	('cf59c3ab-cf9f-4687-a880-d98e21c0d70c', 'joxij85261@anawebs.com', '$2a$12$abMH9L9Bn08qzJGDCF.LCOGNjIilupforjheEocCwGBV7OToiEWPO', false, '2026-05-11 07:31:42.488441+00', '2026-05-11 07:31:42.488441+00', NULL, false),
	('cfec91e4-ef32-4189-9bc4-66eb6e82a0a6', 'soxok40931@badgerhole.com', '$2a$12$ROUrvFBKdc0X.mOSjMOms.bqR0wdBJBCB0V74fodFa.BYCTrvbrwy', false, '2026-05-11 07:40:28.067512+00', '2026-05-11 07:40:28.067512+00', NULL, false),
	('be94ff27-b89a-4216-9a0e-92fd773d2f65', 'yevos25683@badgerhole.com', '$2a$12$l5qHE29s58wtErRuwouuHueFZ7McZv98icYs2o.RpwSExUyZMhoS2', false, '2026-05-11 07:59:02.413012+00', '2026-05-11 08:39:24.199756+00', '2026-05-11 08:39:23.772+00', false),
	('b4771c4e-c015-4490-8f75-29b0aa69fa28', 'kokawil159@gcervera.com', '$2a$12$Ioh2REAPyBsVw89satixKuh.2uZojkpDzt1918gXWPVqUjLynENta', false, '2026-05-12 03:36:57.004226+00', '2026-05-12 04:33:15.22024+00', '2026-05-12 04:33:14.801+00', false),
	('03b3706d-9222-4edb-9f9b-79851e4c8eb1', 'figat83368@badgerhole.com', '$2a$12$1MafaCUOcLBn31QN2okD5eQxROA17RfHlQb/X4grOujKLvSJWPuSC', false, '2026-05-11 09:45:28.275374+00', '2026-05-11 11:43:18.069437+00', '2026-05-11 11:43:17.571+00', false),
	('33e4d701-3aff-49f3-876b-271b340d7df2', 'givax97363@imashr.com', '$2a$12$4eFOX1JirAnUQWxo.8mCdeYnJWJNB6YYw262KEGLGJk0j2CQecVse', false, '2026-05-11 04:34:31.536681+00', '2026-05-11 04:34:31.536681+00', NULL, false),
	('a9d336f3-9dbe-4129-ba87-12e3edec6ea6', 'wavori5045@gcervera.com', '$2a$12$RwWAkhNVqz4uPIRlLC2PGOw2m.n7Hidgtgnvuynk9OYwm3XzEutDi', false, '2026-05-11 14:14:57.571486+00', '2026-05-11 14:32:46.062967+00', '2026-05-11 14:32:45.626+00', false),
	('fad0e9e3-448a-4752-83a0-feb7f9588fdf', 'dev@rareminds.in', '$2a$12$.17XaoxLMAhjyUG1NbyXoOU7DFVeWL9qpoQFaBpM.0Z3XcNYhjBWO', false, '2026-05-11 04:42:17.202014+00', '2026-05-11 04:46:37.719037+00', '2026-05-11 04:46:37.287+00', false),
	('ab8c5cf5-5faa-49ff-abdd-e73595a0125e', 'bemexaw729@badgerhole.com', '$2a$12$EWKdtAx4zQ57qzIJgC151.WkL8WS7n4.NP69O1Gm2BXLb83kt/0by', false, '2026-05-11 04:53:28.151257+00', '2026-05-11 04:54:58.220261+00', '2026-05-11 04:54:57.806+00', false),
	('49ecc9cc-06e6-4dee-b7c5-f02bd2e9d50c', 'lonabe6704@gcervera.com', '$2a$12$TMpfGH9CB4gY6lNpxBkNVek4dSGiVsHUVYiwG2KFEct3ktP1ZNuUy', false, '2026-05-11 14:37:42.211552+00', '2026-05-11 14:37:42.211552+00', NULL, false),
	('0cb79f51-c5ea-4f92-b4f2-485cf4b6bc90', 'kefikig417@justnapa.com', '$2a$12$1DqcMbDgrfL3/lmk1Ng4CekE..G5UCFv1yDlT.1pKUvXFP9QQy50i', false, '2026-05-06 06:32:22.951533+00', '2026-05-06 07:15:24.129751+00', '2026-05-06 07:15:23.612+00', false),
	('3ae54aa0-a351-46ad-808f-6fdd67c2a18b', 'rociko7300@gcervera.com', '$2a$12$u8q9SGKo6HfN3XhYoCMqhev7lsSzzmQRt2sGgKVM/vBut1SsKMb1a', false, '2026-05-11 14:50:15.957594+00', '2026-05-11 14:50:15.957594+00', NULL, false),
	('7b4c6f33-78d4-49e5-9f0b-3cf052d8ef1c', 'xigibi3895@gcervera.com', '$2a$12$Mirv65QOvwRZdEtf/jaB3uJ/Yg4NFMaLJE34CndesAYw9XHINLulK', false, '2026-05-11 15:27:21.454252+00', '2026-05-11 15:27:21.454252+00', NULL, false),
	('a8a82dc8-86c0-4275-85dc-b36aec856220', 'cilawa6467@anawebs.com', '$2a$12$amm2DdryAAVW3aSrsxoyQebqu0MlF9I5gatjHJg9JsetpmMOvsImu', false, '2026-05-11 05:14:25.186917+00', '2026-05-11 05:14:25.186917+00', NULL, false),
	('567fd98b-1391-404c-816a-fb1bfba2ad86', 'sosale2411@anawebs.com', '$2a$12$0EUpjRNtGIp7I5CsPJSrDeCRX/R8.AZQTD69eZMfP9QJepEqsux5G', false, '2026-05-11 05:44:37.516125+00', '2026-05-11 05:44:37.516125+00', NULL, false),
	('62b27d7a-4910-41a0-a542-229497b74042', 'gison11111@anawebs.com', '$2a$12$BqAEyJf5dC22DtEnlTWGnu8/pnHwqzEvLDwpHfpyqizH2Y3idaiL.', false, '2026-05-11 05:46:33.865218+00', '2026-05-11 05:46:33.865218+00', NULL, false),
	('ee3904fc-9943-4ca4-a0cf-06f9653bdfed', 'capefe9071@deapad.com', '$2a$12$4MxhoKTyiF1JfYXaxOnemO7UGkXO7pNujVFlnb63V3dyOeK3f7G7m', false, '2026-05-11 05:47:12.116428+00', '2026-05-11 05:47:12.116428+00', NULL, false),
	('dee2c600-cacf-4cd7-839c-72761e0c6d44', 'lehobe4002@anawebs.com', '$2a$12$mWMy57AlGWLRs30eRucYROdxjXQb5b1xRPKomz2oKXcEXqWatcFU2', false, '2026-05-11 05:47:16.665034+00', '2026-05-11 05:47:16.665034+00', NULL, false),
	('09c54dff-5bdb-49ef-a25c-ea500cd6ef78', 'xedepiy566@ellbit.com', '$2a$12$0HjANIkbSOKjXuIyaKfra.5EPfn25XG68DE0rQnm1eOoGpK7LiXVO', false, '2026-05-11 05:54:47.184384+00', '2026-05-11 05:54:47.184384+00', NULL, false),
	('2dc576b6-505e-481c-82bf-dfda564b34a5', 'ririx36813@anawebs.com', '$2a$12$uwXTPwKhwgUeBGa9AsSgBuWlmBer8cyhBvqRl7AcOT.QVmGMxbABS', false, '2026-05-11 03:39:32.17589+00', '2026-05-11 05:56:49.455168+00', '2026-05-11 05:56:48.99+00', false),
	('1aeb6ea7-a58e-4835-8bbe-5f3fbceeca85', 'dsfrvsf@rareminds.in', '$2a$12$nDt/1ZuqzI6wyClp1BbFXO.GmYD93XJ..QrXlO38b9pENQpHNUf0K', false, '2026-05-11 06:07:02.008303+00', '2026-05-11 06:07:02.008303+00', NULL, false),
	('fe200a1b-6d97-4839-9841-f63fc2213188', 'soliyic605@gcervera.com', '$2a$12$jkOG3t9WhCTwyW91rgHB.esIuCbzeTRBxxOeUFImRG6WBstydjxIy', false, '2026-05-11 16:40:10.910415+00', '2026-05-11 16:56:14.546259+00', '2026-05-11 16:56:14.11+00', false),
	('c4eb5453-a9eb-4d91-b16e-ad144e657f66', 'kokawil1592@gcervera.com', '$2a$12$VHUuV3F.SA3RNBQ0Alk8rOce2hWdd9jOFhfEZRQVC/GYLix5cYyCm', false, '2026-05-12 04:16:47.410992+00', '2026-05-12 04:16:47.410992+00', NULL, false),
	('dcaefb3c-9c36-4c13-b9b2-fc7166eb3810', 'bacaki5584@anawebs.com', '$2a$12$VxvCYc5JtMvc7KsB8kjYRuE9zr/NvI.i9OICjlYXI8nko66kPANW.', false, '2026-05-11 11:44:34.757827+00', '2026-05-12 05:45:16.192883+00', '2026-05-12 05:45:15.781+00', false),
	('6966c896-310b-41c5-a8b5-4578844486a6', 'dofojey409@badgerhole.com', '$2a$12$rI6Jd3.EryTEeW28.6fHyupf92MpG7JG9RukToCuG8pnbR7YUu.hy', false, '2026-05-12 05:49:50.44392+00', '2026-05-12 05:49:50.44392+00', NULL, false),
	('5e12a75b-6692-4e2e-b560-a4f2bf6d30e0', 'sefogi2975@gcervera.com', '$2a$12$iu.1lW.8ZGvSqUYeQaESIurC1n9bre99LHRq4dn6wChemuD2aMoTm', false, '2026-05-12 04:34:52.941569+00', '2026-05-12 05:52:42.515206+00', '2026-05-12 05:52:42.015+00', false),
	('5cb2f12d-113d-4cde-9c01-96e4df53d7bb', 'litikesh221@rareminds.in', '$2a$12$pLvFlL7CJXHvDS9FezNZbOcGQVKwVXGdN6S9LAG.TI363He.XhPAa', false, '2026-05-12 07:07:47.916342+00', '2026-05-12 07:07:47.916342+00', NULL, false),
	('f654d9c4-de8f-4a28-a26a-d317dff5d41c', 'litikesh2221@rareminds.in', '$2a$12$nwFDsH.JXG8kNP5YczzzEOzVWYU1sziw4IXUiCewgoL71dUiIr0Yq', false, '2026-05-12 07:13:00.158028+00', '2026-05-12 07:13:00.158028+00', NULL, false);


--
-- Data for Name: organizations; Type: TABLE DATA; Schema: public; Owner: postgres
--

INSERT INTO "public"."organizations" ("id", "name", "slug", "created_by", "created_at", "metadata") VALUES
	('82ea091b-95eb-4292-85cb-3e65d66daf17', 'SkillPassport', 'skillpassport', '57ea328d-4b63-41ba-8ba5-7e3e89588735', '2026-04-23 10:41:30.359989+00', '{}'),
	('350befef-af96-43ee-bf8a-6e7b89e5e700', 'SkillPassport', 'skillpassport-b1834a', 'ccb641c8-89e7-4af0-ab27-6eb4880a7fcf', '2026-04-23 10:45:22.268029+00', '{}'),
	('00000000-0000-0000-0000-000000000001', 'SkillPassport Platform', 'platform', NULL, '2026-05-06 09:25:39.909089+00', '{"is_platform_org": true}');


--
-- Data for Name: audit_logs; Type: TABLE DATA; Schema: public; Owner: postgres
--

INSERT INTO "public"."audit_logs" ("id", "user_id", "action", "metadata", "ip_address", "user_agent", "created_at", "org_id") VALUES
	('c4130d48-79f0-4c5f-bb40-fa05b4aec267', 'fad0e9e3-448a-4752-83a0-feb7f9588fdf', 'logout', '{}', '122.172.84.252', 'Mozilla/5.0 (X11; Linux x86_64) AppleWebKit/537.36 (KHTML, like Gecko) Chrome/147.0.0.0 Safari/537.36', '2026-05-11 04:46:33.481182+00', '00000000-0000-0000-0000-000000000001'),
	('2842582d-970e-403e-bedc-b1270bcc7652', 'fad0e9e3-448a-4752-83a0-feb7f9588fdf', 'login', '{}', '122.172.84.252', 'Mozilla/5.0 (X11; Linux x86_64) AppleWebKit/537.36 (KHTML, like Gecko) Chrome/147.0.0.0 Safari/537.36', '2026-05-11 04:46:38.949897+00', '00000000-0000-0000-0000-000000000001'),
	('aded95b2-cee2-4f97-b28e-aab1f385113d', 'fad0e9e3-448a-4752-83a0-feb7f9588fdf', 'refresh', '{}', '122.172.84.252', 'Mozilla/5.0 (X11; Linux x86_64) AppleWebKit/537.36 (KHTML, like Gecko) Chrome/147.0.0.0 Safari/537.36', '2026-05-11 04:46:40.806146+00', '00000000-0000-0000-0000-000000000001'),
	('202ae274-a2f2-4a1d-b64b-673791e28a26', '2dc576b6-505e-481c-82bf-dfda564b34a5', 'login', '{}', '122.172.84.252', 'Mozilla/5.0 (Windows NT 10.0; Win64; x64) AppleWebKit/537.36 (KHTML, like Gecko) Chrome/147.0.0.0 Safari/537.36', '2026-05-11 05:00:14.197452+00', '00000000-0000-0000-0000-000000000001'),
	('577b6120-5e47-4adf-8c0d-1be4b2c04993', '2dc576b6-505e-481c-82bf-dfda564b34a5', 'refresh', '{}', '122.172.84.252', 'Mozilla/5.0 (Windows NT 10.0; Win64; x64) AppleWebKit/537.36 (KHTML, like Gecko) Chrome/147.0.0.0 Safari/537.36', '2026-05-11 05:00:15.985238+00', '00000000-0000-0000-0000-000000000001'),
	('c80544a6-26bc-4503-8083-c17bd02e52d3', '2dc576b6-505e-481c-82bf-dfda564b34a5', 'logout', '{}', '122.172.84.252', 'Mozilla/5.0 (Windows NT 10.0; Win64; x64) AppleWebKit/537.36 (KHTML, like Gecko) Chrome/147.0.0.0 Safari/537.36', '2026-05-11 05:40:20.921524+00', '00000000-0000-0000-0000-000000000001'),
	('06af47fc-bd7e-46e5-af21-326bc252ee3f', '09c54dff-5bdb-49ef-a25c-ea500cd6ef78', 'signup_member', '{"role": "learner", "email_sent": true}', '122.172.84.252', 'Mozilla/5.0 (X11; Linux x86_64) AppleWebKit/537.36 (KHTML, like Gecko) Chrome/147.0.0.0 Safari/537.36', '2026-05-11 05:54:48.173677+00', '00000000-0000-0000-0000-000000000001'),
	('e55a9d85-11d4-4e9f-969f-bbd000f090d6', '09c54dff-5bdb-49ef-a25c-ea500cd6ef78', 'refresh', '{}', '122.172.84.252', 'Mozilla/5.0 (X11; Linux x86_64) AppleWebKit/537.36 (KHTML, like Gecko) Chrome/147.0.0.0 Safari/537.36', '2026-05-11 05:54:50.064871+00', '00000000-0000-0000-0000-000000000001'),
	('9c67b84f-1d05-429a-b73b-7720c1102f4f', NULL, 'login_failed', '{"email": "litikesh@rareminds.in"}', '122.172.86.83', 'Mozilla/5.0 (Linux; Android 6.0; Nexus 5 Build/MRA58N) AppleWebKit/537.36 (KHTML, like Gecko) Chrome/147.0.0.0 Mobile Safari/537.36', '2026-04-23 07:28:36.02358+00', NULL),
	('2e83a32a-feb9-4bb6-a4cc-6aefbd5123dc', NULL, 'login_failed', '{"email": "tested@gmail.com"}', '122.172.86.83', 'Mozilla/5.0 (Windows NT 10.0; Win64; x64) AppleWebKit/537.36 (KHTML, like Gecko) Chrome/147.0.0.0 Safari/537.36', '2026-04-23 07:34:17.850418+00', NULL),
	('470c7f7a-27a4-440b-a6b9-814c41a899fc', NULL, 'login_failed', '{"email": "usert@gmail.com"}', '122.172.86.83', 'Mozilla/5.0 (Windows NT 10.0; Win64; x64) AppleWebKit/537.36 (KHTML, like Gecko) Chrome/147.0.0.0 Safari/537.36', '2026-04-23 07:36:58.638783+00', NULL),
	('42e70acd-0123-4fd3-8163-5b4c481dc8fa', '57ea328d-4b63-41ba-8ba5-7e3e89588735', 'signup', '{}', '122.172.86.83', 'Mozilla/5.0 (Linux; Android 6.0; Nexus 5 Build/MRA58N) AppleWebKit/537.36 (KHTML, like Gecko) Chrome/147.0.0.0 Mobile Safari/537.36', '2026-04-23 10:41:31.431561+00', '82ea091b-95eb-4292-85cb-3e65d66daf17'),
	('db285926-2b60-4215-9f41-0878641c510e', 'ccb641c8-89e7-4af0-ab27-6eb4880a7fcf', 'signup', '{}', '122.172.86.83', 'Mozilla/5.0 (Windows NT 10.0; Win64; x64) AppleWebKit/537.36 (KHTML, like Gecko) Chrome/147.0.0.0 Safari/537.36', '2026-04-23 10:45:23.341875+00', '350befef-af96-43ee-bf8a-6e7b89e5e700'),
	('a7e994bf-4f34-4abc-83ab-ac33ed690700', '57ea328d-4b63-41ba-8ba5-7e3e89588735', 'refresh', '{}', '122.172.86.83', 'Mozilla/5.0 (Linux; Android 6.0; Nexus 5 Build/MRA58N) AppleWebKit/537.36 (KHTML, like Gecko) Chrome/147.0.0.0 Mobile Safari/537.36', '2026-04-24 06:20:20.197719+00', '82ea091b-95eb-4292-85cb-3e65d66daf17'),
	('0c4e378e-a431-4988-9797-738c2d7d69aa', NULL, 'login_failed', '{"email": "gokul@rareminds.in"}', '122.172.87.126', 'Mozilla/5.0 (X11; Linux x86_64) AppleWebKit/537.36 (KHTML, like Gecko) Chrome/147.0.0.0 Safari/537.36', '2026-05-06 05:32:32.26802+00', NULL),
	('c37e3f30-2602-4944-9c36-91387626c50e', NULL, 'login_failed', '{"email": "gokul@rareminds.in"}', '122.172.87.126', 'Mozilla/5.0 (X11; Linux x86_64) AppleWebKit/537.36 (KHTML, like Gecko) Chrome/147.0.0.0 Safari/537.36', '2026-05-06 05:32:38.871524+00', NULL),
	('28812986-f2c0-47dd-8886-2008db125925', NULL, 'signup_member', '{"role": "school_student"}', '122.172.87.126', 'Mozilla/5.0 (X11; Linux x86_64) AppleWebKit/537.36 (KHTML, like Gecko) Chrome/147.0.0.0 Safari/537.36', '2026-05-06 06:06:53.049732+00', NULL),
	('6682d961-18b6-4743-a9f3-659dccdf34c9', NULL, 'refresh', '{}', '122.172.87.126', 'Mozilla/5.0 (X11; Linux x86_64) AppleWebKit/537.36 (KHTML, like Gecko) Chrome/147.0.0.0 Safari/537.36', '2026-05-06 06:14:43.191944+00', NULL),
	('597270dd-8fd2-4c05-ad01-877f06d563d5', NULL, 'refresh', '{}', '122.172.87.126', 'Mozilla/5.0 (X11; Linux x86_64) AppleWebKit/537.36 (KHTML, like Gecko) Chrome/147.0.0.0 Safari/537.36', '2026-05-06 06:14:45.221106+00', NULL),
	('38544ed0-4808-4264-be34-460fc48adea7', '0cb79f51-c5ea-4f92-b4f2-485cf4b6bc90', 'signup_member', '{"role": "school_student", "email_sent": true}', '122.172.87.126', 'Mozilla/5.0 (X11; Linux x86_64) AppleWebKit/537.36 (KHTML, like Gecko) Chrome/147.0.0.0 Safari/537.36', '2026-05-06 06:32:23.737887+00', NULL),
	('5b5522e0-0743-45cc-a67c-9e581ad33d7f', '0cb79f51-c5ea-4f92-b4f2-485cf4b6bc90', 'refresh', '{}', '122.172.87.126', 'Mozilla/5.0 (X11; Linux x86_64) AppleWebKit/537.36 (KHTML, like Gecko) Chrome/147.0.0.0 Safari/537.36', '2026-05-06 06:34:53.256677+00', NULL),
	('31a57f1c-848d-44fa-8186-3c532a134dcd', '0cb79f51-c5ea-4f92-b4f2-485cf4b6bc90', 'refresh', '{}', '122.172.87.126', 'Mozilla/5.0 (X11; Linux x86_64) AppleWebKit/537.36 (KHTML, like Gecko) Chrome/147.0.0.0 Safari/537.36', '2026-05-06 06:34:54.518096+00', NULL),
	('024a3283-2bbd-4535-916b-0ec787243de1', '0cb79f51-c5ea-4f92-b4f2-485cf4b6bc90', 'refresh', '{}', '122.172.87.126', 'Mozilla/5.0 (X11; Linux x86_64) AppleWebKit/537.36 (KHTML, like Gecko) Chrome/147.0.0.0 Safari/537.36', '2026-05-06 07:15:12.264768+00', NULL),
	('dbfd5ddc-827d-41c9-83b8-a89f68f59576', '0cb79f51-c5ea-4f92-b4f2-485cf4b6bc90', 'refresh', '{}', '122.172.87.126', 'Mozilla/5.0 (X11; Linux x86_64) AppleWebKit/537.36 (KHTML, like Gecko) Chrome/147.0.0.0 Safari/537.36', '2026-05-06 07:15:14.153358+00', NULL),
	('c8ae054e-e09a-4d70-84f1-0c18f5bb0a24', NULL, 'signup_member', '{"role": "school_student", "email_sent": true}', '122.172.87.126', 'Mozilla/5.0 (X11; Linux x86_64) AppleWebKit/537.36 (KHTML, like Gecko) Chrome/147.0.0.0 Safari/537.36', '2026-05-06 06:29:15.733699+00', NULL),
	('ca347f18-1ac5-431d-b180-fb8923d9aae3', NULL, 'refresh', '{}', '122.172.87.126', 'Mozilla/5.0 (X11; Linux x86_64) AppleWebKit/537.36 (KHTML, like Gecko) Chrome/147.0.0.0 Safari/537.36', '2026-05-06 06:29:19.310772+00', NULL),
	('c3a24790-0da9-428d-b032-cfa40b52b676', '0cb79f51-c5ea-4f92-b4f2-485cf4b6bc90', 'refresh', '{}', '122.172.87.126', 'Mozilla/5.0 (X11; Linux x86_64) AppleWebKit/537.36 (KHTML, like Gecko) Chrome/147.0.0.0 Safari/537.36', '2026-05-06 07:30:35.986763+00', NULL),
	('6375a09d-13aa-4796-848a-a222031470c3', '0cb79f51-c5ea-4f92-b4f2-485cf4b6bc90', 'refresh', '{}', '122.172.87.126', 'Mozilla/5.0 (X11; Linux x86_64) AppleWebKit/537.36 (KHTML, like Gecko) Chrome/147.0.0.0 Safari/537.36', '2026-05-06 07:30:37.20356+00', NULL),
	('1f6640c1-655f-449c-a338-97fcde35e59e', NULL, 'login_failed', '{"email": "gokul@rareminds.in"}', '122.172.87.126', 'Mozilla/5.0 (X11; Linux x86_64) AppleWebKit/537.36 (KHTML, like Gecko) Chrome/147.0.0.0 Safari/537.36', '2026-05-06 07:30:40.858894+00', NULL),
	('00b52dd9-a45f-48f7-b3e6-bb6d3b4ab3f9', NULL, 'login_failed', '{"email": "gokul@rareminds.in"}', '122.172.87.126', 'Mozilla/5.0 (X11; Linux x86_64) AppleWebKit/537.36 (KHTML, like Gecko) Chrome/147.0.0.0 Safari/537.36', '2026-05-06 07:30:44.224781+00', NULL),
	('82a0a49d-6c42-4bd9-9364-9301a772f34b', NULL, 'signup_member', '{"role": "school_student", "email_sent": true}', '122.172.87.126', 'Mozilla/5.0 (X11; Linux x86_64) AppleWebKit/537.36 (KHTML, like Gecko) Chrome/147.0.0.0 Safari/537.36', '2026-05-06 07:31:53.316052+00', NULL),
	('1cbdc4a7-4330-4c94-a7ab-74d22f75d765', NULL, 'refresh', '{}', '122.172.87.126', 'Mozilla/5.0 (X11; Linux x86_64) AppleWebKit/537.36 (KHTML, like Gecko) Chrome/147.0.0.0 Safari/537.36', '2026-05-06 07:31:55.243857+00', NULL),
	('7652b48b-bae7-49e5-9046-fd9bbca0200a', NULL, 'signup_member', '{"role": "school_student", "email_sent": true}', '122.172.87.126', 'Mozilla/5.0 (X11; Linux x86_64) AppleWebKit/537.36 (KHTML, like Gecko) Chrome/147.0.0.0 Safari/537.36', '2026-05-06 07:37:19.263075+00', NULL),
	('f3ed3a11-d7f7-4bae-8285-dd82afb74e11', NULL, 'refresh', '{}', '122.172.87.126', 'Mozilla/5.0 (X11; Linux x86_64) AppleWebKit/537.36 (KHTML, like Gecko) Chrome/147.0.0.0 Safari/537.36', '2026-05-06 07:37:21.059283+00', NULL),
	('a18f4857-5256-4fcf-a85e-bf71bdd2a43f', NULL, 'refresh', '{}', '122.172.87.126', 'Mozilla/5.0 (X11; Linux x86_64) AppleWebKit/537.36 (KHTML, like Gecko) Chrome/147.0.0.0 Safari/537.36', '2026-05-06 07:38:00.317032+00', NULL),
	('676e3428-f359-44c2-9105-4afabb896db7', NULL, 'refresh', '{}', '122.172.87.126', 'Mozilla/5.0 (X11; Linux x86_64) AppleWebKit/537.36 (KHTML, like Gecko) Chrome/147.0.0.0 Safari/537.36', '2026-05-06 07:38:01.820862+00', NULL),
	('008b32a5-ab38-40ce-adeb-0fd12009fe3d', NULL, 'refresh', '{}', '122.172.87.126', 'Mozilla/5.0 (X11; Linux x86_64) AppleWebKit/537.36 (KHTML, like Gecko) Chrome/147.0.0.0 Safari/537.36', '2026-05-06 07:38:05.6347+00', NULL),
	('106c5af6-7e7f-4de7-b88f-d7252139cdcc', NULL, 'refresh', '{}', '122.172.87.126', 'Mozilla/5.0 (X11; Linux x86_64) AppleWebKit/537.36 (KHTML, like Gecko) Chrome/147.0.0.0 Safari/537.36', '2026-05-06 07:38:06.926384+00', NULL),
	('87dbc5d9-fd57-4765-9148-5cbfcdca27aa', NULL, 'refresh', '{}', '122.172.87.126', 'Mozilla/5.0 (X11; Linux x86_64) AppleWebKit/537.36 (KHTML, like Gecko) Chrome/147.0.0.0 Safari/537.36', '2026-05-06 07:52:46.768461+00', NULL),
	('f0ca04e8-3568-455e-9e04-567052967d46', NULL, 'refresh_theft_detected', '{}', '122.172.87.126', 'Mozilla/5.0 (X11; Linux x86_64) AppleWebKit/537.36 (KHTML, like Gecko) Chrome/147.0.0.0 Safari/537.36', '2026-05-06 07:58:19.487679+00', NULL),
	('2fecd51f-5f14-476f-b956-2a693e5ad933', '33e4d701-3aff-49f3-876b-271b340d7df2', 'logout', '{}', '2a09:bac1:36c0:ba8::176:86', 'Mozilla/5.0 (Windows NT 10.0; Win64; x64) AppleWebKit/537.36 (KHTML, like Gecko) Chrome/148.0.0.0 Safari/537.36', '2026-05-11 04:47:10.555875+00', '00000000-0000-0000-0000-000000000001'),
	('708e9d19-997a-4656-b711-4abb998ad3d5', NULL, 'signup_member', '{"role": "school_student", "email_sent": true}', '122.172.87.126', 'Mozilla/5.0 (X11; Linux x86_64) AppleWebKit/537.36 (KHTML, like Gecko) Chrome/147.0.0.0 Safari/537.36', '2026-05-06 08:02:34.986247+00', NULL),
	('43f35b21-a8f7-4635-8f3d-ce6059211317', '2dc576b6-505e-481c-82bf-dfda564b34a5', 'refresh', '{}', '122.172.84.252', 'Mozilla/5.0 (Windows NT 10.0; Win64; x64) AppleWebKit/537.36 (KHTML, like Gecko) Chrome/147.0.0.0 Safari/537.36', '2026-05-11 05:01:12.380584+00', '00000000-0000-0000-0000-000000000001'),
	('ac4ad70e-09e1-4660-ab52-9c1988ea541b', '2dc576b6-505e-481c-82bf-dfda564b34a5', 'login', '{}', '122.172.84.252', 'Mozilla/5.0 (Windows NT 10.0; Win64; x64) AppleWebKit/537.36 (KHTML, like Gecko) Chrome/147.0.0.0 Safari/537.36', '2026-05-11 05:01:42.406631+00', '00000000-0000-0000-0000-000000000001'),
	('5d72cabc-c6a2-4873-be62-3f4dd43eba16', '2dc576b6-505e-481c-82bf-dfda564b34a5', 'refresh', '{}', '122.172.84.252', 'Mozilla/5.0 (Windows NT 10.0; Win64; x64) AppleWebKit/537.36 (KHTML, like Gecko) Chrome/147.0.0.0 Safari/537.36', '2026-05-11 05:01:44.21863+00', '00000000-0000-0000-0000-000000000001'),
	('ce9dcd89-428a-422e-a33e-4e9a3c86717a', '567fd98b-1391-404c-816a-fb1bfba2ad86', 'signup_member', '{"role": "learner", "email_sent": true}', '122.172.84.252', 'Mozilla/5.0 (Windows NT 10.0; Win64; x64) AppleWebKit/537.36 (KHTML, like Gecko) Chrome/147.0.0.0 Safari/537.36', '2026-05-11 05:44:38.547896+00', '00000000-0000-0000-0000-000000000001'),
	('1a2f786e-f3c7-42a9-973f-91a50c2e810b', NULL, 'signup_member', '{"role": "school_student", "email_sent": true}', '122.172.87.126', 'Mozilla/5.0 (X11; Linux x86_64) AppleWebKit/537.36 (KHTML, like Gecko) Chrome/147.0.0.0 Safari/537.36', '2026-05-06 08:22:25.807914+00', NULL),
	('aa715bf1-ad21-4b8b-9558-d4bd6505859c', NULL, 'refresh', '{}', '122.172.87.126', 'Mozilla/5.0 (X11; Linux x86_64) AppleWebKit/537.36 (KHTML, like Gecko) Chrome/147.0.0.0 Safari/537.36', '2026-05-06 08:23:08.600246+00', NULL),
	('6c6573ff-4f60-42ea-9bd4-e847c70c5997', NULL, 'refresh', '{}', '122.172.87.126', 'Mozilla/5.0 (X11; Linux x86_64) AppleWebKit/537.36 (KHTML, like Gecko) Chrome/147.0.0.0 Safari/537.36', '2026-05-06 08:23:21.688994+00', NULL),
	('095bc224-a2a7-4b91-836f-1a25a65ccb12', NULL, 'refresh', '{}', '122.172.87.126', 'Mozilla/5.0 (X11; Linux x86_64) AppleWebKit/537.36 (KHTML, like Gecko) Chrome/147.0.0.0 Safari/537.36', '2026-05-06 08:23:40.586233+00', NULL),
	('38fa4534-f361-4e79-827f-f0342f97d787', '567fd98b-1391-404c-816a-fb1bfba2ad86', 'refresh', '{}', '122.172.84.252', 'Mozilla/5.0 (Windows NT 10.0; Win64; x64) AppleWebKit/537.36 (KHTML, like Gecko) Chrome/147.0.0.0 Safari/537.36', '2026-05-11 05:44:43.691522+00', '00000000-0000-0000-0000-000000000001'),
	('dac3b0cd-4abf-4249-9e3e-d235e42517fa', NULL, 'signup_member', '{"role": "learner", "email_sent": true}', '127.0.0.1', 'Mozilla/5.0 (X11; Linux x86_64) AppleWebKit/537.36 (KHTML, like Gecko) Chrome/147.0.0.0 Safari/537.36', '2026-05-08 06:11:59.554908+00', '00000000-0000-0000-0000-000000000001'),
	('2b77f79a-e171-4938-93ae-f4a24ecf9892', '567fd98b-1391-404c-816a-fb1bfba2ad86', 'refresh', '{}', '122.172.84.252', 'Mozilla/5.0 (Windows NT 10.0; Win64; x64) AppleWebKit/537.36 (KHTML, like Gecko) Chrome/147.0.0.0 Safari/537.36', '2026-05-11 05:44:52.516981+00', '00000000-0000-0000-0000-000000000001'),
	('c0b60d49-7219-4a02-9886-3cdfd575cc8b', NULL, 'login_failed', '{"email": "gokul@rareminds.in"}', '122.172.80.229', 'Mozilla/5.0 (X11; Linux x86_64) AppleWebKit/537.36 (KHTML, like Gecko) Chrome/147.0.0.0 Safari/537.36', '2026-05-08 08:03:03.405789+00', NULL),
	('faf4f99e-39a4-485a-acb0-5564c375ef73', 'a8a82dc8-86c0-4275-85dc-b36aec856220', 'refresh', '{}', '2a09:bac5:3b2c:eaa::176:86', 'Mozilla/5.0 (Windows NT 10.0; Win64; x64) AppleWebKit/537.36 (KHTML, like Gecko) Chrome/148.0.0.0 Safari/537.36', '2026-05-11 05:45:11.854664+00', '00000000-0000-0000-0000-000000000001'),
	('9c58f07c-65a7-46f5-b003-2645027ec630', '09c54dff-5bdb-49ef-a25c-ea500cd6ef78', 'refresh', '{}', '122.172.84.252', 'Mozilla/5.0 (X11; Linux x86_64) AppleWebKit/537.36 (KHTML, like Gecko) Chrome/147.0.0.0 Safari/537.36', '2026-05-11 05:54:58.491027+00', '00000000-0000-0000-0000-000000000001'),
	('0192ffdb-3bb3-45fe-b85b-215cb285e9c8', '2dc576b6-505e-481c-82bf-dfda564b34a5', 'refresh', '{}', '122.172.84.252', 'Mozilla/5.0 (Windows NT 10.0; Win64; x64) AppleWebKit/537.36 (KHTML, like Gecko) Chrome/147.0.0.0 Safari/537.36', '2026-05-11 06:03:55.435677+00', '00000000-0000-0000-0000-000000000001'),
	('cea556cc-9c1a-4879-bfb0-db3bf92dab6c', NULL, 'login_failed', '{"email": "litikesh@rareminds.in"}', '2401:4900:1f27:8b01:853d:bd16:e27e:284c', 'Mozilla/5.0 (Windows NT 10.0; Win64; x64) AppleWebKit/537.36 (KHTML, like Gecko) Chrome/148.0.0.0 Safari/537.36', '2026-05-08 09:58:41.51833+00', NULL),
	('2abe5399-460b-45ba-8cd5-89874331015a', NULL, 'login_failed', '{"email": "litikesh@rareminds.in"}', '2401:4900:1f27:8b01:853d:bd16:e27e:284c', 'Mozilla/5.0 (Windows NT 10.0; Win64; x64) AppleWebKit/537.36 (KHTML, like Gecko) Chrome/148.0.0.0 Safari/537.36', '2026-05-08 09:58:50.693517+00', NULL),
	('81dca3f9-111d-4eaf-87de-82260b1a2c6a', NULL, 'login_failed', '{"email": "litikesh@rareminds.in"}', '2401:4900:1f27:8b01:853d:bd16:e27e:284c', 'Mozilla/5.0 (Windows NT 10.0; Win64; x64) AppleWebKit/537.36 (KHTML, like Gecko) Chrome/148.0.0.0 Safari/537.36', '2026-05-08 09:58:59.04795+00', NULL),
	('a49f9cb9-3364-4bcf-bfaf-c14a789da803', NULL, 'login_failed', '{"email": "litikesh@rareminds.in"}', '2401:4900:1f27:8b01:853d:bd16:e27e:284c', 'Mozilla/5.0 (Windows NT 10.0; Win64; x64) AppleWebKit/537.36 (KHTML, like Gecko) Chrome/148.0.0.0 Safari/537.36', '2026-05-08 09:59:10.092228+00', NULL),
	('8e8e6a00-cf65-4d04-89e0-1782c4d918fd', NULL, 'signup_member', '{"role": "learner", "email_sent": true}', '2401:4900:1f27:8b01:853d:bd16:e27e:284c', 'Mozilla/5.0 (Windows NT 10.0; Win64; x64) AppleWebKit/537.36 (KHTML, like Gecko) Chrome/148.0.0.0 Safari/537.36', '2026-05-08 10:04:25.622679+00', '00000000-0000-0000-0000-000000000001'),
	('ba3edfe5-b3ac-442e-a224-fb1b875a4700', NULL, 'login_failed', '{"email": "litikesh@rareminds.in"}', '2401:4900:1f27:8b01:853d:bd16:e27e:284c', 'Mozilla/5.0 (Windows NT 10.0; Win64; x64) AppleWebKit/537.36 (KHTML, like Gecko) Chrome/148.0.0.0 Safari/537.36', '2026-05-08 10:15:39.549049+00', NULL),
	('e50aae17-7500-4505-b957-9c4c614be214', NULL, 'signup_member', '{"role": "learner", "email_sent": true}', '122.172.80.229', 'Mozilla/5.0 (X11; Linux x86_64) AppleWebKit/537.36 (KHTML, like Gecko) Chrome/147.0.0.0 Safari/537.36', '2026-05-08 08:09:49.161756+00', '00000000-0000-0000-0000-000000000001'),
	('36fb95f9-a5e8-4519-adbd-f6a56c936b56', NULL, 'refresh', '{}', '122.172.80.229', 'Mozilla/5.0 (X11; Linux x86_64) AppleWebKit/537.36 (KHTML, like Gecko) Chrome/147.0.0.0 Safari/537.36', '2026-05-08 08:10:18.870595+00', '00000000-0000-0000-0000-000000000001'),
	('b7c58cd4-7bdd-4b64-be04-7d408c8969a0', NULL, 'login', '{}', '122.172.80.229', 'Mozilla/5.0 (X11; Linux x86_64) AppleWebKit/537.36 (KHTML, like Gecko) Chrome/147.0.0.0 Safari/537.36', '2026-05-08 08:10:33.098218+00', '00000000-0000-0000-0000-000000000001'),
	('5e9cb044-8acf-499f-8d35-378e06f26dfb', NULL, 'refresh', '{}', '122.172.80.229', 'Mozilla/5.0 (X11; Linux x86_64) AppleWebKit/537.36 (KHTML, like Gecko) Chrome/147.0.0.0 Safari/537.36', '2026-05-08 08:52:34.19462+00', '00000000-0000-0000-0000-000000000001'),
	('ac3e05ef-4d9b-42fd-8552-6585d4be1843', NULL, 'refresh', '{}', '2409:40f2:2017:5b99:2eba:e6bd:9ab8:5248', 'Mozilla/5.0 (X11; Linux x86_64) AppleWebKit/537.36 (KHTML, like Gecko) Chrome/147.0.0.0 Safari/537.36', '2026-05-08 09:34:26.160583+00', '00000000-0000-0000-0000-000000000001'),
	('99d6ad27-7e9e-459d-84f3-570996a58b9d', NULL, 'login', '{}', '2409:40f2:2017:5b99:2eba:e6bd:9ab8:5248', 'Mozilla/5.0 (X11; Linux x86_64) AppleWebKit/537.36 (KHTML, like Gecko) Chrome/147.0.0.0 Safari/537.36', '2026-05-08 09:53:18.087109+00', '00000000-0000-0000-0000-000000000001'),
	('f58ad63d-a122-417a-aa61-7dc5414e7e28', NULL, 'refresh', '{}', '2409:40f2:2017:5b99:2eba:e6bd:9ab8:5248', 'Mozilla/5.0 (X11; Linux x86_64) AppleWebKit/537.36 (KHTML, like Gecko) Chrome/147.0.0.0 Safari/537.36', '2026-05-08 09:53:34.948174+00', '00000000-0000-0000-0000-000000000001'),
	('463d1680-ec21-4897-ac06-cfb0b7a9afd0', NULL, 'refresh', '{}', '122.172.80.229', 'Mozilla/5.0 (X11; Linux x86_64) AppleWebKit/537.36 (KHTML, like Gecko) Chrome/147.0.0.0 Safari/537.36', '2026-05-08 10:21:12.751759+00', '00000000-0000-0000-0000-000000000001'),
	('4c4853d3-25d1-4930-9526-30b6ad967c30', NULL, 'login', '{}', '122.172.80.229', 'Mozilla/5.0 (X11; Linux x86_64) AppleWebKit/537.36 (KHTML, like Gecko) Chrome/147.0.0.0 Safari/537.36', '2026-05-08 10:21:17.547169+00', '00000000-0000-0000-0000-000000000001'),
	('0d2e3dcd-3574-4225-ae1b-62550c6fb830', NULL, 'refresh', '{}', '122.172.80.229', 'Mozilla/5.0 (X11; Linux x86_64) AppleWebKit/537.36 (KHTML, like Gecko) Chrome/147.0.0.0 Safari/537.36', '2026-05-08 10:21:25.13134+00', '00000000-0000-0000-0000-000000000001'),
	('3224b49b-02f0-4da0-a632-7c23d9f2ec03', 'ab8c5cf5-5faa-49ff-abdd-e73595a0125e', 'signup_member', '{"role": "learner", "email_sent": true}', '2a09:bac1:36e0:ba8::176:86', 'Mozilla/5.0 (Windows NT 10.0; Win64; x64) AppleWebKit/537.36 (KHTML, like Gecko) Chrome/148.0.0.0 Safari/537.36', '2026-05-11 04:53:28.741132+00', '00000000-0000-0000-0000-000000000001'),
	('1fc69778-616e-4933-a351-76bb1f1e5732', 'ab8c5cf5-5faa-49ff-abdd-e73595a0125e', 'refresh', '{}', '2a09:bac1:36e0:ba8::176:86', 'Mozilla/5.0 (Windows NT 10.0; Win64; x64) AppleWebKit/537.36 (KHTML, like Gecko) Chrome/148.0.0.0 Safari/537.36', '2026-05-11 04:53:30.805087+00', '00000000-0000-0000-0000-000000000001'),
	('f43ea75e-d229-437c-900b-e93258359f69', 'ab8c5cf5-5faa-49ff-abdd-e73595a0125e', 'refresh', '{}', '2a09:bac1:36e0:ba8::176:86', 'Mozilla/5.0 (Windows NT 10.0; Win64; x64) AppleWebKit/537.36 (KHTML, like Gecko) Chrome/148.0.0.0 Safari/537.36', '2026-05-11 04:54:03.99162+00', '00000000-0000-0000-0000-000000000001'),
	('157c86a6-e9ec-4585-a5e8-db43ffd269af', 'ab8c5cf5-5faa-49ff-abdd-e73595a0125e', 'refresh', '{}', '2a09:bac1:36e0:ba8::176:86', 'Mozilla/5.0 (Windows NT 10.0; Win64; x64) AppleWebKit/537.36 (KHTML, like Gecko) Chrome/148.0.0.0 Safari/537.36', '2026-05-11 04:54:08.84979+00', '00000000-0000-0000-0000-000000000001'),
	('3dc97602-6d73-417e-9274-3d70a3fee825', 'ab8c5cf5-5faa-49ff-abdd-e73595a0125e', 'refresh', '{}', '2a09:bac1:36e0:ba8::176:86', 'Mozilla/5.0 (Windows NT 10.0; Win64; x64) AppleWebKit/537.36 (KHTML, like Gecko) Chrome/148.0.0.0 Safari/537.36', '2026-05-11 04:54:39.633234+00', '00000000-0000-0000-0000-000000000001'),
	('9cc92940-1376-4048-9e17-507bfb8e0d22', 'ab8c5cf5-5faa-49ff-abdd-e73595a0125e', 'refresh', '{}', '2a09:bac1:36e0:ba8::176:86', 'Mozilla/5.0 (Windows NT 10.0; Win64; x64) AppleWebKit/537.36 (KHTML, like Gecko) Chrome/148.0.0.0 Safari/537.36', '2026-05-11 04:54:59.958879+00', '00000000-0000-0000-0000-000000000001'),
	('59efd5e2-d7cd-404e-8b65-77c810321a43', 'ab8c5cf5-5faa-49ff-abdd-e73595a0125e', 'logout', '{}', '2a09:bac5:3b2e:eaa::176:86', 'Mozilla/5.0 (Windows NT 10.0; Win64; x64) AppleWebKit/537.36 (KHTML, like Gecko) Chrome/148.0.0.0 Safari/537.36', '2026-05-11 05:08:19.210772+00', '00000000-0000-0000-0000-000000000001'),
	('2fd235c7-2119-4efd-a5ab-53dc5d4be2c5', '567fd98b-1391-404c-816a-fb1bfba2ad86', 'refresh', '{}', '122.172.84.252', 'Mozilla/5.0 (Windows NT 10.0; Win64; x64) AppleWebKit/537.36 (KHTML, like Gecko) Chrome/147.0.0.0 Safari/537.36', '2026-05-11 05:45:11.299655+00', '00000000-0000-0000-0000-000000000001'),
	('906bb33d-f3ce-44ac-b48a-60a56367aec6', 'a8a82dc8-86c0-4275-85dc-b36aec856220', 'logout', '{}', '2a09:bac5:3b2c:eaa::176:86', 'Mozilla/5.0 (Windows NT 10.0; Win64; x64) AppleWebKit/537.36 (KHTML, like Gecko) Chrome/148.0.0.0 Safari/537.36', '2026-05-11 05:45:22.093275+00', '00000000-0000-0000-0000-000000000001'),
	('72b51bf1-d1b1-4344-8aff-dbf03702d126', '567fd98b-1391-404c-816a-fb1bfba2ad86', 'refresh', '{}', '122.172.84.252', 'Mozilla/5.0 (Windows NT 10.0; Win64; x64) AppleWebKit/537.36 (KHTML, like Gecko) Chrome/147.0.0.0 Safari/537.36', '2026-05-11 05:45:39.950933+00', '00000000-0000-0000-0000-000000000001'),
	('f26ee75a-7f55-47fd-81e4-0bfbcf335f5e', '567fd98b-1391-404c-816a-fb1bfba2ad86', 'refresh', '{}', '122.172.84.252', 'Mozilla/5.0 (iPhone; CPU iPhone OS 18_5 like Mac OS X) AppleWebKit/605.1.15 (KHTML, like Gecko) Version/18.5 Mobile/15E148 Safari/604.1', '2026-05-11 05:55:13.263037+00', '00000000-0000-0000-0000-000000000001'),
	('deb144bb-9ff8-4369-995a-7b35ff7e8829', '09c54dff-5bdb-49ef-a25c-ea500cd6ef78', 'refresh', '{}', '122.172.84.252', 'Mozilla/5.0 (X11; Linux x86_64) AppleWebKit/537.36 (KHTML, like Gecko) Chrome/147.0.0.0 Safari/537.36', '2026-05-11 05:55:23.728082+00', '00000000-0000-0000-0000-000000000001'),
	('d4e0aa5b-e58a-437f-888e-06b98e34013c', '09c54dff-5bdb-49ef-a25c-ea500cd6ef78', 'refresh', '{}', '122.172.84.252', 'Mozilla/5.0 (X11; Linux x86_64) AppleWebKit/537.36 (KHTML, like Gecko) Chrome/147.0.0.0 Safari/537.36', '2026-05-11 05:55:25.287646+00', '00000000-0000-0000-0000-000000000001'),
	('6ed72b10-665e-4328-896b-e031b01399f3', '2dc576b6-505e-481c-82bf-dfda564b34a5', 'refresh', '{}', '122.172.84.252', 'Mozilla/5.0 (Windows NT 10.0; Win64; x64) AppleWebKit/537.36 (KHTML, like Gecko) Chrome/147.0.0.0 Safari/537.36', '2026-05-11 06:04:02.506722+00', '00000000-0000-0000-0000-000000000001'),
	('71135aa8-f493-4039-bebf-6b94d1a2142f', '2dc576b6-505e-481c-82bf-dfda564b34a5', 'refresh', '{}', '122.172.84.252', 'Mozilla/5.0 (Windows NT 10.0; Win64; x64) AppleWebKit/537.36 (KHTML, like Gecko) Chrome/147.0.0.0 Safari/537.36', '2026-05-11 06:04:08.117004+00', '00000000-0000-0000-0000-000000000001'),
	('61288514-bee8-41bd-a7cd-d1c305f41ca7', '2dc576b6-505e-481c-82bf-dfda564b34a5', 'refresh', '{}', '122.172.84.252', 'Mozilla/5.0 (Windows NT 10.0; Win64; x64) AppleWebKit/537.36 (KHTML, like Gecko) Chrome/147.0.0.0 Safari/537.36', '2026-05-11 06:04:09.617736+00', '00000000-0000-0000-0000-000000000001'),
	('6125065a-a5fa-4c96-a51a-a9661e10a085', '1aeb6ea7-a58e-4835-8bbe-5f3fbceeca85', 'refresh', '{}', '122.172.84.252', 'Mozilla/5.0 (X11; Linux x86_64) AppleWebKit/537.36 (KHTML, like Gecko) Chrome/147.0.0.0 Safari/537.36', '2026-05-11 06:07:04.748639+00', '00000000-0000-0000-0000-000000000001'),
	('bc28da2c-81ec-4cdd-a55d-7170a702342d', '1aeb6ea7-a58e-4835-8bbe-5f3fbceeca85', 'refresh', '{}', '122.172.84.252', 'Mozilla/5.0 (X11; Linux x86_64) AppleWebKit/537.36 (KHTML, like Gecko) Chrome/147.0.0.0 Safari/537.36', '2026-05-11 06:21:50.741542+00', '00000000-0000-0000-0000-000000000001'),
	('a6d93067-71ad-4fdf-a065-34cd1d0469e9', '1aeb6ea7-a58e-4835-8bbe-5f3fbceeca85', 'refresh', '{}', '122.172.84.252', 'Mozilla/5.0 (X11; Linux x86_64) AppleWebKit/537.36 (KHTML, like Gecko) Chrome/147.0.0.0 Safari/537.36', '2026-05-11 06:22:12.62248+00', '00000000-0000-0000-0000-000000000001'),
	('3b21fbe4-2ba0-44d4-a6db-6d1dea2a3c1c', '1aeb6ea7-a58e-4835-8bbe-5f3fbceeca85', 'refresh', '{}', '122.172.84.252', 'Mozilla/5.0 (X11; Linux x86_64) AppleWebKit/537.36 (KHTML, like Gecko) Chrome/147.0.0.0 Safari/537.36', '2026-05-11 06:22:14.195167+00', '00000000-0000-0000-0000-000000000001'),
	('7151aaf6-9bbf-441f-a218-9e34b16a038a', '1aeb6ea7-a58e-4835-8bbe-5f3fbceeca85', 'refresh', '{}', '122.172.84.252', 'Mozilla/5.0 (X11; Linux x86_64) AppleWebKit/537.36 (KHTML, like Gecko) Chrome/147.0.0.0 Safari/537.36', '2026-05-11 06:22:39.868721+00', '00000000-0000-0000-0000-000000000001'),
	('cd2a1ad9-540f-491e-b1d2-60d5954c5c3b', '1aeb6ea7-a58e-4835-8bbe-5f3fbceeca85', 'refresh_theft_detected', '{}', '122.172.84.252', 'Mozilla/5.0 (X11; Linux x86_64) AppleWebKit/537.36 (KHTML, like Gecko) Chrome/147.0.0.0 Safari/537.36', '2026-05-11 06:22:56.243262+00', NULL),
	('026247be-8fe1-445c-9073-bf9b06bb091c', '2ef86968-1402-48ff-97ea-a5071588e1bd', 'refresh', '{}', '122.172.84.252', 'Mozilla/5.0 (iPhone; CPU iPhone OS 18_5 like Mac OS X) AppleWebKit/605.1.15 (KHTML, like Gecko) Version/18.5 Mobile/15E148 Safari/604.1', '2026-05-11 06:41:50.770764+00', '00000000-0000-0000-0000-000000000001'),
	('541472b4-4f54-42a8-9770-bf0adbf12e6b', '2ef86968-1402-48ff-97ea-a5071588e1bd', 'refresh', '{}', '122.172.84.252', 'Mozilla/5.0 (iPhone; CPU iPhone OS 18_5 like Mac OS X) AppleWebKit/605.1.15 (KHTML, like Gecko) Version/18.5 Mobile/15E148 Safari/604.1', '2026-05-11 06:41:54.191578+00', '00000000-0000-0000-0000-000000000001'),
	('d52afa49-db22-4893-9141-de6312d5f23a', '2ef86968-1402-48ff-97ea-a5071588e1bd', 'login', '{}', '122.172.84.252', 'Mozilla/5.0 (Windows NT 10.0; Win64; x64) AppleWebKit/537.36 (KHTML, like Gecko) Chrome/147.0.0.0 Safari/537.36', '2026-05-11 06:49:45.31544+00', '00000000-0000-0000-0000-000000000001'),
	('e8fdb16a-ec4a-41d8-a1cd-d93abd4f5825', 'b1bee75f-c520-4eb2-869b-86dcc71d6a52', 'signup_member', '{"role": "learner", "email_sent": true}', '122.172.84.252', 'Mozilla/5.0 (X11; Linux x86_64) AppleWebKit/537.36 (KHTML, like Gecko) Chrome/147.0.0.0 Safari/537.36', '2026-05-11 06:53:37.858537+00', '00000000-0000-0000-0000-000000000001'),
	('a0e9721f-b646-4419-bd76-1ef1250e41c0', 'a503ac73-67c9-4740-b8ca-76a2352e9e82', 'refresh', '{}', '2a09:bac5:3b2e:eaa::176:86', 'Mozilla/5.0 (Windows NT 10.0; Win64; x64) AppleWebKit/537.36 (KHTML, like Gecko) Chrome/148.0.0.0 Safari/537.36', '2026-05-11 07:03:33.691251+00', '00000000-0000-0000-0000-000000000001'),
	('71b50b4a-4e9f-4bdf-a105-0ca45abb6539', 'a503ac73-67c9-4740-b8ca-76a2352e9e82', 'refresh', '{}', '2a09:bac5:3b2e:eaa::176:86', 'Mozilla/5.0 (Windows NT 10.0; Win64; x64) AppleWebKit/537.36 (KHTML, like Gecko) Chrome/148.0.0.0 Safari/537.36', '2026-05-11 07:03:54.671524+00', '00000000-0000-0000-0000-000000000001'),
	('e9d83fde-2e04-4f93-90e9-872c1235bc0d', 'a503ac73-67c9-4740-b8ca-76a2352e9e82', 'refresh', '{}', '2a09:bac5:3b2e:eaa::176:86', 'Mozilla/5.0 (Windows NT 10.0; Win64; x64) AppleWebKit/537.36 (KHTML, like Gecko) Chrome/148.0.0.0 Safari/537.36', '2026-05-11 07:12:07.126302+00', '00000000-0000-0000-0000-000000000001'),
	('7e1be829-2ee6-429d-b7dd-7dc154ca4410', 'a503ac73-67c9-4740-b8ca-76a2352e9e82', 'refresh', '{}', '2a09:bac5:3b2e:eaa::176:86', 'Mozilla/5.0 (Windows NT 10.0; Win64; x64) AppleWebKit/537.36 (KHTML, like Gecko) Chrome/148.0.0.0 Safari/537.36', '2026-05-11 07:12:34.979105+00', '00000000-0000-0000-0000-000000000001'),
	('8a32f953-483b-4454-b1a4-151addb31791', '2ef86968-1402-48ff-97ea-a5071588e1bd', 'refresh', '{}', '122.172.84.252', 'Mozilla/5.0 (Windows NT 10.0; Win64; x64) AppleWebKit/537.36 (KHTML, like Gecko) Chrome/147.0.0.0 Safari/537.36', '2026-05-11 07:19:59.262171+00', '00000000-0000-0000-0000-000000000001'),
	('a1f0e376-5de5-4ffc-998b-7f54cb258f83', '2ef86968-1402-48ff-97ea-a5071588e1bd', 'refresh', '{}', '122.172.84.252', 'Mozilla/5.0 (Windows NT 10.0; Win64; x64) AppleWebKit/537.36 (KHTML, like Gecko) Chrome/147.0.0.0 Safari/537.36', '2026-05-11 07:20:02.982097+00', '00000000-0000-0000-0000-000000000001'),
	('01225625-f3f7-4c8e-94fa-971ef2821e75', 'a503ac73-67c9-4740-b8ca-76a2352e9e82', 'refresh', '{}', '2a09:bac1:36c0:ba8::176:86', 'Mozilla/5.0 (Windows NT 10.0; Win64; x64) AppleWebKit/537.36 (KHTML, like Gecko) Chrome/148.0.0.0 Safari/537.36', '2026-05-11 07:20:20.274363+00', '00000000-0000-0000-0000-000000000001'),
	('f9279772-2454-44e3-bc8e-e7ef72b4c4b3', 'a503ac73-67c9-4740-b8ca-76a2352e9e82', 'refresh', '{}', '2a09:bac1:36c0:ba8::176:86', 'Mozilla/5.0 (Windows NT 10.0; Win64; x64) AppleWebKit/537.36 (KHTML, like Gecko) Chrome/148.0.0.0 Safari/537.36', '2026-05-11 07:20:28.555655+00', '00000000-0000-0000-0000-000000000001'),
	('e0f6c568-6e41-49fc-9e2d-f926c32a214d', 'ab8c5cf5-5faa-49ff-abdd-e73595a0125e', 'refresh', '{}', '2a09:bac1:36e0:ba8::176:86', 'Mozilla/5.0 (Windows NT 10.0; Win64; x64) AppleWebKit/537.36 (KHTML, like Gecko) Chrome/148.0.0.0 Safari/537.36', '2026-05-11 04:53:35.745343+00', '00000000-0000-0000-0000-000000000001'),
	('dc7f0aee-067d-404b-be00-2b7be8464d79', 'ab8c5cf5-5faa-49ff-abdd-e73595a0125e', 'refresh', '{}', '2a09:bac1:36e0:ba8::176:86', 'Mozilla/5.0 (Windows NT 10.0; Win64; x64) AppleWebKit/537.36 (KHTML, like Gecko) Chrome/148.0.0.0 Safari/537.36', '2026-05-11 04:54:05.319192+00', '00000000-0000-0000-0000-000000000001'),
	('8232a8f9-8116-4b59-b1dc-fffa4c5058b0', NULL, 'refresh', '{}', '122.172.80.229', 'Mozilla/5.0 (X11; Linux x86_64) AppleWebKit/537.36 (KHTML, like Gecko) Chrome/147.0.0.0 Safari/537.36', '2026-05-09 05:50:17.482655+00', '00000000-0000-0000-0000-000000000001'),
	('bef102fe-8b26-473b-b58f-0398236ae8f8', NULL, 'refresh', '{}', '122.172.80.229', 'Mozilla/5.0 (X11; Linux x86_64) AppleWebKit/537.36 (KHTML, like Gecko) Chrome/147.0.0.0 Safari/537.36', '2026-05-09 05:50:20.399854+00', '00000000-0000-0000-0000-000000000001'),
	('994c5700-c045-42c2-9e21-595082663cfe', 'ab8c5cf5-5faa-49ff-abdd-e73595a0125e', 'refresh', '{}', '2a09:bac1:36e0:ba8::176:86', 'Mozilla/5.0 (Windows NT 10.0; Win64; x64) AppleWebKit/537.36 (KHTML, like Gecko) Chrome/148.0.0.0 Safari/537.36', '2026-05-11 04:54:29.563778+00', '00000000-0000-0000-0000-000000000001'),
	('724788d3-a21a-4b8a-998f-f4a31b92745a', 'ab8c5cf5-5faa-49ff-abdd-e73595a0125e', 'login', '{}', '2a09:bac1:36e0:ba8::176:86', 'Mozilla/5.0 (Windows NT 10.0; Win64; x64) AppleWebKit/537.36 (KHTML, like Gecko) Chrome/148.0.0.0 Safari/537.36', '2026-05-11 04:54:58.642001+00', '00000000-0000-0000-0000-000000000001'),
	('a2f62add-1526-4b5e-8188-b13abb890f95', NULL, 'signup_member', '{"role": "learner", "email_sent": true}', '2a09:bac5:3b2a:eaa::176:86', 'Mozilla/5.0 (Windows NT 10.0; Win64; x64) AppleWebKit/537.36 (KHTML, like Gecko) Chrome/148.0.0.0 Safari/537.36', '2026-05-11 05:09:07.850212+00', '00000000-0000-0000-0000-000000000001'),
	('65f2e9e9-87db-492c-9333-18e7565cb9e7', '62b27d7a-4910-41a0-a542-229497b74042', 'signup_member', '{"role": "learner", "email_sent": true}', '2a09:bac5:3b2f:eaa::176:86', 'Mozilla/5.0 (Windows NT 10.0; Win64; x64) AppleWebKit/537.36 (KHTML, like Gecko) Chrome/148.0.0.0 Safari/537.36', '2026-05-11 05:46:34.481881+00', '00000000-0000-0000-0000-000000000001'),
	('8f4498c7-3700-405e-b084-2b4f8f01d548', 'fad0e9e3-448a-4752-83a0-feb7f9588fdf', 'refresh', '{}', '122.172.84.252', 'Mozilla/5.0 (X11; Linux x86_64) AppleWebKit/537.36 (KHTML, like Gecko) Chrome/147.0.0.0 Safari/537.36', '2026-05-11 05:46:35.617021+00', '00000000-0000-0000-0000-000000000001'),
	('5b759a0d-f6e7-4262-a6f5-e1ca04dc9df8', '62b27d7a-4910-41a0-a542-229497b74042', 'refresh', '{}', '2a09:bac5:3b2f:eaa::176:86', 'Mozilla/5.0 (Windows NT 10.0; Win64; x64) AppleWebKit/537.36 (KHTML, like Gecko) Chrome/148.0.0.0 Safari/537.36', '2026-05-11 05:46:37.986339+00', '00000000-0000-0000-0000-000000000001'),
	('925cf30e-62b5-4e48-9c1f-8d192a1b9c27', '62b27d7a-4910-41a0-a542-229497b74042', 'refresh', '{}', '2a09:bac5:3b2f:eaa::176:86', 'Mozilla/5.0 (Windows NT 10.0; Win64; x64) AppleWebKit/537.36 (KHTML, like Gecko) Chrome/148.0.0.0 Safari/537.36', '2026-05-11 05:46:48.550568+00', '00000000-0000-0000-0000-000000000001'),
	('b2c18ce3-abed-4375-a469-e6e4e9ea05ec', 'dee2c600-cacf-4cd7-839c-72761e0c6d44', 'signup_member', '{"role": "learner", "email_sent": true}', '2a09:bac5:3b2f:eaa::176:86', 'Mozilla/5.0 (Windows NT 10.0; Win64; x64) AppleWebKit/537.36 (KHTML, like Gecko) Chrome/148.0.0.0 Safari/537.36', '2026-05-11 05:47:17.260568+00', '00000000-0000-0000-0000-000000000001'),
	('dcbc5edd-9189-48e9-9893-58779ef17834', 'ee3904fc-9943-4ca4-a0cf-06f9653bdfed', 'refresh', '{}', '122.172.84.252', 'Mozilla/5.0 (X11; Linux x86_64) AppleWebKit/537.36 (KHTML, like Gecko) Chrome/147.0.0.0 Safari/537.36', '2026-05-11 05:47:19.947205+00', '00000000-0000-0000-0000-000000000001'),
	('e1231248-d04a-4485-b82f-8b645427c138', '2dc576b6-505e-481c-82bf-dfda564b34a5', 'login', '{}', '122.172.84.252', 'Mozilla/5.0 (Windows NT 10.0; Win64; x64) AppleWebKit/537.36 (KHTML, like Gecko) Chrome/147.0.0.0 Safari/537.36', '2026-05-11 05:56:50.230527+00', '00000000-0000-0000-0000-000000000001'),
	('6ae6c345-1897-4244-8815-c59928c0046e', '2dc576b6-505e-481c-82bf-dfda564b34a5', 'refresh', '{}', '122.172.84.252', 'Mozilla/5.0 (Windows NT 10.0; Win64; x64) AppleWebKit/537.36 (KHTML, like Gecko) Chrome/147.0.0.0 Safari/537.36', '2026-05-11 05:56:52.804539+00', '00000000-0000-0000-0000-000000000001'),
	('197677cf-6077-463b-ac93-2cc37501e6ac', '2dc576b6-505e-481c-82bf-dfda564b34a5', 'refresh', '{}', '122.172.84.252', 'Mozilla/5.0 (Windows NT 10.0; Win64; x64) AppleWebKit/537.36 (KHTML, like Gecko) Chrome/147.0.0.0 Safari/537.36', '2026-05-11 05:57:07.217703+00', '00000000-0000-0000-0000-000000000001'),
	('90a42035-42dc-43c7-9df1-c5406c7c493a', '2dc576b6-505e-481c-82bf-dfda564b34a5', 'refresh', '{}', '122.172.84.252', 'Mozilla/5.0 (Windows NT 10.0; Win64; x64) AppleWebKit/537.36 (KHTML, like Gecko) Chrome/147.0.0.0 Safari/537.36', '2026-05-11 05:57:08.821939+00', '00000000-0000-0000-0000-000000000001'),
	('0d7be457-11f0-4238-acc7-b7ce0eaed08c', '2dc576b6-505e-481c-82bf-dfda564b34a5', 'refresh', '{}', '122.172.84.252', 'Mozilla/5.0 (Windows NT 10.0; Win64; x64) AppleWebKit/537.36 (KHTML, like Gecko) Chrome/147.0.0.0 Safari/537.36', '2026-05-11 05:57:35.837592+00', '00000000-0000-0000-0000-000000000001'),
	('5b82929c-d59d-4089-8a2b-92f376bfcb68', '2dc576b6-505e-481c-82bf-dfda564b34a5', 'refresh', '{}', '122.172.84.252', 'Mozilla/5.0 (Windows NT 10.0; Win64; x64) AppleWebKit/537.36 (KHTML, like Gecko) Chrome/147.0.0.0 Safari/537.36', '2026-05-11 06:05:10.763215+00', '00000000-0000-0000-0000-000000000001'),
	('65d8bd31-932f-47ec-a7ea-7bd2abb48856', 'd820fe29-9bbc-4af3-859f-5f207abd22d5', 'signup_member', '{"role": "learner", "email_sent": true}', '2a09:bac5:3b2e:eaa::176:86', 'Mozilla/5.0 (Windows NT 10.0; Win64; x64) AppleWebKit/537.36 (KHTML, like Gecko) Chrome/148.0.0.0 Safari/537.36', '2026-05-11 06:16:47.074781+00', '00000000-0000-0000-0000-000000000001'),
	('562707cc-d368-4b6a-88e9-5f9e95f58e25', '1aeb6ea7-a58e-4835-8bbe-5f3fbceeca85', 'refresh_theft_detected', '{}', '122.172.84.252', 'Mozilla/5.0 (X11; Linux x86_64) AppleWebKit/537.36 (KHTML, like Gecko) Chrome/147.0.0.0 Safari/537.36', '2026-05-11 06:22:41.102265+00', NULL),
	('8075919e-4490-4d2d-a301-dd11cd7b4018', '2ef86968-1402-48ff-97ea-a5071588e1bd', 'refresh', '{}', '122.172.84.252', 'Mozilla/5.0 (iPhone; CPU iPhone OS 18_5 like Mac OS X) AppleWebKit/605.1.15 (KHTML, like Gecko) Version/18.5 Mobile/15E148 Safari/604.1', '2026-05-11 06:43:05.340649+00', '00000000-0000-0000-0000-000000000001'),
	('b2c1a6f6-81fe-4b38-bd1c-2b8db4dd849b', 'a503ac73-67c9-4740-b8ca-76a2352e9e82', 'refresh', '{}', '2a09:bac5:3b2d:eaa::176:86', 'Mozilla/5.0 (Windows NT 10.0; Win64; x64) AppleWebKit/537.36 (KHTML, like Gecko) Chrome/148.0.0.0 Safari/537.36', '2026-05-11 06:50:03.001602+00', '00000000-0000-0000-0000-000000000001'),
	('eb18144b-8544-4baa-9945-69bce449853c', 'a503ac73-67c9-4740-b8ca-76a2352e9e82', 'refresh', '{}', '2a09:bac1:36e0:ba8::176:86', 'Mozilla/5.0 (Windows NT 10.0; Win64; x64) AppleWebKit/537.36 (KHTML, like Gecko) Chrome/148.0.0.0 Safari/537.36', '2026-05-11 06:57:46.550248+00', '00000000-0000-0000-0000-000000000001'),
	('3442a962-06e4-4b98-a668-3eff635a8d44', 'a503ac73-67c9-4740-b8ca-76a2352e9e82', 'refresh', '{}', '2a09:bac5:3b2e:eaa::176:86', 'Mozilla/5.0 (Windows NT 10.0; Win64; x64) AppleWebKit/537.36 (KHTML, like Gecko) Chrome/148.0.0.0 Safari/537.36', '2026-05-11 07:03:38.578078+00', '00000000-0000-0000-0000-000000000001'),
	('be9e7374-5af1-4ea1-aa16-4bf0731fd192', 'a503ac73-67c9-4740-b8ca-76a2352e9e82', 'refresh', '{}', '2a09:bac1:36c0:ba8::176:86', 'Mozilla/5.0 (Windows NT 10.0; Win64; x64) AppleWebKit/537.36 (KHTML, like Gecko) Chrome/148.0.0.0 Safari/537.36', '2026-05-11 07:14:55.818972+00', '00000000-0000-0000-0000-000000000001'),
	('db029b8b-e36a-4fd8-8cc4-97f38fd20685', 'a503ac73-67c9-4740-b8ca-76a2352e9e82', 'refresh', '{}', '2a09:bac5:3b28:eaa::176:86', 'Mozilla/5.0 (Windows NT 10.0; Win64; x64) AppleWebKit/537.36 (KHTML, like Gecko) Chrome/148.0.0.0 Safari/537.36', '2026-05-11 07:21:31.404578+00', '00000000-0000-0000-0000-000000000001'),
	('87c456c7-7c67-4885-870b-99988b408fb3', '2ef86968-1402-48ff-97ea-a5071588e1bd', 'refresh', '{}', '122.172.84.252', 'Mozilla/5.0 (Windows NT 10.0; Win64; x64) AppleWebKit/537.36 (KHTML, like Gecko) Chrome/147.0.0.0 Safari/537.36', '2026-05-11 07:36:03.36986+00', '00000000-0000-0000-0000-000000000001'),
	('a2356836-e3ba-493c-83c5-203be8b95e73', 'cf59c3ab-cf9f-4687-a880-d98e21c0d70c', 'logout', '{}', '2a09:bac5:3b2e:eaa::176:86', 'Mozilla/5.0 (Windows NT 10.0; Win64; x64) AppleWebKit/537.36 (KHTML, like Gecko) Chrome/148.0.0.0 Safari/537.36', '2026-05-11 07:39:40.411467+00', '00000000-0000-0000-0000-000000000001'),
	('441bfa6c-2947-4fec-8455-d51872f3d1a1', '2ef86968-1402-48ff-97ea-a5071588e1bd', 'refresh', '{}', '122.172.84.252', 'Mozilla/5.0 (iPhone; CPU iPhone OS 18_5 like Mac OS X) AppleWebKit/605.1.15 (KHTML, like Gecko) Version/18.5 Mobile/15E148 Safari/604.1', '2026-05-11 07:51:23.799811+00', '00000000-0000-0000-0000-000000000001'),
	('d3435154-f821-464f-8210-c92fdaee5bb7', '2ef86968-1402-48ff-97ea-a5071588e1bd', 'refresh', '{}', '122.172.84.252', 'Mozilla/5.0 (iPhone; CPU iPhone OS 18_5 like Mac OS X) AppleWebKit/605.1.15 (KHTML, like Gecko) Version/18.5 Mobile/15E148 Safari/604.1', '2026-05-11 07:51:30.849533+00', '00000000-0000-0000-0000-000000000001'),
	('5d0bb441-da3a-4d17-9293-e535a81e137a', '2ef86968-1402-48ff-97ea-a5071588e1bd', 'refresh', '{}', '122.172.84.252', 'Mozilla/5.0 (iPhone; CPU iPhone OS 18_5 like Mac OS X) AppleWebKit/605.1.15 (KHTML, like Gecko) Version/18.5 Mobile/15E148 Safari/604.1', '2026-05-11 07:51:38.165422+00', '00000000-0000-0000-0000-000000000001'),
	('0cf3bae8-78d3-4b14-acc2-8a1063103f55', '2dc576b6-505e-481c-82bf-dfda564b34a5', 'refresh', '{}', '122.172.84.252', 'Mozilla/5.0 (Windows NT 10.0; Win64; x64) AppleWebKit/537.36 (KHTML, like Gecko) Chrome/147.0.0.0 Safari/537.36', '2026-05-11 04:55:44.457776+00', '00000000-0000-0000-0000-000000000001'),
	('8a6b8efc-79ca-4f3c-8ce9-0994c7808711', 'ab8c5cf5-5faa-49ff-abdd-e73595a0125e', 'refresh', '{}', '2a09:bac5:3b28:eaa::176:86', 'Mozilla/5.0 (Windows NT 10.0; Win64; x64) AppleWebKit/537.36 (KHTML, like Gecko) Chrome/148.0.0.0 Safari/537.36', '2026-05-11 04:56:30.688874+00', '00000000-0000-0000-0000-000000000001'),
	('0a6d1fcc-e4eb-4c18-951d-a56f8dbbadc6', 'ab8c5cf5-5faa-49ff-abdd-e73595a0125e', 'refresh', '{}', '2a09:bac5:3b28:eaa::176:86', 'Mozilla/5.0 (Windows NT 10.0; Win64; x64) AppleWebKit/537.36 (KHTML, like Gecko) Chrome/148.0.0.0 Safari/537.36', '2026-05-11 04:56:33.483739+00', '00000000-0000-0000-0000-000000000001'),
	('0eba1def-0fc3-43ea-97ce-ab2dca984f21', '2dc576b6-505e-481c-82bf-dfda564b34a5', 'refresh', '{}', '122.172.84.252', 'Mozilla/5.0 (Windows NT 10.0; Win64; x64) AppleWebKit/537.36 (KHTML, like Gecko) Chrome/147.0.0.0 Safari/537.36', '2026-05-11 04:56:42.988388+00', '00000000-0000-0000-0000-000000000001'),
	('f0fc8e2e-d4d4-4bb8-a672-82b913d19a7b', 'ab8c5cf5-5faa-49ff-abdd-e73595a0125e', 'refresh', '{}', '2a09:bac5:3b28:eaa::176:86', 'Mozilla/5.0 (Windows NT 10.0; Win64; x64) AppleWebKit/537.36 (KHTML, like Gecko) Chrome/148.0.0.0 Safari/537.36', '2026-05-11 04:56:44.635201+00', '00000000-0000-0000-0000-000000000001'),
	('028e1cb4-97e8-416f-b02c-35de68804f81', 'ab8c5cf5-5faa-49ff-abdd-e73595a0125e', 'refresh', '{}', '2a09:bac5:3b28:eaa::176:86', 'Mozilla/5.0 (Windows NT 10.0; Win64; x64) AppleWebKit/537.36 (KHTML, like Gecko) Chrome/148.0.0.0 Safari/537.36', '2026-05-11 04:56:45.954675+00', '00000000-0000-0000-0000-000000000001'),
	('93eaf6a5-84fd-4b28-a850-68f303218662', 'a8a82dc8-86c0-4275-85dc-b36aec856220', 'signup_member', '{"role": "learner", "email_sent": true}', '2a09:bac1:36e0:ba8::176:86', 'Mozilla/5.0 (Windows NT 10.0; Win64; x64) AppleWebKit/537.36 (KHTML, like Gecko) Chrome/148.0.0.0 Safari/537.36', '2026-05-11 05:14:25.773713+00', '00000000-0000-0000-0000-000000000001'),
	('8a55b20e-38b7-4ab4-835a-8fdfdc67c943', 'ee3904fc-9943-4ca4-a0cf-06f9653bdfed', 'signup_member', '{"role": "learner", "email_sent": true}', '122.172.84.252', 'Mozilla/5.0 (X11; Linux x86_64) AppleWebKit/537.36 (KHTML, like Gecko) Chrome/147.0.0.0 Safari/537.36', '2026-05-11 05:47:13.086188+00', '00000000-0000-0000-0000-000000000001'),
	('61a52116-63b3-4bcf-b538-2c83de6d7def', 'ee3904fc-9943-4ca4-a0cf-06f9653bdfed', 'refresh', '{}', '122.172.84.252', 'Mozilla/5.0 (X11; Linux x86_64) AppleWebKit/537.36 (KHTML, like Gecko) Chrome/147.0.0.0 Safari/537.36', '2026-05-11 05:47:15.590384+00', '00000000-0000-0000-0000-000000000001'),
	('e5efb602-0a7b-4c0d-a758-bba50395f230', 'dee2c600-cacf-4cd7-839c-72761e0c6d44', 'refresh', '{}', '2a09:bac5:3b2f:eaa::176:86', 'Mozilla/5.0 (Windows NT 10.0; Win64; x64) AppleWebKit/537.36 (KHTML, like Gecko) Chrome/148.0.0.0 Safari/537.36', '2026-05-11 05:47:19.718542+00', '00000000-0000-0000-0000-000000000001'),
	('16b8dbb6-ac45-4fbc-a613-ecd5a49be993', 'dee2c600-cacf-4cd7-839c-72761e0c6d44', 'refresh', '{}', '2a09:bac5:3b2f:eaa::176:86', 'Mozilla/5.0 (Windows NT 10.0; Win64; x64) AppleWebKit/537.36 (KHTML, like Gecko) Chrome/148.0.0.0 Safari/537.36', '2026-05-11 05:47:24.209216+00', '00000000-0000-0000-0000-000000000001'),
	('3fe5aae4-dfd0-4a90-85a7-88cebd7c0136', 'ee3904fc-9943-4ca4-a0cf-06f9653bdfed', 'refresh', '{}', '122.172.84.252', 'Mozilla/5.0 (X11; Linux x86_64) AppleWebKit/537.36 (KHTML, like Gecko) Chrome/147.0.0.0 Safari/537.36', '2026-05-11 05:47:41.391444+00', '00000000-0000-0000-0000-000000000001'),
	('6bd00e0e-b763-4d8d-a30a-f347a22c72b8', 'ee3904fc-9943-4ca4-a0cf-06f9653bdfed', 'refresh', '{}', '122.172.84.252', 'Mozilla/5.0 (X11; Linux x86_64) AppleWebKit/537.36 (KHTML, like Gecko) Chrome/147.0.0.0 Safari/537.36', '2026-05-11 05:47:42.758261+00', '00000000-0000-0000-0000-000000000001'),
	('45920568-e988-4545-971a-defe8ea0fb6b', 'dee2c600-cacf-4cd7-839c-72761e0c6d44', 'refresh', '{}', '2a09:bac5:3b28:eaa::176:86', 'Mozilla/5.0 (Windows NT 10.0; Win64; x64) AppleWebKit/537.36 (KHTML, like Gecko) Chrome/148.0.0.0 Safari/537.36', '2026-05-11 05:58:49.972596+00', '00000000-0000-0000-0000-000000000001'),
	('fe264790-8832-46c8-95fa-33d01cdf7998', '09c54dff-5bdb-49ef-a25c-ea500cd6ef78', 'refresh', '{}', '122.172.84.252', 'Mozilla/5.0 (X11; Linux x86_64) AppleWebKit/537.36 (KHTML, like Gecko) Chrome/147.0.0.0 Safari/537.36', '2026-05-11 06:05:42.296446+00', '00000000-0000-0000-0000-000000000001'),
	('e5f1206b-4c3d-46b3-8fdf-2afff97979ed', '09c54dff-5bdb-49ef-a25c-ea500cd6ef78', 'refresh', '{}', '122.172.84.252', 'Mozilla/5.0 (X11; Linux x86_64) AppleWebKit/537.36 (KHTML, like Gecko) Chrome/147.0.0.0 Safari/537.36', '2026-05-11 06:05:43.971119+00', '00000000-0000-0000-0000-000000000001'),
	('b922d40c-04e9-47fd-ac99-d754b221f913', '2ef86968-1402-48ff-97ea-a5071588e1bd', 'signup_member', '{"role": "learner", "email_sent": true}', '122.172.84.252', 'Mozilla/5.0 (Windows NT 10.0; Win64; x64) AppleWebKit/537.36 (KHTML, like Gecko) Chrome/147.0.0.0 Safari/537.36', '2026-05-11 06:18:40.021147+00', '00000000-0000-0000-0000-000000000001'),
	('ebc68f8c-89df-44b9-b01b-e2af54f90f0d', 'c209b2e1-da19-4d62-83bc-4d1db3b35b8c', 'signup_member', '{"role": "learner", "email_sent": true}', '122.172.84.252', 'Mozilla/5.0 (X11; Linux x86_64) AppleWebKit/537.36 (KHTML, like Gecko) Chrome/147.0.0.0 Safari/537.36', '2026-05-11 06:23:58.723742+00', '00000000-0000-0000-0000-000000000001'),
	('ede9e84f-981d-41b2-8fac-33defbe9cc6e', 'dee2c600-cacf-4cd7-839c-72761e0c6d44', 'refresh', '{}', '2a09:bac5:3b28:eaa::176:86', 'Mozilla/5.0 (Windows NT 10.0; Win64; x64) AppleWebKit/537.36 (KHTML, like Gecko) Chrome/148.0.0.0 Safari/537.36', '2026-05-11 06:44:25.565861+00', '00000000-0000-0000-0000-000000000001'),
	('102effd6-7343-4422-bb99-a52fc3e242c5', 'a503ac73-67c9-4740-b8ca-76a2352e9e82', 'refresh', '{}', '2a09:bac5:3b2f:eaa::176:86', 'Mozilla/5.0 (Windows NT 10.0; Win64; x64) AppleWebKit/537.36 (KHTML, like Gecko) Chrome/148.0.0.0 Safari/537.36', '2026-05-11 06:50:37.230638+00', '00000000-0000-0000-0000-000000000001'),
	('4f032d10-a93a-47e8-93d2-cd6d33c7cf79', 'a503ac73-67c9-4740-b8ca-76a2352e9e82', 'refresh', '{}', '2a09:bac5:3b2f:eaa::176:86', 'Mozilla/5.0 (Windows NT 10.0; Win64; x64) AppleWebKit/537.36 (KHTML, like Gecko) Chrome/148.0.0.0 Safari/537.36', '2026-05-11 06:50:38.815021+00', '00000000-0000-0000-0000-000000000001'),
	('8523a00c-f22a-4011-bbd7-37b55ca0c953', '2ef86968-1402-48ff-97ea-a5071588e1bd', 'refresh', '{}', '122.172.84.252', 'Mozilla/5.0 (Windows NT 10.0; Win64; x64) AppleWebKit/537.36 (KHTML, like Gecko) Chrome/147.0.0.0 Safari/537.36', '2026-05-11 06:50:59.241216+00', '00000000-0000-0000-0000-000000000001'),
	('5a1b3586-e7aa-4e18-aba3-fcb0bc112098', '2ef86968-1402-48ff-97ea-a5071588e1bd', 'refresh', '{}', '122.172.84.252', 'Mozilla/5.0 (Windows NT 10.0; Win64; x64) AppleWebKit/537.36 (KHTML, like Gecko) Chrome/147.0.0.0 Safari/537.36', '2026-05-11 06:51:09.748007+00', '00000000-0000-0000-0000-000000000001'),
	('65b976e6-2aa0-4989-b69a-b3caaed015a3', 'a503ac73-67c9-4740-b8ca-76a2352e9e82', 'refresh', '{}', '2a09:bac5:3b2f:eaa::176:86', 'Mozilla/5.0 (Windows NT 10.0; Win64; x64) AppleWebKit/537.36 (KHTML, like Gecko) Chrome/148.0.0.0 Safari/537.36', '2026-05-11 07:00:48.739302+00', '00000000-0000-0000-0000-000000000001'),
	('2cecc40a-1f12-4a26-ab88-d5d945ed40d4', 'a503ac73-67c9-4740-b8ca-76a2352e9e82', 'refresh', '{}', '2a09:bac5:3b2e:eaa::176:86', 'Mozilla/5.0 (Windows NT 10.0; Win64; x64) AppleWebKit/537.36 (KHTML, like Gecko) Chrome/148.0.0.0 Safari/537.36', '2026-05-11 07:04:25.910414+00', '00000000-0000-0000-0000-000000000001'),
	('5ecc1085-0b84-4532-b6b3-756128bdae6a', 'a503ac73-67c9-4740-b8ca-76a2352e9e82', 'refresh', '{}', '2a09:bac1:36c0:ba8::176:86', 'Mozilla/5.0 (Windows NT 10.0; Win64; x64) AppleWebKit/537.36 (KHTML, like Gecko) Chrome/148.0.0.0 Safari/537.36', '2026-05-11 07:14:57.986543+00', '00000000-0000-0000-0000-000000000001'),
	('ccd30f8e-133e-4b63-9cf8-14e8f3512536', '2ef86968-1402-48ff-97ea-a5071588e1bd', 'refresh', '{}', '122.172.84.252', 'Mozilla/5.0 (iPhone; CPU iPhone OS 18_5 like Mac OS X) AppleWebKit/605.1.15 (KHTML, like Gecko) Version/18.5 Mobile/15E148 Safari/604.1', '2026-05-11 07:25:21.228785+00', '00000000-0000-0000-0000-000000000001'),
	('12937e40-2814-4010-9494-094de66c9d96', '2ef86968-1402-48ff-97ea-a5071588e1bd', 'refresh', '{}', '122.172.84.252', 'Mozilla/5.0 (Windows NT 10.0; Win64; x64) AppleWebKit/537.36 (KHTML, like Gecko) Chrome/147.0.0.0 Safari/537.36', '2026-05-11 07:36:04.688625+00', '00000000-0000-0000-0000-000000000001'),
	('9349ece0-e05b-4720-8304-e9073a874ed5', '2ef86968-1402-48ff-97ea-a5071588e1bd', 'refresh', '{}', '122.172.84.252', 'Mozilla/5.0 (Windows NT 10.0; Win64; x64) AppleWebKit/537.36 (KHTML, like Gecko) Chrome/147.0.0.0 Safari/537.36', '2026-05-11 07:36:13.171373+00', '00000000-0000-0000-0000-000000000001'),
	('ea1bff51-db0b-419c-980b-9978441bc70d', 'cfec91e4-ef32-4189-9bc4-66eb6e82a0a6', 'signup_member', '{"role": "learner", "email_sent": true}', '2a09:bac5:3b2b:eaa::176:86', 'Mozilla/5.0 (Windows NT 10.0; Win64; x64) AppleWebKit/537.36 (KHTML, like Gecko) Chrome/148.0.0.0 Safari/537.36', '2026-05-11 07:40:28.686054+00', '00000000-0000-0000-0000-000000000001'),
	('0a8e515b-e234-499a-8a09-71eb4a78c3d9', 'cfec91e4-ef32-4189-9bc4-66eb6e82a0a6', 'refresh', '{}', '2a09:bac5:3b28:eaa::176:86', 'Mozilla/5.0 (Windows NT 10.0; Win64; x64) AppleWebKit/537.36 (KHTML, like Gecko) Chrome/148.0.0.0 Safari/537.36', '2026-05-11 07:57:21.463749+00', '00000000-0000-0000-0000-000000000001'),
	('c218c1c0-e8a5-48c4-a895-de971a6dcc1f', 'be94ff27-b89a-4216-9a0e-92fd773d2f65', 'refresh', '{}', '2a09:bac5:3b29:eaa::176:86', 'Mozilla/5.0 (Windows NT 10.0; Win64; x64) AppleWebKit/537.36 (KHTML, like Gecko) Chrome/148.0.0.0 Safari/537.36', '2026-05-11 08:24:42.443018+00', '00000000-0000-0000-0000-000000000001'),
	('657b9200-255d-4235-b1b4-f040c602d9e4', 'be94ff27-b89a-4216-9a0e-92fd773d2f65', 'refresh', '{}', '2a09:bac5:3b28:eaa::176:86', 'Mozilla/5.0 (Windows NT 10.0; Win64; x64) AppleWebKit/537.36 (KHTML, like Gecko) Chrome/148.0.0.0 Safari/537.36', '2026-05-11 09:09:18.035023+00', '00000000-0000-0000-0000-000000000001'),
	('64f02716-7615-440b-be04-541bea684ca2', NULL, 'refresh', '{}', '122.172.80.229', 'Mozilla/5.0 (X11; Linux x86_64) AppleWebKit/537.36 (KHTML, like Gecko) Chrome/147.0.0.0 Safari/537.36', '2026-05-08 11:49:30.785343+00', '00000000-0000-0000-0000-000000000001'),
	('774c05fe-7b0e-4e20-ad1d-86ddda2628af', 'ab8c5cf5-5faa-49ff-abdd-e73595a0125e', 'refresh', '{}', '2a09:bac5:3b29:eaa::176:86', 'Mozilla/5.0 (Windows NT 10.0; Win64; x64) AppleWebKit/537.36 (KHTML, like Gecko) Chrome/148.0.0.0 Safari/537.36', '2026-05-11 04:55:47.807207+00', '00000000-0000-0000-0000-000000000001'),
	('c2b9d8db-0d71-4231-9fcc-8b0ceb2f104e', '2dc576b6-505e-481c-82bf-dfda564b34a5', 'refresh', '{}', '122.172.84.252', 'Mozilla/5.0 (Windows NT 10.0; Win64; x64) AppleWebKit/537.36 (KHTML, like Gecko) Chrome/147.0.0.0 Safari/537.36', '2026-05-11 04:56:10.114177+00', '00000000-0000-0000-0000-000000000001'),
	('0ff41099-c18b-41bb-b82c-c5ec20de5db8', 'a8a82dc8-86c0-4275-85dc-b36aec856220', 'refresh', '{}', '2a09:bac5:3b2e:eaa::176:86', 'Mozilla/5.0 (Windows NT 10.0; Win64; x64) AppleWebKit/537.36 (KHTML, like Gecko) Chrome/148.0.0.0 Safari/537.36', '2026-05-11 05:14:42.579791+00', '00000000-0000-0000-0000-000000000001'),
	('d0097f55-be90-4c43-ba28-4fc6250691dc', 'dee2c600-cacf-4cd7-839c-72761e0c6d44', 'refresh', '{}', '2a09:bac1:36c0:ba8::176:86', 'Mozilla/5.0 (Windows NT 10.0; Win64; x64) AppleWebKit/537.36 (KHTML, like Gecko) Chrome/148.0.0.0 Safari/537.36', '2026-05-11 05:51:10.796191+00', '00000000-0000-0000-0000-000000000001'),
	('acdf1f4d-d3e9-4c04-9d76-526330c88c87', 'dee2c600-cacf-4cd7-839c-72761e0c6d44', 'refresh', '{}', '2a09:bac5:3b28:eaa::176:86', 'Mozilla/5.0 (Windows NT 10.0; Win64; x64) AppleWebKit/537.36 (KHTML, like Gecko) Chrome/148.0.0.0 Safari/537.36', '2026-05-11 05:58:52.948683+00', '00000000-0000-0000-0000-000000000001'),
	('c0d0e479-0e26-446a-8164-26af28a8eec0', 'dee2c600-cacf-4cd7-839c-72761e0c6d44', 'refresh', '{}', '2a09:bac5:3b28:eaa::176:86', 'Mozilla/5.0 (Windows NT 10.0; Win64; x64) AppleWebKit/537.36 (KHTML, like Gecko) Chrome/148.0.0.0 Safari/537.36', '2026-05-11 05:59:09.544938+00', '00000000-0000-0000-0000-000000000001'),
	('279e19f1-dab3-446b-bc58-e91a2327cb6a', 'dee2c600-cacf-4cd7-839c-72761e0c6d44', 'refresh', '{}', '2a09:bac5:3b28:eaa::176:86', 'Mozilla/5.0 (Windows NT 10.0; Win64; x64) AppleWebKit/537.36 (KHTML, like Gecko) Chrome/148.0.0.0 Safari/537.36', '2026-05-11 05:59:13.535902+00', '00000000-0000-0000-0000-000000000001'),
	('d79ed33b-70be-43dc-bf56-147dbcc635cc', '09c54dff-5bdb-49ef-a25c-ea500cd6ef78', 'logout', '{}', '122.172.84.252', 'Mozilla/5.0 (X11; Linux x86_64) AppleWebKit/537.36 (KHTML, like Gecko) Chrome/147.0.0.0 Safari/537.36', '2026-05-11 06:05:53.76382+00', '00000000-0000-0000-0000-000000000001'),
	('c4223614-ac51-47a1-b8f6-997c56a21f6c', 'dee2c600-cacf-4cd7-839c-72761e0c6d44', 'refresh', '{}', '2a09:bac1:36c0:ba8::176:86', 'Mozilla/5.0 (Windows NT 10.0; Win64; x64) AppleWebKit/537.36 (KHTML, like Gecko) Chrome/148.0.0.0 Safari/537.36', '2026-05-11 06:06:20.643553+00', '00000000-0000-0000-0000-000000000001'),
	('b57732ae-1376-477f-bee6-7125f55ee582', '2ef86968-1402-48ff-97ea-a5071588e1bd', 'refresh', '{}', '122.172.84.252', 'Mozilla/5.0 (Windows NT 10.0; Win64; x64) AppleWebKit/537.36 (KHTML, like Gecko) Chrome/147.0.0.0 Safari/537.36', '2026-05-11 06:18:41.94426+00', '00000000-0000-0000-0000-000000000001'),
	('54203242-3dec-415a-b60e-bd401d43be19', '2ef86968-1402-48ff-97ea-a5071588e1bd', 'refresh', '{}', '122.172.84.252', 'Mozilla/5.0 (Windows NT 10.0; Win64; x64) AppleWebKit/537.36 (KHTML, like Gecko) Chrome/147.0.0.0 Safari/537.36', '2026-05-11 06:18:47.872199+00', '00000000-0000-0000-0000-000000000001'),
	('7b69b050-528d-4798-8464-4cbcedd0cae9', '2ef86968-1402-48ff-97ea-a5071588e1bd', 'refresh', '{}', '122.172.84.252', 'Mozilla/5.0 (iPhone; CPU iPhone OS 18_5 like Mac OS X) AppleWebKit/605.1.15 (KHTML, like Gecko) Version/18.5 Mobile/15E148 Safari/604.1', '2026-05-11 06:26:40.524077+00', '00000000-0000-0000-0000-000000000001'),
	('69641d2c-0cfe-42da-82d9-8d44370720ee', '2ef86968-1402-48ff-97ea-a5071588e1bd', 'refresh', '{}', '122.172.84.252', 'Mozilla/5.0 (Windows NT 10.0; Win64; x64) AppleWebKit/537.36 (KHTML, like Gecko) Chrome/147.0.0.0 Safari/537.36', '2026-05-11 06:45:17.593106+00', '00000000-0000-0000-0000-000000000001'),
	('25d225be-aff3-4bc2-be7f-b815f1a46204', 'a503ac73-67c9-4740-b8ca-76a2352e9e82', 'refresh', '{}', '2a09:bac5:3b29:eaa::176:86', 'Mozilla/5.0 (Windows NT 10.0; Win64; x64) AppleWebKit/537.36 (KHTML, like Gecko) Chrome/148.0.0.0 Safari/537.36', '2026-05-11 06:45:47.332992+00', '00000000-0000-0000-0000-000000000001'),
	('286200c9-759f-42df-aa46-df28edb75a4f', '2ef86968-1402-48ff-97ea-a5071588e1bd', 'refresh', '{}', '122.172.84.252', 'Mozilla/5.0 (Windows NT 10.0; Win64; x64) AppleWebKit/537.36 (KHTML, like Gecko) Chrome/147.0.0.0 Safari/537.36', '2026-05-11 06:51:04.572844+00', '00000000-0000-0000-0000-000000000001'),
	('b937dd20-b663-4384-9403-16a75349b6c3', '2ef86968-1402-48ff-97ea-a5071588e1bd', 'refresh', '{}', '122.172.84.252', 'Mozilla/5.0 (iPhone; CPU iPhone OS 18_5 like Mac OS X) AppleWebKit/605.1.15 (KHTML, like Gecko) Version/18.5 Mobile/15E148 Safari/604.1', '2026-05-11 06:51:29.126217+00', '00000000-0000-0000-0000-000000000001'),
	('cd727608-bcbc-4269-b626-72eab0e85307', 'a503ac73-67c9-4740-b8ca-76a2352e9e82', 'refresh', '{}', '2a09:bac5:3b2f:eaa::176:86', 'Mozilla/5.0 (Windows NT 10.0; Win64; x64) AppleWebKit/537.36 (KHTML, like Gecko) Chrome/148.0.0.0 Safari/537.36', '2026-05-11 07:01:00.855825+00', '00000000-0000-0000-0000-000000000001'),
	('4ba1b937-beff-47cd-b1ca-1f0728610b9e', 'a503ac73-67c9-4740-b8ca-76a2352e9e82', 'refresh', '{}', '2a09:bac1:36e0:ba8::176:86', 'Mozilla/5.0 (Windows NT 10.0; Win64; x64) AppleWebKit/537.36 (KHTML, like Gecko) Chrome/148.0.0.0 Safari/537.36', '2026-05-11 07:07:09.309371+00', '00000000-0000-0000-0000-000000000001'),
	('225a4223-784b-44ab-8088-27ff525184e9', 'a503ac73-67c9-4740-b8ca-76a2352e9e82', 'refresh', '{}', '2a09:bac1:36e0:ba8::176:86', 'Mozilla/5.0 (Windows NT 10.0; Win64; x64) AppleWebKit/537.36 (KHTML, like Gecko) Chrome/148.0.0.0 Safari/537.36', '2026-05-11 07:07:29.104427+00', '00000000-0000-0000-0000-000000000001'),
	('23b9e0ff-a3fe-4260-8bf5-cb47fe70bb00', 'a503ac73-67c9-4740-b8ca-76a2352e9e82', 'refresh', '{}', '2a09:bac5:3b2e:eaa::176:86', 'Mozilla/5.0 (Windows NT 10.0; Win64; x64) AppleWebKit/537.36 (KHTML, like Gecko) Chrome/148.0.0.0 Safari/537.36', '2026-05-11 07:15:36.725177+00', '00000000-0000-0000-0000-000000000001'),
	('2921b665-756d-4ad8-af2f-95e217b794a6', 'a503ac73-67c9-4740-b8ca-76a2352e9e82', 'refresh', '{}', '2a09:bac5:3b2f:eaa::176:86', 'Mozilla/5.0 (Windows NT 10.0; Win64; x64) AppleWebKit/537.36 (KHTML, like Gecko) Chrome/148.0.0.0 Safari/537.36', '2026-05-11 07:16:05.566354+00', '00000000-0000-0000-0000-000000000001'),
	('88af4bdc-0365-4b14-bf77-a55cd5bad20f', 'a503ac73-67c9-4740-b8ca-76a2352e9e82', 'logout', '{}', '2a09:bac5:3b2b:eaa::176:86', 'Mozilla/5.0 (Windows NT 10.0; Win64; x64) AppleWebKit/537.36 (KHTML, like Gecko) Chrome/148.0.0.0 Safari/537.36', '2026-05-11 07:28:01.179408+00', '00000000-0000-0000-0000-000000000001'),
	('441fb432-412b-4afb-8b4e-52a333af1c50', 'cf59c3ab-cf9f-4687-a880-d98e21c0d70c', 'refresh', '{}', '2a09:bac5:3b28:eaa::176:86', 'Mozilla/5.0 (Windows NT 10.0; Win64; x64) AppleWebKit/537.36 (KHTML, like Gecko) Chrome/148.0.0.0 Safari/537.36', '2026-05-11 07:36:19.045768+00', '00000000-0000-0000-0000-000000000001'),
	('3b9e239b-a1a0-4d22-9fe9-15674b51f991', '2ef86968-1402-48ff-97ea-a5071588e1bd', 'refresh', '{}', '122.172.84.252', 'Mozilla/5.0 (iPhone; CPU iPhone OS 18_5 like Mac OS X) AppleWebKit/605.1.15 (KHTML, like Gecko) Version/18.5 Mobile/15E148 Safari/604.1', '2026-05-11 07:36:43.97701+00', '00000000-0000-0000-0000-000000000001'),
	('8d06ab83-71d5-472c-8257-2295657db002', '2ef86968-1402-48ff-97ea-a5071588e1bd', 'refresh', '{}', '122.172.84.252', 'Mozilla/5.0 (iPhone; CPU iPhone OS 18_5 like Mac OS X) AppleWebKit/605.1.15 (KHTML, like Gecko) Version/18.5 Mobile/15E148 Safari/604.1', '2026-05-11 07:36:49.922775+00', '00000000-0000-0000-0000-000000000001'),
	('ad25ed05-b827-44cf-8583-9dc49489d479', '2ef86968-1402-48ff-97ea-a5071588e1bd', 'refresh', '{}', '122.172.84.252', 'Mozilla/5.0 (iPhone; CPU iPhone OS 18_5 like Mac OS X) AppleWebKit/605.1.15 (KHTML, like Gecko) Version/18.5 Mobile/15E148 Safari/604.1', '2026-05-11 07:42:15.108727+00', '00000000-0000-0000-0000-000000000001'),
	('ae9c4733-bd09-4640-bf7e-aadfed9ede8d', '2ef86968-1402-48ff-97ea-a5071588e1bd', 'refresh', '{}', '122.172.84.252', 'Mozilla/5.0 (iPhone; CPU iPhone OS 18_5 like Mac OS X) AppleWebKit/605.1.15 (KHTML, like Gecko) Version/18.5 Mobile/15E148 Safari/604.1', '2026-05-11 07:58:35.868246+00', '00000000-0000-0000-0000-000000000001'),
	('589465d6-6a9a-404e-b2b8-0f3be4f85a04', 'be94ff27-b89a-4216-9a0e-92fd773d2f65', 'refresh', '{}', '2a09:bac1:36c0:ba8::176:86', 'Mozilla/5.0 (Windows NT 10.0; Win64; x64) AppleWebKit/537.36 (KHTML, like Gecko) Chrome/148.0.0.0 Safari/537.36', '2026-05-11 08:38:58.39911+00', '00000000-0000-0000-0000-000000000001'),
	('42b10f09-8615-4158-ae12-136eb0237abd', 'be94ff27-b89a-4216-9a0e-92fd773d2f65', 'login', '{}', '2a09:bac1:36c0:ba8::176:86', 'Mozilla/5.0 (Windows NT 10.0; Win64; x64) AppleWebKit/537.36 (KHTML, like Gecko) Chrome/148.0.0.0 Safari/537.36', '2026-05-11 08:39:24.662406+00', '00000000-0000-0000-0000-000000000001'),
	('59ac139c-16d2-4c21-9563-b617eb2eb96a', '2ef86968-1402-48ff-97ea-a5071588e1bd', 'logout', '{}', '122.172.84.252', 'Mozilla/5.0 (Windows NT 10.0; Win64; x64) AppleWebKit/537.36 (KHTML, like Gecko) Chrome/147.0.0.0 Safari/537.36', '2026-05-11 09:15:20.067356+00', '00000000-0000-0000-0000-000000000001'),
	('738772d7-e59c-46bc-a880-7591f1d0ffff', 'be94ff27-b89a-4216-9a0e-92fd773d2f65', 'refresh', '{}', '2a09:bac5:3b2b:eaa::176:86', 'Mozilla/5.0 (Windows NT 10.0; Win64; x64) AppleWebKit/537.36 (KHTML, like Gecko) Chrome/148.0.0.0 Safari/537.36', '2026-05-11 09:40:03.590911+00', '00000000-0000-0000-0000-000000000001'),
	('a43b02cb-c5f6-42c1-b4ba-2982643652ae', '03b3706d-9222-4edb-9f9b-79851e4c8eb1', 'signup_member', '{"role": "learner", "email_sent": true}', '2a09:bac5:3b2b:eaa::176:86', 'Mozilla/5.0 (Windows NT 10.0; Win64; x64) AppleWebKit/537.36 (KHTML, like Gecko) Chrome/148.0.0.0 Safari/537.36', '2026-05-11 09:45:28.890884+00', '00000000-0000-0000-0000-000000000001'),
	('29fb5303-eee6-4145-948b-ea7bcb2ca9fc', '03b3706d-9222-4edb-9f9b-79851e4c8eb1', 'login', '{}', '2a09:bac1:36e0:ba8::176:86', 'Mozilla/5.0 (Windows NT 10.0; Win64; x64) AppleWebKit/537.36 (KHTML, like Gecko) Chrome/148.0.0.0 Safari/537.36', '2026-05-11 09:57:06.205532+00', '00000000-0000-0000-0000-000000000001'),
	('15774b14-a368-4d4d-82b2-bdd2d564bb3a', '03b3706d-9222-4edb-9f9b-79851e4c8eb1', 'refresh', '{}', '2a09:bac5:3b2a:eaa::176:86', 'Mozilla/5.0 (Windows NT 10.0; Win64; x64) AppleWebKit/537.36 (KHTML, like Gecko) Chrome/148.0.0.0 Safari/537.36', '2026-05-11 10:09:45.283682+00', '00000000-0000-0000-0000-000000000001'),
	('80585347-7ac1-4942-a046-e7dd2be84772', 'ab8c5cf5-5faa-49ff-abdd-e73595a0125e', 'refresh', '{}', '2a09:bac5:3b2c:eaa::176:86', 'Mozilla/5.0 (Windows NT 10.0; Win64; x64) AppleWebKit/537.36 (KHTML, like Gecko) Chrome/148.0.0.0 Safari/537.36', '2026-05-11 04:57:22.300372+00', '00000000-0000-0000-0000-000000000001'),
	('135eac7e-c1b3-423e-a2be-f4338d578107', 'ab8c5cf5-5faa-49ff-abdd-e73595a0125e', 'refresh', '{}', '2a09:bac5:3b2c:eaa::176:86', 'Mozilla/5.0 (Windows NT 10.0; Win64; x64) AppleWebKit/537.36 (KHTML, like Gecko) Chrome/148.0.0.0 Safari/537.36', '2026-05-11 04:57:23.580434+00', '00000000-0000-0000-0000-000000000001'),
	('abd47919-eccf-40bb-a86c-981125d24347', 'a8a82dc8-86c0-4275-85dc-b36aec856220', 'refresh', '{}', '2a09:bac5:3b2a:eaa::176:86', 'Mozilla/5.0 (Windows NT 10.0; Win64; x64) AppleWebKit/537.36 (KHTML, like Gecko) Chrome/148.0.0.0 Safari/537.36', '2026-05-11 05:36:40.939292+00', '00000000-0000-0000-0000-000000000001'),
	('31f4b706-dc3f-4043-b17f-a2af6c58efb4', 'a8a82dc8-86c0-4275-85dc-b36aec856220', 'refresh', '{}', '2a09:bac5:3b2a:eaa::176:86', 'Mozilla/5.0 (Windows NT 10.0; Win64; x64) AppleWebKit/537.36 (KHTML, like Gecko) Chrome/148.0.0.0 Safari/537.36', '2026-05-11 05:37:17.53158+00', '00000000-0000-0000-0000-000000000001'),
	('01cfee53-2443-4dbe-abcb-d839eee46ad2', 'ee3904fc-9943-4ca4-a0cf-06f9653bdfed', 'logout', '{}', '122.172.84.252', 'Mozilla/5.0 (X11; Linux x86_64) AppleWebKit/537.36 (KHTML, like Gecko) Chrome/147.0.0.0 Safari/537.36', '2026-05-11 05:53:39.467575+00', '00000000-0000-0000-0000-000000000001'),
	('05f8a2df-14ed-4d59-a08b-252b33b82d2f', 'dee2c600-cacf-4cd7-839c-72761e0c6d44', 'refresh', '{}', '2a09:bac5:3b2e:eaa::176:86', 'Mozilla/5.0 (Windows NT 10.0; Win64; x64) AppleWebKit/537.36 (KHTML, like Gecko) Chrome/148.0.0.0 Safari/537.36', '2026-05-11 05:59:52.928664+00', '00000000-0000-0000-0000-000000000001'),
	('492965c4-d399-4f83-985c-6c86c61327fb', '1aeb6ea7-a58e-4835-8bbe-5f3fbceeca85', 'signup_member', '{"role": "learner", "email_sent": true}', '122.172.84.252', 'Mozilla/5.0 (X11; Linux x86_64) AppleWebKit/537.36 (KHTML, like Gecko) Chrome/147.0.0.0 Safari/537.36', '2026-05-11 06:07:03.021458+00', '00000000-0000-0000-0000-000000000001'),
	('513b9fea-5ccf-4aad-938a-bc526b4c1754', '2ef86968-1402-48ff-97ea-a5071588e1bd', 'refresh', '{}', '122.172.84.252', 'Mozilla/5.0 (iPhone; CPU iPhone OS 18_5 like Mac OS X) AppleWebKit/605.1.15 (KHTML, like Gecko) Version/18.5 Mobile/15E148 Safari/604.1', '2026-05-11 06:20:14.826095+00', '00000000-0000-0000-0000-000000000001'),
	('9a8df9fe-1ba8-4a17-95f2-c5ea2150f5c0', '2ef86968-1402-48ff-97ea-a5071588e1bd', 'refresh', '{}', '122.172.84.252', 'Mozilla/5.0 (iPhone; CPU iPhone OS 18_5 like Mac OS X) AppleWebKit/605.1.15 (KHTML, like Gecko) Version/18.5 Mobile/15E148 Safari/604.1', '2026-05-11 06:26:46.587793+00', '00000000-0000-0000-0000-000000000001'),
	('67f674df-922d-4574-97a4-5e8e05f86cac', 'a503ac73-67c9-4740-b8ca-76a2352e9e82', 'signup_member', '{"role": "learner", "email_sent": true}', '2a09:bac5:3b29:eaa::176:86', 'Mozilla/5.0 (Windows NT 10.0; Win64; x64) AppleWebKit/537.36 (KHTML, like Gecko) Chrome/148.0.0.0 Safari/537.36', '2026-05-11 06:45:27.802441+00', '00000000-0000-0000-0000-000000000001'),
	('b35ceb24-d802-4926-93d2-f59b6c3c072b', 'a503ac73-67c9-4740-b8ca-76a2352e9e82', 'refresh', '{}', '2a09:bac5:3b29:eaa::176:86', 'Mozilla/5.0 (Windows NT 10.0; Win64; x64) AppleWebKit/537.36 (KHTML, like Gecko) Chrome/148.0.0.0 Safari/537.36', '2026-05-11 06:45:33.863658+00', '00000000-0000-0000-0000-000000000001'),
	('60e01b35-572f-4294-863f-76313c1fe4fa', 'a503ac73-67c9-4740-b8ca-76a2352e9e82', 'refresh', '{}', '2a09:bac5:3b2e:eaa::176:86', 'Mozilla/5.0 (Windows NT 10.0; Win64; x64) AppleWebKit/537.36 (KHTML, like Gecko) Chrome/148.0.0.0 Safari/537.36', '2026-05-11 06:52:20.088493+00', '00000000-0000-0000-0000-000000000001'),
	('e81c0c25-b1aa-4518-a0ff-e49d7e55319d', 'a503ac73-67c9-4740-b8ca-76a2352e9e82', 'refresh', '{}', '2a09:bac5:3b2a:eaa::176:86', 'Mozilla/5.0 (Windows NT 10.0; Win64; x64) AppleWebKit/537.36 (KHTML, like Gecko) Chrome/148.0.0.0 Safari/537.36', '2026-05-11 07:01:49.080342+00', '00000000-0000-0000-0000-000000000001'),
	('bc2f8ba0-17ca-4e7b-b914-d7c77e4fd045', 'a503ac73-67c9-4740-b8ca-76a2352e9e82', 'refresh', '{}', '2a09:bac1:36e0:ba8::176:86', 'Mozilla/5.0 (Windows NT 10.0; Win64; x64) AppleWebKit/537.36 (KHTML, like Gecko) Chrome/148.0.0.0 Safari/537.36', '2026-05-11 07:07:25.387982+00', '00000000-0000-0000-0000-000000000001'),
	('1080f3fd-a114-426c-ba92-a718f1f7b9af', '2ef86968-1402-48ff-97ea-a5071588e1bd', 'refresh', '{}', '122.172.84.252', 'Mozilla/5.0 (Windows NT 10.0; Win64; x64) AppleWebKit/537.36 (KHTML, like Gecko) Chrome/147.0.0.0 Safari/537.36', '2026-05-11 07:19:57.863203+00', '00000000-0000-0000-0000-000000000001'),
	('bf6b9a86-8d09-40e2-a65f-7ead288832b0', 'cf59c3ab-cf9f-4687-a880-d98e21c0d70c', 'signup_member', '{"role": "learner", "email_sent": true}', '2a09:bac5:3b29:eaa::176:86', 'Mozilla/5.0 (Windows NT 10.0; Win64; x64) AppleWebKit/537.36 (KHTML, like Gecko) Chrome/148.0.0.0 Safari/537.36', '2026-05-11 07:31:43.103341+00', '00000000-0000-0000-0000-000000000001'),
	('dae81ccb-3bad-4dda-a96b-85cce16bd38f', '2ef86968-1402-48ff-97ea-a5071588e1bd', 'refresh', '{}', '122.172.84.252', 'Mozilla/5.0 (iPhone; CPU iPhone OS 18_5 like Mac OS X) AppleWebKit/605.1.15 (KHTML, like Gecko) Version/18.5 Mobile/15E148 Safari/604.1', '2026-05-11 07:36:32.770699+00', '00000000-0000-0000-0000-000000000001'),
	('8015c344-3063-4ff5-88e0-f23d90b5e1ec', 'cfec91e4-ef32-4189-9bc4-66eb6e82a0a6', 'refresh', '{}', '2a09:bac5:3b2b:eaa::176:86', 'Mozilla/5.0 (Windows NT 10.0; Win64; x64) AppleWebKit/537.36 (KHTML, like Gecko) Chrome/148.0.0.0 Safari/537.36', '2026-05-11 07:49:23.466989+00', '00000000-0000-0000-0000-000000000001'),
	('4b5771b3-3598-43ae-bab1-1a422801237f', 'be94ff27-b89a-4216-9a0e-92fd773d2f65', 'signup_member', '{"role": "learner", "email_sent": true}', '2a09:bac5:3b28:eaa::176:86', 'Mozilla/5.0 (Windows NT 10.0; Win64; x64) AppleWebKit/537.36 (KHTML, like Gecko) Chrome/148.0.0.0 Safari/537.36', '2026-05-11 07:59:02.993075+00', '00000000-0000-0000-0000-000000000001'),
	('3f0b2655-3588-485a-a307-959dec31a66b', 'be94ff27-b89a-4216-9a0e-92fd773d2f65', 'refresh', '{}', '2a09:bac1:36a0:ba8::176:86', 'Mozilla/5.0 (Windows NT 10.0; Win64; x64) AppleWebKit/537.36 (KHTML, like Gecko) Chrome/148.0.0.0 Safari/537.36', '2026-05-11 08:48:48.330188+00', '00000000-0000-0000-0000-000000000001'),
	('05b2e5f3-a2cb-4c5e-bc5b-674d523730f0', 'be94ff27-b89a-4216-9a0e-92fd773d2f65', 'refresh', '{}', '2a09:bac5:3b2c:eaa::176:86', 'Mozilla/5.0 (Windows NT 10.0; Win64; x64) AppleWebKit/537.36 (KHTML, like Gecko) Chrome/148.0.0.0 Safari/537.36', '2026-05-11 09:26:13.203561+00', '00000000-0000-0000-0000-000000000001'),
	('14ec57d2-4cf5-44cc-89c7-feeecd38a9fc', 'be94ff27-b89a-4216-9a0e-92fd773d2f65', 'logout', '{}', '2a09:bac5:3b2b:eaa::176:86', 'Mozilla/5.0 (Windows NT 10.0; Win64; x64) AppleWebKit/537.36 (KHTML, like Gecko) Chrome/148.0.0.0 Safari/537.36', '2026-05-11 09:44:31.499584+00', '00000000-0000-0000-0000-000000000001'),
	('3312518a-724a-4d45-83dc-d858e7f4d64a', NULL, 'login_failed', '{"email": "litikesh@rareminds.in"}', '2a09:bac5:3b2e:eaa::176:86', 'Mozilla/5.0 (Windows NT 10.0; Win64; x64) AppleWebKit/537.36 (KHTML, like Gecko) Chrome/148.0.0.0 Safari/537.36', '2026-05-11 09:44:42.517344+00', NULL),
	('b9f824f7-1114-47a9-a225-18ec17eedaa3', '03b3706d-9222-4edb-9f9b-79851e4c8eb1', 'refresh', '{}', '2a09:bac1:36e0:ba8::176:86', 'Mozilla/5.0 (Windows NT 10.0; Win64; x64) AppleWebKit/537.36 (KHTML, like Gecko) Chrome/148.0.0.0 Safari/537.36', '2026-05-11 09:56:32.139549+00', '00000000-0000-0000-0000-000000000001'),
	('fc6f182f-ff26-487c-b3ec-bef9c1f8c2c6', '03b3706d-9222-4edb-9f9b-79851e4c8eb1', 'refresh', '{}', '2a09:bac5:3b2e:eaa::176:86', 'Mozilla/5.0 (Windows NT 10.0; Win64; x64) AppleWebKit/537.36 (KHTML, like Gecko) Chrome/148.0.0.0 Safari/537.36', '2026-05-11 10:02:58.527743+00', '00000000-0000-0000-0000-000000000001'),
	('841900b2-8f00-4041-8450-a244861ceed9', '03b3706d-9222-4edb-9f9b-79851e4c8eb1', 'refresh', '{}', '2a09:bac5:3b2e:eaa::176:86', 'Mozilla/5.0 (Windows NT 10.0; Win64; x64) AppleWebKit/537.36 (KHTML, like Gecko) Chrome/148.0.0.0 Safari/537.36', '2026-05-11 10:10:25.377495+00', '00000000-0000-0000-0000-000000000001'),
	('e379a2da-2047-41e1-af8f-8cb83e8be7dd', '03b3706d-9222-4edb-9f9b-79851e4c8eb1', 'refresh', '{}', '2a09:bac1:36c0:ba8::176:86', 'Mozilla/5.0 (Windows NT 10.0; Win64; x64) AppleWebKit/537.36 (KHTML, like Gecko) Chrome/148.0.0.0 Safari/537.36', '2026-05-11 10:12:29.550664+00', '00000000-0000-0000-0000-000000000001'),
	('88e05328-3c13-4789-b874-8f4fd2a53442', '03b3706d-9222-4edb-9f9b-79851e4c8eb1', 'refresh', '{}', '2a09:bac5:3b2e:eaa::176:86', 'Mozilla/5.0 (Windows NT 10.0; Win64; x64) AppleWebKit/537.36 (KHTML, like Gecko) Chrome/148.0.0.0 Safari/537.36', '2026-05-11 10:15:45.195201+00', '00000000-0000-0000-0000-000000000001'),
	('f109e5f1-4271-44d7-9101-560fd1deb703', '03b3706d-9222-4edb-9f9b-79851e4c8eb1', 'refresh', '{}', '2a09:bac5:3b2f:eaa::176:86', 'Mozilla/5.0 (Windows NT 10.0; Win64; x64) AppleWebKit/537.36 (KHTML, like Gecko) Chrome/148.0.0.0 Safari/537.36', '2026-05-11 10:30:30.742159+00', '00000000-0000-0000-0000-000000000001'),
	('f298ab62-299c-4ab9-9791-6fcb737c3778', '03b3706d-9222-4edb-9f9b-79851e4c8eb1', 'refresh', '{}', '2a09:bac1:36e0:ba8::176:86', 'Mozilla/5.0 (Windows NT 10.0; Win64; x64) AppleWebKit/537.36 (KHTML, like Gecko) Chrome/148.0.0.0 Safari/537.36', '2026-05-11 11:42:53.936048+00', '00000000-0000-0000-0000-000000000001'),
	('ce48047f-0cd3-4fe3-a6d4-0369c0b43e14', '03b3706d-9222-4edb-9f9b-79851e4c8eb1', 'login', '{}', '2a09:bac1:36e0:ba8::176:86', 'Mozilla/5.0 (Windows NT 10.0; Win64; x64) AppleWebKit/537.36 (KHTML, like Gecko) Chrome/148.0.0.0 Safari/537.36', '2026-05-11 11:43:18.56848+00', '00000000-0000-0000-0000-000000000001'),
	('b5442d1b-e823-43bb-a9b6-07b5146f5c48', '03b3706d-9222-4edb-9f9b-79851e4c8eb1', 'logout', '{}', '2a09:bac1:36e0:ba8::176:86', 'Mozilla/5.0 (Windows NT 10.0; Win64; x64) AppleWebKit/537.36 (KHTML, like Gecko) Chrome/148.0.0.0 Safari/537.36', '2026-05-11 11:43:34.765662+00', '00000000-0000-0000-0000-000000000001'),
	('4408c318-1e6f-4f96-b96c-1d72e47153d3', 'dcaefb3c-9c36-4c13-b9b2-fc7166eb3810', 'signup_member', '{"role": "learner", "email_sent": true}', '2a09:bac5:3b2c:eaa::176:86', 'Mozilla/5.0 (Windows NT 10.0; Win64; x64) AppleWebKit/537.36 (KHTML, like Gecko) Chrome/148.0.0.0 Safari/537.36', '2026-05-11 11:44:35.431194+00', '00000000-0000-0000-0000-000000000001'),
	('b43df13a-7173-4122-bd0e-952f1d7fa860', 'ab8c5cf5-5faa-49ff-abdd-e73595a0125e', 'refresh', '{}', '2a09:bac5:3b2c:eaa::176:86', 'Mozilla/5.0 (Windows NT 10.0; Win64; x64) AppleWebKit/537.36 (KHTML, like Gecko) Chrome/148.0.0.0 Safari/537.36', '2026-05-11 04:57:29.39885+00', '00000000-0000-0000-0000-000000000001'),
	('d41930ea-185a-44cf-bfd5-2289229f5d57', '2dc576b6-505e-481c-82bf-dfda564b34a5', 'refresh', '{}', '122.172.84.252', 'Mozilla/5.0 (Windows NT 10.0; Win64; x64) AppleWebKit/537.36 (KHTML, like Gecko) Chrome/147.0.0.0 Safari/537.36', '2026-05-11 04:57:31.998639+00', '00000000-0000-0000-0000-000000000001'),
	('794ffefe-217d-426a-9429-10cec7566801', '2dc576b6-505e-481c-82bf-dfda564b34a5', 'signup_member', '{"role": "learner", "email_sent": true}', '122.172.84.252', 'Mozilla/5.0 (Windows NT 10.0; Win64; x64) AppleWebKit/537.36 (KHTML, like Gecko) Chrome/147.0.0.0 Safari/537.36', '2026-05-11 03:39:33.157368+00', '00000000-0000-0000-0000-000000000001'),
	('8519b634-6427-473a-a410-4bc4ebee5033', '2dc576b6-505e-481c-82bf-dfda564b34a5', 'refresh', '{}', '122.172.84.252', 'Mozilla/5.0 (Windows NT 10.0; Win64; x64) AppleWebKit/537.36 (KHTML, like Gecko) Chrome/147.0.0.0 Safari/537.36', '2026-05-11 03:39:36.087687+00', '00000000-0000-0000-0000-000000000001'),
	('1ff04699-d1ed-4244-b583-f39eec5aa415', '2dc576b6-505e-481c-82bf-dfda564b34a5', 'refresh', '{}', '122.172.84.252', 'Mozilla/5.0 (Windows NT 10.0; Win64; x64) AppleWebKit/537.36 (KHTML, like Gecko) Chrome/147.0.0.0 Safari/537.36', '2026-05-11 03:39:57.816834+00', '00000000-0000-0000-0000-000000000001'),
	('a0900e3b-8f6f-4dad-b9a1-96035c00f9f0', '2dc576b6-505e-481c-82bf-dfda564b34a5', 'refresh', '{}', '122.172.84.252', 'Mozilla/5.0 (Windows NT 10.0; Win64; x64) AppleWebKit/537.36 (KHTML, like Gecko) Chrome/147.0.0.0 Safari/537.36', '2026-05-11 03:40:24.891091+00', '00000000-0000-0000-0000-000000000001'),
	('b6494106-844b-4ddb-8548-ab570a086ae9', '2dc576b6-505e-481c-82bf-dfda564b34a5', 'refresh', '{}', '122.172.84.252', 'Mozilla/5.0 (Windows NT 10.0; Win64; x64) AppleWebKit/537.36 (KHTML, like Gecko) Chrome/147.0.0.0 Safari/537.36', '2026-05-11 03:40:54.306877+00', '00000000-0000-0000-0000-000000000001'),
	('d661e7de-da3a-4492-b67e-f0cac49d4d24', '2dc576b6-505e-481c-82bf-dfda564b34a5', 'refresh', '{}', '122.172.84.252', 'Mozilla/5.0 (Windows NT 10.0; Win64; x64) AppleWebKit/537.36 (KHTML, like Gecko) Chrome/147.0.0.0 Safari/537.36', '2026-05-11 03:40:55.640003+00', '00000000-0000-0000-0000-000000000001'),
	('d2eba92d-71d2-42a1-a06a-23b01637aec3', '2dc576b6-505e-481c-82bf-dfda564b34a5', 'refresh', '{}', '122.172.84.252', 'Mozilla/5.0 (Windows NT 10.0; Win64; x64) AppleWebKit/537.36 (KHTML, like Gecko) Chrome/147.0.0.0 Safari/537.36', '2026-05-11 03:40:59.790963+00', '00000000-0000-0000-0000-000000000001'),
	('cc93e921-1865-4db3-ac07-752a6be60481', '2dc576b6-505e-481c-82bf-dfda564b34a5', 'refresh', '{}', '122.172.84.252', 'Mozilla/5.0 (Windows NT 10.0; Win64; x64) AppleWebKit/537.36 (KHTML, like Gecko) Chrome/147.0.0.0 Safari/537.36', '2026-05-11 03:41:04.362527+00', '00000000-0000-0000-0000-000000000001'),
	('0e0136f9-6200-494d-8848-e3d5321f8dbe', '2dc576b6-505e-481c-82bf-dfda564b34a5', 'refresh', '{}', '122.172.84.252', 'Mozilla/5.0 (Windows NT 10.0; Win64; x64) AppleWebKit/537.36 (KHTML, like Gecko) Chrome/147.0.0.0 Safari/537.36', '2026-05-11 03:41:56.958916+00', '00000000-0000-0000-0000-000000000001'),
	('e38adb90-692b-4223-b752-392ed2dbb178', '2dc576b6-505e-481c-82bf-dfda564b34a5', 'refresh', '{}', '122.172.84.252', 'Mozilla/5.0 (Windows NT 10.0; Win64; x64) AppleWebKit/537.36 (KHTML, like Gecko) Chrome/147.0.0.0 Safari/537.36', '2026-05-11 03:42:01.771141+00', '00000000-0000-0000-0000-000000000001'),
	('7de26f36-add7-4fc0-ac13-4a3b96f12b46', '2dc576b6-505e-481c-82bf-dfda564b34a5', 'refresh', '{}', '122.172.84.252', 'Mozilla/5.0 (Windows NT 10.0; Win64; x64) AppleWebKit/537.36 (KHTML, like Gecko) Chrome/147.0.0.0 Safari/537.36', '2026-05-11 03:42:37.029467+00', '00000000-0000-0000-0000-000000000001'),
	('9acc83cc-89f0-40f8-8e44-e5042649e49c', '2dc576b6-505e-481c-82bf-dfda564b34a5', 'refresh', '{}', '122.172.84.252', 'Mozilla/5.0 (Windows NT 10.0; Win64; x64) AppleWebKit/537.36 (KHTML, like Gecko) Chrome/147.0.0.0 Safari/537.36', '2026-05-11 03:42:38.959702+00', '00000000-0000-0000-0000-000000000001'),
	('4d7c351e-d1ee-49ac-b8e0-3599874dd46e', '2dc576b6-505e-481c-82bf-dfda564b34a5', 'refresh', '{}', '122.172.84.252', 'Mozilla/5.0 (Windows NT 10.0; Win64; x64) AppleWebKit/537.36 (KHTML, like Gecko) Chrome/147.0.0.0 Safari/537.36', '2026-05-11 03:42:47.070343+00', '00000000-0000-0000-0000-000000000001'),
	('378a139e-5488-48b3-ad5e-ae991ca135a1', '2dc576b6-505e-481c-82bf-dfda564b34a5', 'refresh', '{}', '122.172.84.252', 'Mozilla/5.0 (Windows NT 10.0; Win64; x64) AppleWebKit/537.36 (KHTML, like Gecko) Chrome/147.0.0.0 Safari/537.36', '2026-05-11 03:43:15.403237+00', '00000000-0000-0000-0000-000000000001'),
	('7a1391d8-0877-4e87-ba48-f1f04240c103', '2dc576b6-505e-481c-82bf-dfda564b34a5', 'refresh', '{}', '122.172.84.252', 'Mozilla/5.0 (Windows NT 10.0; Win64; x64) AppleWebKit/537.36 (KHTML, like Gecko) Chrome/147.0.0.0 Safari/537.36', '2026-05-11 03:43:30.80854+00', '00000000-0000-0000-0000-000000000001'),
	('fb801dd0-2846-4dfe-83b4-84f30f46fe14', '2dc576b6-505e-481c-82bf-dfda564b34a5', 'refresh', '{}', '122.172.84.252', 'Mozilla/5.0 (Windows NT 10.0; Win64; x64) AppleWebKit/537.36 (KHTML, like Gecko) Chrome/147.0.0.0 Safari/537.36', '2026-05-11 03:43:32.422607+00', '00000000-0000-0000-0000-000000000001'),
	('aac93210-86d9-4dfb-8d80-e9ea9cc27793', '33e4d701-3aff-49f3-876b-271b340d7df2', 'signup_member', '{"role": "learner", "email_sent": true}', '2a09:bac5:3b2e:eaa::176:a6', 'Mozilla/5.0 (Windows NT 10.0; Win64; x64) AppleWebKit/537.36 (KHTML, like Gecko) Chrome/148.0.0.0 Safari/537.36', '2026-05-11 04:34:32.113924+00', '00000000-0000-0000-0000-000000000001'),
	('8d8d3da4-6bfb-4af8-a8d9-048d404121b2', '33e4d701-3aff-49f3-876b-271b340d7df2', 'refresh', '{}', '2a09:bac5:3b2e:eaa::176:a6', 'Mozilla/5.0 (Windows NT 10.0; Win64; x64) AppleWebKit/537.36 (KHTML, like Gecko) Chrome/148.0.0.0 Safari/537.36', '2026-05-11 04:34:34.564187+00', '00000000-0000-0000-0000-000000000001'),
	('1f947a76-6474-4509-9a9b-f858a7057380', '33e4d701-3aff-49f3-876b-271b340d7df2', 'refresh', '{}', '2a09:bac5:3b2e:eaa::176:a6', 'Mozilla/5.0 (Windows NT 10.0; Win64; x64) AppleWebKit/537.36 (KHTML, like Gecko) Chrome/148.0.0.0 Safari/537.36', '2026-05-11 04:34:41.340265+00', '00000000-0000-0000-0000-000000000001'),
	('0f2194c0-a8b9-4e95-91f3-44f1479d05bf', '33e4d701-3aff-49f3-876b-271b340d7df2', 'refresh', '{}', '2a09:bac5:3b2a:eaa::176:a6', 'Mozilla/5.0 (Windows NT 10.0; Win64; x64) AppleWebKit/537.36 (KHTML, like Gecko) Chrome/148.0.0.0 Safari/537.36', '2026-05-11 04:35:06.913699+00', '00000000-0000-0000-0000-000000000001'),
	('ce9faa72-d45f-401c-8e98-60903b9a3fe8', '33e4d701-3aff-49f3-876b-271b340d7df2', 'refresh', '{}', '2a09:bac5:3b2a:eaa::176:a6', 'Mozilla/5.0 (Windows NT 10.0; Win64; x64) AppleWebKit/537.36 (KHTML, like Gecko) Chrome/148.0.0.0 Safari/537.36', '2026-05-11 04:35:08.209697+00', '00000000-0000-0000-0000-000000000001'),
	('2a21c9bd-1c93-434e-ab3f-1195ac38e401', '33e4d701-3aff-49f3-876b-271b340d7df2', 'refresh', '{}', '2a09:bac5:3b2e:eaa::176:a6', 'Mozilla/5.0 (Windows NT 10.0; Win64; x64) AppleWebKit/537.36 (KHTML, like Gecko) Chrome/148.0.0.0 Safari/537.36', '2026-05-11 04:38:42.072775+00', '00000000-0000-0000-0000-000000000001'),
	('716c3d0e-033b-45fd-a71d-72750c6e735a', '33e4d701-3aff-49f3-876b-271b340d7df2', 'refresh', '{}', '2a09:bac5:3b2e:eaa::176:a6', 'Mozilla/5.0 (Windows NT 10.0; Win64; x64) AppleWebKit/537.36 (KHTML, like Gecko) Chrome/148.0.0.0 Safari/537.36', '2026-05-11 04:38:43.086866+00', '00000000-0000-0000-0000-000000000001'),
	('8d9de9e9-95f0-4043-8b19-74d4cbfc57b5', '33e4d701-3aff-49f3-876b-271b340d7df2', 'refresh', '{}', '2a09:bac5:3b2e:eaa::176:a6', 'Mozilla/5.0 (Windows NT 10.0; Win64; x64) AppleWebKit/537.36 (KHTML, like Gecko) Chrome/148.0.0.0 Safari/537.36', '2026-05-11 04:38:52.46233+00', '00000000-0000-0000-0000-000000000001'),
	('d49367fb-0797-49f0-8ac7-f6bc0446715f', '2dc576b6-505e-481c-82bf-dfda564b34a5', 'refresh', '{}', '122.172.84.252', 'Mozilla/5.0 (iPhone; CPU iPhone OS 18_5 like Mac OS X) AppleWebKit/605.1.15 (KHTML, like Gecko) Version/18.5 Mobile/15E148 Safari/604.1', '2026-05-11 04:39:34.969943+00', '00000000-0000-0000-0000-000000000001'),
	('3c5134db-31ed-4e01-93ca-d22253eb3ed5', '2dc576b6-505e-481c-82bf-dfda564b34a5', 'refresh', '{}', '122.172.84.252', 'Mozilla/5.0 (iPhone; CPU iPhone OS 18_5 like Mac OS X) AppleWebKit/605.1.15 (KHTML, like Gecko) Version/18.5 Mobile/15E148 Safari/604.1', '2026-05-11 04:39:37.173698+00', '00000000-0000-0000-0000-000000000001'),
	('5cf9c468-269c-46e3-92f2-05f2622612f1', 'a8a82dc8-86c0-4275-85dc-b36aec856220', 'refresh', '{}', '2a09:bac5:3b2a:eaa::176:86', 'Mozilla/5.0 (Windows NT 10.0; Win64; x64) AppleWebKit/537.36 (KHTML, like Gecko) Chrome/148.0.0.0 Safari/537.36', '2026-05-11 05:36:55.978232+00', '00000000-0000-0000-0000-000000000001'),
	('c4255356-b76d-4d8a-922f-2ccc695a9cde', 'a8a82dc8-86c0-4275-85dc-b36aec856220', 'refresh', '{}', '2a09:bac5:3b2a:eaa::176:86', 'Mozilla/5.0 (Windows NT 10.0; Win64; x64) AppleWebKit/537.36 (KHTML, like Gecko) Chrome/148.0.0.0 Safari/537.36', '2026-05-11 05:37:06.212473+00', '00000000-0000-0000-0000-000000000001'),
	('4dedbc0b-d334-49f2-9aa7-712e9863d8f0', 'a8a82dc8-86c0-4275-85dc-b36aec856220', 'refresh', '{}', '2a09:bac5:3b2a:eaa::176:86', 'Mozilla/5.0 (Windows NT 10.0; Win64; x64) AppleWebKit/537.36 (KHTML, like Gecko) Chrome/148.0.0.0 Safari/537.36', '2026-05-11 05:37:09.905966+00', '00000000-0000-0000-0000-000000000001'),
	('b5ac7d85-3f27-419d-b799-ed7fbb81b7af', NULL, 'refresh', '{}', '122.172.80.229', 'Mozilla/5.0 (X11; Linux x86_64) AppleWebKit/537.36 (KHTML, like Gecko) Chrome/147.0.0.0 Safari/537.36', '2026-05-08 10:21:29.337446+00', '00000000-0000-0000-0000-000000000001'),
	('02255f49-d151-4205-99d7-3d13bbd8d301', NULL, 'refresh', '{}', '122.172.80.229', 'Mozilla/5.0 (X11; Linux x86_64) AppleWebKit/537.36 (KHTML, like Gecko) Chrome/147.0.0.0 Safari/537.36', '2026-05-08 10:21:35.062078+00', '00000000-0000-0000-0000-000000000001'),
	('f8f037a4-c079-4c8d-bb34-680bc4afed28', NULL, 'refresh', '{}', '122.172.80.229', 'Mozilla/5.0 (X11; Linux x86_64) AppleWebKit/537.36 (KHTML, like Gecko) Chrome/147.0.0.0 Safari/537.36', '2026-05-08 10:22:24.194217+00', '00000000-0000-0000-0000-000000000001'),
	('91dfa8ab-d7c0-4eca-81c0-306a7c117ec4', NULL, 'refresh', '{}', '122.172.80.229', 'Mozilla/5.0 (X11; Linux x86_64) AppleWebKit/537.36 (KHTML, like Gecko) Chrome/147.0.0.0 Safari/537.36', '2026-05-08 10:27:02.219719+00', '00000000-0000-0000-0000-000000000001'),
	('fc564564-244e-4e13-a9a5-37a17f6bb539', NULL, 'refresh', '{}', '122.172.80.229', 'Mozilla/5.0 (X11; Linux x86_64) AppleWebKit/537.36 (KHTML, like Gecko) Chrome/147.0.0.0 Safari/537.36', '2026-05-08 11:49:35.0846+00', '00000000-0000-0000-0000-000000000001'),
	('c6d71fb4-21d9-4c69-861b-36b2efb23e69', NULL, 'refresh', '{}', '122.172.80.229', 'Mozilla/5.0 (X11; Linux x86_64) AppleWebKit/537.36 (KHTML, like Gecko) Chrome/147.0.0.0 Safari/537.36', '2026-05-08 11:49:38.59826+00', '00000000-0000-0000-0000-000000000001'),
	('86101395-8c64-4060-8536-7e0a28d4cba0', NULL, 'refresh', '{}', '122.172.80.229', 'Mozilla/5.0 (X11; Linux x86_64) AppleWebKit/537.36 (KHTML, like Gecko) Chrome/147.0.0.0 Safari/537.36', '2026-05-08 11:49:40.614142+00', '00000000-0000-0000-0000-000000000001'),
	('b701634d-a559-4997-abb1-4520d3f13325', NULL, 'refresh', '{}', '122.172.80.229', 'Mozilla/5.0 (X11; Linux x86_64) AppleWebKit/537.36 (KHTML, like Gecko) Chrome/147.0.0.0 Safari/537.36', '2026-05-08 11:49:48.395397+00', '00000000-0000-0000-0000-000000000001'),
	('6dc46227-2b1a-400b-bff4-414557a8eb30', NULL, 'logout', '{}', '122.172.80.229', 'Mozilla/5.0 (X11; Linux x86_64) AppleWebKit/537.36 (KHTML, like Gecko) Chrome/147.0.0.0 Safari/537.36', '2026-05-08 11:49:55.609925+00', '00000000-0000-0000-0000-000000000001'),
	('5f32fcb5-35cb-4f07-9594-697d6437f066', NULL, 'login', '{}', '122.172.80.229', 'Mozilla/5.0 (X11; Linux x86_64) AppleWebKit/537.36 (KHTML, like Gecko) Chrome/147.0.0.0 Safari/537.36', '2026-05-08 11:50:18.251995+00', '00000000-0000-0000-0000-000000000001'),
	('ae961ceb-d621-45d4-95f5-4f4512d281fd', NULL, 'refresh', '{}', '122.172.80.229', 'Mozilla/5.0 (X11; Linux x86_64) AppleWebKit/537.36 (KHTML, like Gecko) Chrome/147.0.0.0 Safari/537.36', '2026-05-08 11:56:22.431608+00', '00000000-0000-0000-0000-000000000001'),
	('995c2454-f269-46de-b666-c1998088dc9c', NULL, 'refresh', '{}', '122.172.80.229', 'Mozilla/5.0 (X11; Linux x86_64) AppleWebKit/537.36 (KHTML, like Gecko) Chrome/147.0.0.0 Safari/537.36', '2026-05-08 11:57:48.478657+00', '00000000-0000-0000-0000-000000000001'),
	('00758a43-fb74-449f-ae4f-526dddef332a', NULL, 'refresh', '{}', '122.172.80.229', 'Mozilla/5.0 (X11; Linux x86_64) AppleWebKit/537.36 (KHTML, like Gecko) Chrome/147.0.0.0 Safari/537.36', '2026-05-08 11:57:52.348665+00', '00000000-0000-0000-0000-000000000001'),
	('3b2e2b93-d4d4-4c8f-bdc3-6b86d07994c3', NULL, 'login', '{}', '122.172.80.229', 'Mozilla/5.0 (X11; Linux x86_64) AppleWebKit/537.36 (KHTML, like Gecko) Chrome/147.0.0.0 Safari/537.36', '2026-05-08 11:57:58.809274+00', '00000000-0000-0000-0000-000000000001'),
	('d0b60a55-2239-46bc-8f0f-8d2269989951', NULL, 'refresh', '{}', '122.172.80.229', 'Mozilla/5.0 (X11; Linux x86_64) AppleWebKit/537.36 (KHTML, like Gecko) Chrome/147.0.0.0 Safari/537.36', '2026-05-08 11:58:01.059033+00', '00000000-0000-0000-0000-000000000001'),
	('ccccbfb1-8ad1-470a-b455-42ac28d30d61', NULL, 'refresh', '{}', '122.172.80.229', 'Mozilla/5.0 (X11; Linux x86_64) AppleWebKit/537.36 (KHTML, like Gecko) Chrome/147.0.0.0 Safari/537.36', '2026-05-08 11:58:03.976794+00', '00000000-0000-0000-0000-000000000001'),
	('5d33a14a-b834-45fc-9599-adc9bf3804ed', NULL, 'refresh', '{}', '122.172.80.229', 'Mozilla/5.0 (X11; Linux x86_64) AppleWebKit/537.36 (KHTML, like Gecko) Chrome/147.0.0.0 Safari/537.36', '2026-05-08 11:58:08.253039+00', '00000000-0000-0000-0000-000000000001'),
	('398141b6-7ec9-4af0-9978-e2586938c724', NULL, 'refresh', '{}', '122.172.80.229', 'Mozilla/5.0 (X11; Linux x86_64) AppleWebKit/537.36 (KHTML, like Gecko) Chrome/147.0.0.0 Safari/537.36', '2026-05-09 05:14:30.518815+00', '00000000-0000-0000-0000-000000000001'),
	('f416d2e5-155c-433b-bc8b-6ea52f807137', NULL, 'refresh', '{}', '122.172.80.229', 'Mozilla/5.0 (X11; Linux x86_64) AppleWebKit/537.36 (KHTML, like Gecko) Chrome/147.0.0.0 Safari/537.36', '2026-05-09 05:14:36.935951+00', '00000000-0000-0000-0000-000000000001'),
	('53fbd46a-c17f-4dfd-b382-ce1d3dc9cbaa', NULL, 'login', '{}', '122.172.80.229', 'Mozilla/5.0 (X11; Linux x86_64) AppleWebKit/537.36 (KHTML, like Gecko) Chrome/147.0.0.0 Safari/537.36', '2026-05-09 05:14:41.586351+00', '00000000-0000-0000-0000-000000000001'),
	('383870b5-11cc-40d7-8224-3df554910486', NULL, 'refresh', '{}', '122.172.80.229', 'Mozilla/5.0 (X11; Linux x86_64) AppleWebKit/537.36 (KHTML, like Gecko) Chrome/147.0.0.0 Safari/537.36', '2026-05-09 05:14:43.170375+00', '00000000-0000-0000-0000-000000000001'),
	('4ddececf-d422-4581-8e63-4650e0a4229f', NULL, 'refresh', '{}', '122.172.80.229', 'Mozilla/5.0 (X11; Linux x86_64) AppleWebKit/537.36 (KHTML, like Gecko) Chrome/147.0.0.0 Safari/537.36', '2026-05-09 05:14:46.334246+00', '00000000-0000-0000-0000-000000000001'),
	('a2a40198-0340-49bc-90c1-823a9f73d3ce', NULL, 'refresh', '{}', '122.172.80.229', 'Mozilla/5.0 (X11; Linux x86_64) AppleWebKit/537.36 (KHTML, like Gecko) Chrome/147.0.0.0 Safari/537.36', '2026-05-09 05:14:50.757908+00', '00000000-0000-0000-0000-000000000001'),
	('d2851a57-824b-4562-9b21-2e3fecc229f0', NULL, 'refresh', '{}', '122.172.80.229', 'Mozilla/5.0 (X11; Linux x86_64) AppleWebKit/537.36 (KHTML, like Gecko) Chrome/147.0.0.0 Safari/537.36', '2026-05-09 05:21:38.067911+00', '00000000-0000-0000-0000-000000000001'),
	('04ea1b58-7239-41ac-8c1c-823d0a0da319', NULL, 'refresh', '{}', '122.172.80.229', 'Mozilla/5.0 (X11; Linux x86_64) AppleWebKit/537.36 (KHTML, like Gecko) Chrome/147.0.0.0 Safari/537.36', '2026-05-09 05:21:39.919652+00', '00000000-0000-0000-0000-000000000001'),
	('8543aa65-8ae7-4f6d-bd86-ed910afc2af4', NULL, 'refresh', '{}', '122.172.80.229', 'Mozilla/5.0 (X11; Linux x86_64) AppleWebKit/537.36 (KHTML, like Gecko) Chrome/147.0.0.0 Safari/537.36', '2026-05-09 05:21:49.880854+00', '00000000-0000-0000-0000-000000000001'),
	('86778a6e-bc11-4d7f-8e27-d61be75927c3', NULL, 'refresh', '{}', '122.172.80.229', 'Mozilla/5.0 (X11; Linux x86_64) AppleWebKit/537.36 (KHTML, like Gecko) Chrome/147.0.0.0 Safari/537.36', '2026-05-09 05:21:51.662504+00', '00000000-0000-0000-0000-000000000001'),
	('3f5d1098-2aac-4e8b-80ee-0d473ba249f5', NULL, 'refresh', '{}', '122.172.80.229', 'Mozilla/5.0 (X11; Linux x86_64) AppleWebKit/537.36 (KHTML, like Gecko) Chrome/147.0.0.0 Safari/537.36', '2026-05-09 05:21:55.988298+00', '00000000-0000-0000-0000-000000000001'),
	('48f3e0d6-95c2-4983-8f09-2ff3bc181456', NULL, 'login', '{}', '122.172.80.229', 'Mozilla/5.0 (X11; Linux x86_64) AppleWebKit/537.36 (KHTML, like Gecko) Chrome/147.0.0.0 Safari/537.36', '2026-05-09 05:22:03.612877+00', '00000000-0000-0000-0000-000000000001'),
	('452e7488-4fa5-4997-a309-df724122065e', NULL, 'refresh', '{}', '122.172.80.229', 'Mozilla/5.0 (X11; Linux x86_64) AppleWebKit/537.36 (KHTML, like Gecko) Chrome/147.0.0.0 Safari/537.36', '2026-05-09 05:22:05.359563+00', '00000000-0000-0000-0000-000000000001'),
	('ecbc5450-d66d-4b7f-8448-be0ce7c2d9f5', NULL, 'refresh', '{}', '122.172.80.229', 'Mozilla/5.0 (X11; Linux x86_64) AppleWebKit/537.36 (KHTML, like Gecko) Chrome/147.0.0.0 Safari/537.36', '2026-05-09 05:35:44.855106+00', '00000000-0000-0000-0000-000000000001'),
	('0565881b-3637-4b97-b7ff-042f2c13bfcb', NULL, 'refresh', '{}', '122.172.80.229', 'Mozilla/5.0 (X11; Linux x86_64) AppleWebKit/537.36 (KHTML, like Gecko) Chrome/147.0.0.0 Safari/537.36', '2026-05-09 05:35:46.583763+00', '00000000-0000-0000-0000-000000000001'),
	('41736dbe-2799-4c87-8a12-122b6fbaed08', NULL, 'refresh', '{}', '122.172.80.229', 'Mozilla/5.0 (X11; Linux x86_64) AppleWebKit/537.36 (KHTML, like Gecko) Chrome/147.0.0.0 Safari/537.36', '2026-05-09 05:49:48.015605+00', '00000000-0000-0000-0000-000000000001'),
	('89b2f80b-1c8f-4b03-886e-8f2a3b101e2e', NULL, 'refresh', '{}', '122.172.80.229', 'Mozilla/5.0 (X11; Linux x86_64) AppleWebKit/537.36 (KHTML, like Gecko) Chrome/147.0.0.0 Safari/537.36', '2026-05-09 05:49:49.72718+00', '00000000-0000-0000-0000-000000000001'),
	('7a9be9bf-af75-4647-939b-4e0cb5302f78', NULL, 'refresh', '{}', '122.172.80.229', 'Mozilla/5.0 (X11; Linux x86_64) AppleWebKit/537.36 (KHTML, like Gecko) Chrome/147.0.0.0 Safari/537.36', '2026-05-09 05:50:02.240981+00', '00000000-0000-0000-0000-000000000001'),
	('c997bd24-510e-426d-b9d5-023b632c316e', NULL, 'refresh', '{}', '122.172.80.229', 'Mozilla/5.0 (X11; Linux x86_64) AppleWebKit/537.36 (KHTML, like Gecko) Chrome/147.0.0.0 Safari/537.36', '2026-05-09 05:50:14.073945+00', '00000000-0000-0000-0000-000000000001'),
	('a190a397-d59a-424f-b15c-0904b188b201', NULL, 'refresh', '{}', '122.172.80.229', 'Mozilla/5.0 (X11; Linux x86_64) AppleWebKit/537.36 (KHTML, like Gecko) Chrome/147.0.0.0 Safari/537.36', '2026-05-09 05:50:25.498527+00', '00000000-0000-0000-0000-000000000001'),
	('4d49624f-fc7f-4ec1-8b39-62420477e1ac', NULL, 'login', '{}', '122.172.80.229', 'Mozilla/5.0 (X11; Linux x86_64) AppleWebKit/537.36 (KHTML, like Gecko) Chrome/147.0.0.0 Safari/537.36', '2026-05-09 05:50:31.816525+00', '00000000-0000-0000-0000-000000000001'),
	('a509fd80-176b-45a6-9d65-a8b915be24be', NULL, 'refresh', '{}', '122.172.80.229', 'Mozilla/5.0 (X11; Linux x86_64) AppleWebKit/537.36 (KHTML, like Gecko) Chrome/147.0.0.0 Safari/537.36', '2026-05-09 05:50:33.489874+00', '00000000-0000-0000-0000-000000000001'),
	('a34929e7-ee2e-48a4-bfa5-0a93f4f5e0ee', NULL, 'refresh', '{}', '122.172.80.229', 'Mozilla/5.0 (X11; Linux x86_64) AppleWebKit/537.36 (KHTML, like Gecko) Chrome/147.0.0.0 Safari/537.36', '2026-05-09 06:14:09.223662+00', '00000000-0000-0000-0000-000000000001'),
	('ea81370c-7f8a-4b9e-bac2-eca18c1f8968', NULL, 'refresh', '{}', '122.172.80.229', 'Mozilla/5.0 (X11; Linux x86_64) AppleWebKit/537.36 (KHTML, like Gecko) Chrome/147.0.0.0 Safari/537.36', '2026-05-09 06:14:11.243516+00', '00000000-0000-0000-0000-000000000001'),
	('9055f6cc-9e38-4678-b059-8f25d687f42e', NULL, 'refresh', '{}', '122.172.80.229', 'Mozilla/5.0 (X11; Linux x86_64) AppleWebKit/537.36 (KHTML, like Gecko) Chrome/147.0.0.0 Safari/537.36', '2026-05-09 06:14:12.706109+00', '00000000-0000-0000-0000-000000000001'),
	('0f3655bd-2518-4f38-9244-05470c7c5c80', NULL, 'refresh_theft_detected', '{}', '122.172.80.229', 'Mozilla/5.0 (X11; Linux x86_64) AppleWebKit/537.36 (KHTML, like Gecko) Chrome/147.0.0.0 Safari/537.36', '2026-05-09 06:14:14.590986+00', NULL),
	('0848765f-fd06-475f-a5a0-35158fbcb6d9', NULL, 'login', '{}', '122.172.80.229', 'Mozilla/5.0 (X11; Linux x86_64) AppleWebKit/537.36 (KHTML, like Gecko) Chrome/147.0.0.0 Safari/537.36', '2026-05-09 06:14:26.710101+00', '00000000-0000-0000-0000-000000000001'),
	('3fa22958-c65a-4b29-bb25-d6286916ca29', NULL, 'refresh', '{}', '122.172.80.229', 'Mozilla/5.0 (X11; Linux x86_64) AppleWebKit/537.36 (KHTML, like Gecko) Chrome/147.0.0.0 Safari/537.36', '2026-05-09 06:14:28.503195+00', '00000000-0000-0000-0000-000000000001'),
	('ccf97b46-192e-4a2d-89b7-dceea1aa3460', NULL, 'refresh', '{}', '122.172.80.229', 'Mozilla/5.0 (X11; Linux x86_64) AppleWebKit/537.36 (KHTML, like Gecko) Chrome/147.0.0.0 Safari/537.36', '2026-05-09 06:15:40.371217+00', '00000000-0000-0000-0000-000000000001'),
	('b66e300c-e92b-439b-9609-287b82719244', NULL, 'login', '{}', '122.172.80.229', 'Mozilla/5.0 (X11; Linux x86_64) AppleWebKit/537.36 (KHTML, like Gecko) Chrome/147.0.0.0 Safari/537.36', '2026-05-09 06:15:49.845473+00', '00000000-0000-0000-0000-000000000001'),
	('a0e7a273-1ece-4b52-a816-dc53e20c7735', NULL, 'refresh', '{}', '122.172.80.229', 'Mozilla/5.0 (X11; Linux x86_64) AppleWebKit/537.36 (KHTML, like Gecko) Chrome/147.0.0.0 Safari/537.36', '2026-05-09 06:15:51.463128+00', '00000000-0000-0000-0000-000000000001'),
	('6761a9c5-c32a-4766-ab74-17e4b598e604', NULL, 'refresh', '{}', '122.172.80.229', 'Mozilla/5.0 (X11; Linux x86_64) AppleWebKit/537.36 (KHTML, like Gecko) Chrome/147.0.0.0 Safari/537.36', '2026-05-09 06:56:04.019663+00', '00000000-0000-0000-0000-000000000001'),
	('d4cae688-b701-454c-a2bd-1bdbaf4c93de', NULL, 'refresh_theft_detected', '{}', '122.172.80.229', 'Mozilla/5.0 (X11; Linux x86_64) AppleWebKit/537.36 (KHTML, like Gecko) Chrome/147.0.0.0 Safari/537.36', '2026-05-09 06:56:17.864356+00', NULL),
	('5f6b985b-2729-44bf-a7ff-961d784c3e97', NULL, 'refresh_theft_detected', '{}', '2409:40f2:2017:5b99:fe22:e029:f469:d75d', 'Mozilla/5.0 (X11; Linux x86_64) AppleWebKit/537.36 (KHTML, like Gecko) Chrome/147.0.0.0 Safari/537.36', '2026-05-09 07:40:38.293816+00', NULL),
	('395a0136-0db3-4ceb-b967-b0dff520eb91', NULL, 'login', '{}', '2409:40f2:2017:5b99:fe22:e029:f469:d75d', 'Mozilla/5.0 (X11; Linux x86_64) AppleWebKit/537.36 (KHTML, like Gecko) Chrome/147.0.0.0 Safari/537.36', '2026-05-09 07:40:57.433473+00', '00000000-0000-0000-0000-000000000001'),
	('3956f307-f31e-4b28-a196-a419b8150a76', NULL, 'refresh', '{}', '2409:40f2:2017:5b99:fe22:e029:f469:d75d', 'Mozilla/5.0 (X11; Linux x86_64) AppleWebKit/537.36 (KHTML, like Gecko) Chrome/147.0.0.0 Safari/537.36', '2026-05-09 07:40:58.65225+00', '00000000-0000-0000-0000-000000000001'),
	('d541bf5d-0861-42cf-af4d-5124cb4c04c6', NULL, 'refresh', '{}', '2409:40f2:2017:5b99:a500:4a3e:52b6:389a', 'Mozilla/5.0 (X11; Linux x86_64) AppleWebKit/537.36 (KHTML, like Gecko) Chrome/147.0.0.0 Safari/537.36', '2026-05-09 11:24:36.814705+00', '00000000-0000-0000-0000-000000000001'),
	('76a19e47-0888-4570-bd64-fab48b7ce5b1', NULL, 'login', '{}', '2409:40f2:2017:5b99:a500:4a3e:52b6:389a', 'Mozilla/5.0 (X11; Linux x86_64) AppleWebKit/537.36 (KHTML, like Gecko) Chrome/147.0.0.0 Safari/537.36', '2026-05-09 11:25:09.939104+00', '00000000-0000-0000-0000-000000000001'),
	('e590e532-771c-4dd1-9ab7-a73e47299493', NULL, 'refresh', '{}', '2409:40f2:2017:5b99:a500:4a3e:52b6:389a', 'Mozilla/5.0 (X11; Linux x86_64) AppleWebKit/537.36 (KHTML, like Gecko) Chrome/147.0.0.0 Safari/537.36', '2026-05-09 11:25:11.411279+00', '00000000-0000-0000-0000-000000000001'),
	('1b533275-8775-420e-b0c4-1c5d7689fe2e', NULL, 'refresh', '{}', '2409:40f2:2017:5b99:a500:4a3e:52b6:389a', 'Mozilla/5.0 (X11; Linux x86_64) AppleWebKit/537.36 (KHTML, like Gecko) Chrome/147.0.0.0 Safari/537.36', '2026-05-09 11:42:56.10766+00', '00000000-0000-0000-0000-000000000001'),
	('53fc4645-83a7-4267-9358-c31c0f0c96b4', NULL, 'login', '{}', '2409:40f2:2017:5b99:a500:4a3e:52b6:389a', 'Mozilla/5.0 (X11; Linux x86_64) AppleWebKit/537.36 (KHTML, like Gecko) Chrome/147.0.0.0 Safari/537.36', '2026-05-09 11:43:11.560113+00', '00000000-0000-0000-0000-000000000001'),
	('ece4de37-a3a2-491c-bc59-5e9c3207883a', NULL, 'refresh', '{}', '2409:40f2:2017:5b99:a500:4a3e:52b6:389a', 'Mozilla/5.0 (X11; Linux x86_64) AppleWebKit/537.36 (KHTML, like Gecko) Chrome/147.0.0.0 Safari/537.36', '2026-05-09 11:43:13.571842+00', '00000000-0000-0000-0000-000000000001'),
	('cba7bd6c-eb65-4fdf-97ef-43837d564fce', NULL, 'refresh', '{}', '2409:40f2:2017:5b99:a500:4a3e:52b6:389a', 'Mozilla/5.0 (X11; Linux x86_64) AppleWebKit/537.36 (KHTML, like Gecko) Chrome/147.0.0.0 Safari/537.36', '2026-05-09 11:44:01.933928+00', '00000000-0000-0000-0000-000000000001'),
	('4f6e5e7d-3225-47ff-893b-e06ff30068dd', NULL, 'refresh', '{}', '2409:40f2:2017:5b99:a500:4a3e:52b6:389a', 'Mozilla/5.0 (X11; Linux x86_64) AppleWebKit/537.36 (KHTML, like Gecko) Chrome/147.0.0.0 Safari/537.36', '2026-05-09 11:44:06.867516+00', '00000000-0000-0000-0000-000000000001'),
	('cec0f132-8857-481b-b74f-d25c395f4fee', NULL, 'refresh', '{}', '2409:40f2:2017:5b99:a500:4a3e:52b6:389a', 'Mozilla/5.0 (X11; Linux x86_64) AppleWebKit/537.36 (KHTML, like Gecko) Chrome/147.0.0.0 Safari/537.36', '2026-05-09 11:56:42.212266+00', '00000000-0000-0000-0000-000000000001'),
	('fd0dcf46-8462-4283-90d9-17ae1701060b', NULL, 'refresh', '{}', '2409:40f2:2017:5b99:a500:4a3e:52b6:389a', 'Mozilla/5.0 (X11; Linux x86_64) AppleWebKit/537.36 (KHTML, like Gecko) Chrome/147.0.0.0 Safari/537.36', '2026-05-09 11:56:46.266183+00', '00000000-0000-0000-0000-000000000001'),
	('1e4ed98d-949a-4a3b-b8b2-459f2218e94b', NULL, 'logout', '{}', '2409:40f2:2017:5b99:a500:4a3e:52b6:389a', 'Mozilla/5.0 (X11; Linux x86_64) AppleWebKit/537.36 (KHTML, like Gecko) Chrome/147.0.0.0 Safari/537.36', '2026-05-09 11:56:48.482023+00', '00000000-0000-0000-0000-000000000001'),
	('381c5856-47e4-4e51-a90d-a7355a3845ef', NULL, 'login', '{}', '2409:40f2:2017:5b99:a500:4a3e:52b6:389a', 'Mozilla/5.0 (X11; Linux x86_64) AppleWebKit/537.36 (KHTML, like Gecko) Chrome/147.0.0.0 Safari/537.36', '2026-05-09 11:57:26.180091+00', '00000000-0000-0000-0000-000000000001'),
	('7826fa5a-d733-4186-907e-de6d87c5973b', NULL, 'refresh', '{}', '2409:40f2:2017:5b99:a500:4a3e:52b6:389a', 'Mozilla/5.0 (X11; Linux x86_64) AppleWebKit/537.36 (KHTML, like Gecko) Chrome/147.0.0.0 Safari/537.36', '2026-05-09 11:57:27.724875+00', '00000000-0000-0000-0000-000000000001'),
	('c169524d-c0c5-4b22-a7ca-d8825cef7f6c', NULL, 'refresh', '{}', '2409:40f2:2017:5b99:a500:4a3e:52b6:389a', 'Mozilla/5.0 (X11; Linux x86_64) AppleWebKit/537.36 (KHTML, like Gecko) Chrome/147.0.0.0 Safari/537.36', '2026-05-09 11:57:41.591082+00', '00000000-0000-0000-0000-000000000001'),
	('3c73617b-aecf-419f-a9d7-10b4eb94edf2', NULL, 'refresh', '{}', '2409:40f2:2017:5b99:a500:4a3e:52b6:389a', 'Mozilla/5.0 (X11; Linux x86_64) AppleWebKit/537.36 (KHTML, like Gecko) Chrome/147.0.0.0 Safari/537.36', '2026-05-09 11:57:44.378504+00', '00000000-0000-0000-0000-000000000001'),
	('ce70182e-1387-4873-8dd4-ebd813eb278a', NULL, 'logout', '{}', '2409:40f2:2017:5b99:a500:4a3e:52b6:389a', 'Mozilla/5.0 (X11; Linux x86_64) AppleWebKit/537.36 (KHTML, like Gecko) Chrome/147.0.0.0 Safari/537.36', '2026-05-09 12:09:09.491178+00', '00000000-0000-0000-0000-000000000001'),
	('0fb53a65-1977-4bf6-8e8e-c0d8c30874ad', NULL, 'login', '{}', '2409:40f2:2017:5b99:a500:4a3e:52b6:389a', 'Mozilla/5.0 (X11; Linux x86_64) AppleWebKit/537.36 (KHTML, like Gecko) Chrome/147.0.0.0 Safari/537.36', '2026-05-09 12:09:14.390577+00', '00000000-0000-0000-0000-000000000001'),
	('c8b66433-994d-4c63-a205-ec063d6e449e', NULL, 'refresh', '{}', '2409:40f2:2017:5b99:a500:4a3e:52b6:389a', 'Mozilla/5.0 (X11; Linux x86_64) AppleWebKit/537.36 (KHTML, like Gecko) Chrome/147.0.0.0 Safari/537.36', '2026-05-09 12:09:15.99897+00', '00000000-0000-0000-0000-000000000001'),
	('613679b1-15a4-434e-9b89-2bafdb05f3b2', NULL, 'refresh', '{}', '2409:40f2:2017:5b99:a500:4a3e:52b6:389a', 'Mozilla/5.0 (X11; Linux x86_64) AppleWebKit/537.36 (KHTML, like Gecko) Chrome/147.0.0.0 Safari/537.36', '2026-05-09 12:09:24.224083+00', '00000000-0000-0000-0000-000000000001'),
	('ccbffd25-393d-4f89-ac47-2fe9269fea30', NULL, 'refresh', '{}', '2409:40f2:2017:5b99:a500:4a3e:52b6:389a', 'Mozilla/5.0 (X11; Linux x86_64) AppleWebKit/537.36 (KHTML, like Gecko) Chrome/147.0.0.0 Safari/537.36', '2026-05-09 12:10:56.960014+00', '00000000-0000-0000-0000-000000000001'),
	('0e20fc7f-207e-4e10-b833-2ee144342891', NULL, 'refresh', '{}', '2409:40f2:2017:5b99:a500:4a3e:52b6:389a', 'Mozilla/5.0 (X11; Linux x86_64) AppleWebKit/537.36 (KHTML, like Gecko) Chrome/147.0.0.0 Safari/537.36', '2026-05-09 12:11:07.282894+00', '00000000-0000-0000-0000-000000000001'),
	('89b1eb59-436a-45cb-b920-2e276c18bac9', NULL, 'refresh', '{}', '2409:40f2:2017:5b99:a500:4a3e:52b6:389a', 'Mozilla/5.0 (X11; Linux x86_64) AppleWebKit/537.36 (KHTML, like Gecko) Chrome/147.0.0.0 Safari/537.36', '2026-05-09 12:11:08.369194+00', '00000000-0000-0000-0000-000000000001'),
	('77a855e2-6804-4e3a-9659-80aed4d336e6', NULL, 'refresh', '{}', '2409:40f2:2017:5b99:a500:4a3e:52b6:389a', 'Mozilla/5.0 (X11; Linux x86_64) AppleWebKit/537.36 (KHTML, like Gecko) Chrome/147.0.0.0 Safari/537.36', '2026-05-09 12:17:12.308418+00', '00000000-0000-0000-0000-000000000001'),
	('1b02ca70-0259-4810-b639-54c6dc6fb061', NULL, 'refresh', '{}', '2409:40f2:2017:5b99:a500:4a3e:52b6:389a', 'Mozilla/5.0 (X11; Linux x86_64) AppleWebKit/537.36 (KHTML, like Gecko) Chrome/147.0.0.0 Safari/537.36', '2026-05-09 12:17:15.578457+00', '00000000-0000-0000-0000-000000000001'),
	('e5b17a18-b756-44b9-97ab-6e1100c658c6', NULL, 'refresh', '{}', '2409:40f2:2017:5b99:a500:4a3e:52b6:389a', 'Mozilla/5.0 (X11; Linux x86_64) AppleWebKit/537.36 (KHTML, like Gecko) Chrome/147.0.0.0 Safari/537.36', '2026-05-09 12:25:33.48186+00', '00000000-0000-0000-0000-000000000001'),
	('75530c63-310f-4609-9b6c-2b595b740ae2', NULL, 'login', '{}', '2409:40f2:2017:5b99:a500:4a3e:52b6:389a', 'Mozilla/5.0 (X11; Linux x86_64) AppleWebKit/537.36 (KHTML, like Gecko) Chrome/147.0.0.0 Safari/537.36', '2026-05-09 12:25:41.32814+00', '00000000-0000-0000-0000-000000000001'),
	('8304631e-aaca-4116-9d1f-f1240a9f7d4e', NULL, 'refresh', '{}', '2409:40f2:2017:5b99:a500:4a3e:52b6:389a', 'Mozilla/5.0 (X11; Linux x86_64) AppleWebKit/537.36 (KHTML, like Gecko) Chrome/147.0.0.0 Safari/537.36', '2026-05-09 12:25:43.383363+00', '00000000-0000-0000-0000-000000000001'),
	('7f5555d4-2c21-44db-95bf-b18fe8a8b24c', NULL, 'refresh', '{}', '2409:40f2:2017:5b99:a500:4a3e:52b6:389a', 'Mozilla/5.0 (X11; Linux x86_64) AppleWebKit/537.36 (KHTML, like Gecko) Chrome/147.0.0.0 Safari/537.36', '2026-05-09 12:25:52.19615+00', '00000000-0000-0000-0000-000000000001'),
	('0948561e-7cc2-49bb-b06c-b717f2986e1a', NULL, 'refresh', '{}', '2409:40f2:2017:5b99:a500:4a3e:52b6:389a', 'Mozilla/5.0 (X11; Linux x86_64) AppleWebKit/537.36 (KHTML, like Gecko) Chrome/147.0.0.0 Safari/537.36', '2026-05-09 12:25:54.93848+00', '00000000-0000-0000-0000-000000000001'),
	('b638593b-c51a-4d38-a13c-74d2b5b1849d', NULL, 'refresh', '{}', '2409:40f2:2017:5b99:a500:4a3e:52b6:389a', 'Mozilla/5.0 (X11; Linux x86_64) AppleWebKit/537.36 (KHTML, like Gecko) Chrome/147.0.0.0 Safari/537.36', '2026-05-09 12:30:24.545146+00', '00000000-0000-0000-0000-000000000001'),
	('cf96f79b-9deb-40c0-a3f0-85bf12914eac', NULL, 'refresh', '{}', '2409:40f2:2017:5b99:a500:4a3e:52b6:389a', 'Mozilla/5.0 (X11; Linux x86_64) AppleWebKit/537.36 (KHTML, like Gecko) Chrome/147.0.0.0 Safari/537.36', '2026-05-09 12:30:33.338301+00', '00000000-0000-0000-0000-000000000001'),
	('e2b1c4b5-99d9-4c4e-b4d5-70ebf867de57', NULL, 'login', '{}', '2409:40f2:2017:5b99:a500:4a3e:52b6:389a', 'Mozilla/5.0 (X11; Linux x86_64) AppleWebKit/537.36 (KHTML, like Gecko) Chrome/147.0.0.0 Safari/537.36', '2026-05-09 12:30:43.348378+00', '00000000-0000-0000-0000-000000000001'),
	('dcf06fb1-ae80-4f38-b2f1-d07c1f158766', NULL, 'refresh', '{}', '2409:40f2:2017:5b99:a500:4a3e:52b6:389a', 'Mozilla/5.0 (X11; Linux x86_64) AppleWebKit/537.36 (KHTML, like Gecko) Chrome/147.0.0.0 Safari/537.36', '2026-05-09 12:30:45.178381+00', '00000000-0000-0000-0000-000000000001'),
	('71b4981d-f73c-4c8b-8404-96ee09f72c01', NULL, 'refresh', '{}', '2409:40f2:2017:5b99:a500:4a3e:52b6:389a', 'Mozilla/5.0 (X11; Linux x86_64) AppleWebKit/537.36 (KHTML, like Gecko) Chrome/147.0.0.0 Safari/537.36', '2026-05-09 12:30:54.150432+00', '00000000-0000-0000-0000-000000000001'),
	('70611ca6-ecb4-445c-9374-e9d8a20b1ff6', NULL, 'refresh', '{}', '2409:40f2:2017:5b99:a500:4a3e:52b6:389a', 'Mozilla/5.0 (X11; Linux x86_64) AppleWebKit/537.36 (KHTML, like Gecko) Chrome/147.0.0.0 Safari/537.36', '2026-05-09 12:49:34.355049+00', '00000000-0000-0000-0000-000000000001'),
	('d8cdeac9-e69d-42e4-a283-20b9ab4a8d04', NULL, 'refresh', '{}', '2409:40f2:2017:5b99:a500:4a3e:52b6:389a', 'Mozilla/5.0 (X11; Linux x86_64) AppleWebKit/537.36 (KHTML, like Gecko) Chrome/147.0.0.0 Safari/537.36', '2026-05-09 12:49:41.232744+00', '00000000-0000-0000-0000-000000000001'),
	('6e0552f5-1f0c-4f5c-b6a0-b836abc40caf', NULL, 'refresh', '{}', '2409:40f2:2017:5b99:a500:4a3e:52b6:389a', 'Mozilla/5.0 (X11; Linux x86_64) AppleWebKit/537.36 (KHTML, like Gecko) Chrome/147.0.0.0 Safari/537.36', '2026-05-09 12:51:39.79653+00', '00000000-0000-0000-0000-000000000001'),
	('430bd840-2008-44bc-9e37-0f2731f60d69', NULL, 'refresh', '{}', '2409:40f2:2017:5b99:a500:4a3e:52b6:389a', 'Mozilla/5.0 (X11; Linux x86_64) AppleWebKit/537.36 (KHTML, like Gecko) Chrome/147.0.0.0 Safari/537.36', '2026-05-09 12:51:47.831143+00', '00000000-0000-0000-0000-000000000001'),
	('c1c00ba1-8e3c-478e-9498-efa21efecefa', NULL, 'refresh', '{}', '2409:40f2:2017:5b99:a500:4a3e:52b6:389a', 'Mozilla/5.0 (X11; Linux x86_64) AppleWebKit/537.36 (KHTML, like Gecko) Chrome/147.0.0.0 Safari/537.36', '2026-05-09 13:07:58.345026+00', '00000000-0000-0000-0000-000000000001'),
	('db12d65a-432f-43bc-a73e-34654108188d', NULL, 'login', '{}', '2409:40f2:2017:5b99:a500:4a3e:52b6:389a', 'Mozilla/5.0 (X11; Linux x86_64) AppleWebKit/537.36 (KHTML, like Gecko) Chrome/147.0.0.0 Safari/537.36', '2026-05-09 13:08:12.94134+00', '00000000-0000-0000-0000-000000000001'),
	('f54d4598-761b-478e-b751-bd674c973cc4', NULL, 'refresh', '{}', '2409:40f2:2017:5b99:a500:4a3e:52b6:389a', 'Mozilla/5.0 (X11; Linux x86_64) AppleWebKit/537.36 (KHTML, like Gecko) Chrome/147.0.0.0 Safari/537.36', '2026-05-09 13:08:14.812591+00', '00000000-0000-0000-0000-000000000001'),
	('a1c345ef-48b3-4205-89ab-6900b7acc0f2', NULL, 'refresh', '{}', '2409:40f2:2017:5b99:a500:4a3e:52b6:389a', 'Mozilla/5.0 (X11; Linux x86_64) AppleWebKit/537.36 (KHTML, like Gecko) Chrome/147.0.0.0 Safari/537.36', '2026-05-09 13:08:27.804362+00', '00000000-0000-0000-0000-000000000001'),
	('46f38c33-a7c2-4ddd-b328-2377b45efdb0', NULL, 'refresh', '{}', '2409:40f2:2017:5b99:a500:4a3e:52b6:389a', 'Mozilla/5.0 (X11; Linux x86_64) AppleWebKit/537.36 (KHTML, like Gecko) Chrome/147.0.0.0 Safari/537.36', '2026-05-09 13:08:49.613269+00', '00000000-0000-0000-0000-000000000001'),
	('4a61e6dd-c577-4c3a-be5d-c72f554c4717', NULL, 'refresh', '{}', '2409:40f2:2017:5b99:a500:4a3e:52b6:389a', 'Mozilla/5.0 (X11; Linux x86_64) AppleWebKit/537.36 (KHTML, like Gecko) Chrome/147.0.0.0 Safari/537.36', '2026-05-09 13:09:33.837782+00', '00000000-0000-0000-0000-000000000001'),
	('03f4d15c-2d97-404a-b70e-6d8c35cf9117', NULL, 'login', '{}', '2409:40f2:2017:5b99:a500:4a3e:52b6:389a', 'Mozilla/5.0 (X11; Linux x86_64) AppleWebKit/537.36 (KHTML, like Gecko) Chrome/147.0.0.0 Safari/537.36', '2026-05-09 13:09:41.660502+00', '00000000-0000-0000-0000-000000000001'),
	('f851c5af-8939-427f-abf7-fa5e785848f6', NULL, 'refresh', '{}', '2409:40f2:2017:5b99:a500:4a3e:52b6:389a', 'Mozilla/5.0 (X11; Linux x86_64) AppleWebKit/537.36 (KHTML, like Gecko) Chrome/147.0.0.0 Safari/537.36', '2026-05-09 13:09:43.136359+00', '00000000-0000-0000-0000-000000000001'),
	('47edf7bf-dcb2-4d53-b144-fbfd6e6c6e86', NULL, 'refresh', '{}', '2409:40f2:2017:5b99:a500:4a3e:52b6:389a', 'Mozilla/5.0 (X11; Linux x86_64) AppleWebKit/537.36 (KHTML, like Gecko) Chrome/147.0.0.0 Safari/537.36', '2026-05-09 13:09:52.551378+00', '00000000-0000-0000-0000-000000000001'),
	('b89a6480-414a-4e34-aeda-5c4a9a1af399', NULL, 'refresh', '{}', '2409:40f2:2017:5b99:a500:4a3e:52b6:389a', 'Mozilla/5.0 (X11; Linux x86_64) AppleWebKit/537.36 (KHTML, like Gecko) Chrome/147.0.0.0 Safari/537.36', '2026-05-09 13:13:14.637565+00', '00000000-0000-0000-0000-000000000001'),
	('c436cd6e-2d5c-4c4c-8db5-9867da41125a', NULL, 'refresh', '{}', '2409:40f2:2017:5b99:a500:4a3e:52b6:389a', 'Mozilla/5.0 (X11; Linux x86_64) AppleWebKit/537.36 (KHTML, like Gecko) Chrome/147.0.0.0 Safari/537.36', '2026-05-09 13:13:28.868214+00', '00000000-0000-0000-0000-000000000001'),
	('a1552ae4-c20b-439b-9fa6-8f50f15ee3d4', NULL, 'refresh', '{}', '2409:40f2:2017:5b99:a500:4a3e:52b6:389a', 'Mozilla/5.0 (X11; Linux x86_64) AppleWebKit/537.36 (KHTML, like Gecko) Chrome/147.0.0.0 Safari/537.36', '2026-05-09 13:42:47.936161+00', '00000000-0000-0000-0000-000000000001'),
	('541c6411-b432-4df6-b39f-d6f4c826ba0f', NULL, 'refresh', '{}', '2409:40f2:2017:5b99:a500:4a3e:52b6:389a', 'Mozilla/5.0 (X11; Linux x86_64) AppleWebKit/537.36 (KHTML, like Gecko) Chrome/147.0.0.0 Safari/537.36', '2026-05-09 13:42:52.360376+00', '00000000-0000-0000-0000-000000000001'),
	('25ed2dc5-3054-494a-98ab-89fd825d31cf', NULL, 'refresh', '{}', '2409:40f2:2017:5b99:a500:4a3e:52b6:389a', 'Mozilla/5.0 (X11; Linux x86_64) AppleWebKit/537.36 (KHTML, like Gecko) Chrome/147.0.0.0 Safari/537.36', '2026-05-09 13:43:43.314536+00', '00000000-0000-0000-0000-000000000001'),
	('0bd54c43-ab5e-455e-8e8f-011074902cf9', NULL, 'refresh', '{}', '2409:40f2:2017:5b99:a500:4a3e:52b6:389a', 'Mozilla/5.0 (X11; Linux x86_64) AppleWebKit/537.36 (KHTML, like Gecko) Chrome/147.0.0.0 Safari/537.36', '2026-05-09 13:43:46.949198+00', '00000000-0000-0000-0000-000000000001'),
	('ad66d12a-3c98-42bf-91b8-203d775be0f6', NULL, 'refresh', '{}', '2409:40f2:2017:5b99:a500:4a3e:52b6:389a', 'Mozilla/5.0 (X11; Linux x86_64) AppleWebKit/537.36 (KHTML, like Gecko) Chrome/147.0.0.0 Safari/537.36', '2026-05-09 13:44:53.169113+00', '00000000-0000-0000-0000-000000000001'),
	('490c1d36-15c4-4f93-9a64-e2d1c6f6fa70', NULL, 'logout', '{}', '2409:40f2:2017:5b99:a500:4a3e:52b6:389a', 'Mozilla/5.0 (X11; Linux x86_64) AppleWebKit/537.36 (KHTML, like Gecko) Chrome/147.0.0.0 Safari/537.36', '2026-05-09 14:05:28.616586+00', '00000000-0000-0000-0000-000000000001'),
	('9542cd82-89d2-4505-92be-0b11810c9b17', NULL, 'login', '{}', '2409:40f2:2017:5b99:a500:4a3e:52b6:389a', 'Mozilla/5.0 (X11; Linux x86_64) AppleWebKit/537.36 (KHTML, like Gecko) Chrome/147.0.0.0 Safari/537.36', '2026-05-09 14:05:34.188677+00', '00000000-0000-0000-0000-000000000001'),
	('db00a836-da7f-44c4-9972-e09d1843b9c7', NULL, 'refresh', '{}', '2409:40f2:2017:5b99:a500:4a3e:52b6:389a', 'Mozilla/5.0 (X11; Linux x86_64) AppleWebKit/537.36 (KHTML, like Gecko) Chrome/147.0.0.0 Safari/537.36', '2026-05-09 14:05:35.5147+00', '00000000-0000-0000-0000-000000000001'),
	('f7f2b87c-7bbd-4461-bd2c-8a2ef35b67d7', NULL, 'refresh', '{}', '2409:40f2:2017:5b99:a500:4a3e:52b6:389a', 'Mozilla/5.0 (X11; Linux x86_64) AppleWebKit/537.36 (KHTML, like Gecko) Chrome/147.0.0.0 Safari/537.36', '2026-05-09 14:05:45.519817+00', '00000000-0000-0000-0000-000000000001'),
	('b21cf7d4-853b-43bf-beb3-e965757aca9e', NULL, 'refresh', '{}', '2409:40f2:2017:5b99:a500:4a3e:52b6:389a', 'Mozilla/5.0 (X11; Linux x86_64) AppleWebKit/537.36 (KHTML, like Gecko) Chrome/147.0.0.0 Safari/537.36', '2026-05-09 14:06:13.584237+00', '00000000-0000-0000-0000-000000000001'),
	('52af7a5f-6106-4acb-860b-0a9890e7e3ef', NULL, 'refresh', '{}', '2409:40f2:2017:5b99:a500:4a3e:52b6:389a', 'Mozilla/5.0 (X11; Linux x86_64) AppleWebKit/537.36 (KHTML, like Gecko) Chrome/147.0.0.0 Safari/537.36', '2026-05-09 14:07:23.636256+00', '00000000-0000-0000-0000-000000000001'),
	('d977d768-1ed2-40d8-bd90-89814d8f7ef3', NULL, 'refresh', '{}', '2409:40f2:2017:5b99:1a45:664:8e6d:5987', 'Mozilla/5.0 (X11; Linux x86_64) AppleWebKit/537.36 (KHTML, like Gecko) Chrome/147.0.0.0 Safari/537.36', '2026-05-09 17:42:05.074067+00', '00000000-0000-0000-0000-000000000001'),
	('f7325b68-767f-4d29-b0f6-037d9274bc5c', NULL, 'login', '{}', '2409:40f2:2017:5b99:1a45:664:8e6d:5987', 'Mozilla/5.0 (X11; Linux x86_64) AppleWebKit/537.36 (KHTML, like Gecko) Chrome/147.0.0.0 Safari/537.36', '2026-05-09 17:42:18.347736+00', '00000000-0000-0000-0000-000000000001'),
	('9a994abe-bcf9-4d09-ba8c-4e9618fbe7dd', NULL, 'refresh', '{}', '2409:40f2:2017:5b99:1a45:664:8e6d:5987', 'Mozilla/5.0 (X11; Linux x86_64) AppleWebKit/537.36 (KHTML, like Gecko) Chrome/147.0.0.0 Safari/537.36', '2026-05-09 17:42:20.132369+00', '00000000-0000-0000-0000-000000000001'),
	('efca8b80-f3dd-4e0b-960e-9e2a1ac2bd53', NULL, 'refresh', '{}', '2409:40f2:2017:5b99:1a45:664:8e6d:5987', 'Mozilla/5.0 (X11; Linux x86_64) AppleWebKit/537.36 (KHTML, like Gecko) Chrome/147.0.0.0 Safari/537.36', '2026-05-09 17:42:28.810994+00', '00000000-0000-0000-0000-000000000001'),
	('06c84650-37c8-4b3a-8f73-119d9a844044', NULL, 'refresh', '{}', '2409:40f2:2017:5b99:1a45:664:8e6d:5987', 'Mozilla/5.0 (X11; Linux x86_64) AppleWebKit/537.36 (KHTML, like Gecko) Chrome/147.0.0.0 Safari/537.36', '2026-05-09 17:42:57.959921+00', '00000000-0000-0000-0000-000000000001'),
	('3efa0fe8-4547-4629-b611-5924fc3398af', NULL, 'refresh', '{}', '2409:40f2:2017:5b99:1a45:664:8e6d:5987', 'Mozilla/5.0 (X11; Linux x86_64) AppleWebKit/537.36 (KHTML, like Gecko) Chrome/147.0.0.0 Safari/537.36', '2026-05-09 17:42:59.608792+00', '00000000-0000-0000-0000-000000000001'),
	('b03cb8b0-418a-4e43-a719-29f4b8d10961', NULL, 'refresh', '{}', '2409:40f2:2017:5b99:1a45:664:8e6d:5987', 'Mozilla/5.0 (X11; Linux x86_64) AppleWebKit/537.36 (KHTML, like Gecko) Chrome/147.0.0.0 Safari/537.36', '2026-05-09 17:43:10.323747+00', '00000000-0000-0000-0000-000000000001'),
	('68ed19f7-0deb-4494-b1f4-9d23f0019203', NULL, 'logout', '{}', '2409:40f2:2017:5b99:1a45:664:8e6d:5987', 'Mozilla/5.0 (X11; Linux x86_64) AppleWebKit/537.36 (KHTML, like Gecko) Chrome/147.0.0.0 Safari/537.36', '2026-05-09 17:51:40.479006+00', '00000000-0000-0000-0000-000000000001'),
	('d4c74850-1d31-4d66-8f4c-4d68b8f2c98b', NULL, 'login', '{}', '2409:40f2:2017:5b99:1a45:664:8e6d:5987', 'Mozilla/5.0 (X11; Linux x86_64) AppleWebKit/537.36 (KHTML, like Gecko) Chrome/147.0.0.0 Safari/537.36', '2026-05-09 17:51:51.670934+00', '00000000-0000-0000-0000-000000000001'),
	('971310e3-e197-42ac-a618-caae7a2b60a7', NULL, 'refresh', '{}', '2409:40f2:2017:5b99:1a45:664:8e6d:5987', 'Mozilla/5.0 (X11; Linux x86_64) AppleWebKit/537.36 (KHTML, like Gecko) Chrome/147.0.0.0 Safari/537.36', '2026-05-09 17:51:53.155211+00', '00000000-0000-0000-0000-000000000001'),
	('9eb3b22d-4966-428b-9232-32bb8799366e', NULL, 'refresh', '{}', '2409:40f2:2017:5b99:1a45:664:8e6d:5987', 'Mozilla/5.0 (X11; Linux x86_64) AppleWebKit/537.36 (KHTML, like Gecko) Chrome/147.0.0.0 Safari/537.36', '2026-05-09 17:51:59.717083+00', '00000000-0000-0000-0000-000000000001'),
	('330a7d43-8cdc-4af8-bbc5-80bad3ceaa8d', NULL, 'refresh', '{}', '2409:40f2:2017:5b99:1a45:664:8e6d:5987', 'Mozilla/5.0 (X11; Linux x86_64) AppleWebKit/537.36 (KHTML, like Gecko) Chrome/147.0.0.0 Safari/537.36', '2026-05-09 17:52:42.895117+00', '00000000-0000-0000-0000-000000000001'),
	('9827df9d-8166-4f64-83e4-800ef39d1b88', NULL, 'refresh', '{}', '2409:40f2:2017:5b99:1a45:664:8e6d:5987', 'Mozilla/5.0 (X11; Linux x86_64) AppleWebKit/537.36 (KHTML, like Gecko) Chrome/147.0.0.0 Safari/537.36', '2026-05-09 17:52:55.335072+00', '00000000-0000-0000-0000-000000000001'),
	('849c137e-145e-41fd-b3e2-be96bae246b1', NULL, 'refresh', '{}', '2409:40f2:2017:5b99:1a45:664:8e6d:5987', 'Mozilla/5.0 (X11; Linux x86_64) AppleWebKit/537.36 (KHTML, like Gecko) Chrome/147.0.0.0 Safari/537.36', '2026-05-09 17:53:39.635634+00', '00000000-0000-0000-0000-000000000001'),
	('169a4683-2389-4c0a-83af-ff41f46dcfe8', NULL, 'refresh', '{}', '2409:40f2:2017:5b99:1a45:664:8e6d:5987', 'Mozilla/5.0 (X11; Linux x86_64) AppleWebKit/537.36 (KHTML, like Gecko) Chrome/147.0.0.0 Safari/537.36', '2026-05-09 18:12:38.057756+00', '00000000-0000-0000-0000-000000000001'),
	('dd9ab47c-b591-49e9-a793-6c468e6bbfe1', NULL, 'refresh', '{}', '2409:40f2:2017:5b99:1a45:664:8e6d:5987', 'Mozilla/5.0 (X11; Linux x86_64) AppleWebKit/537.36 (KHTML, like Gecko) Chrome/147.0.0.0 Safari/537.36', '2026-05-09 19:00:55.552561+00', '00000000-0000-0000-0000-000000000001'),
	('b27baf25-3963-43ae-a124-2fc8020fb1e9', NULL, 'refresh', '{}', '2409:40f2:2017:5b99:1a45:664:8e6d:5987', 'Mozilla/5.0 (X11; Linux x86_64) AppleWebKit/537.36 (KHTML, like Gecko) Chrome/147.0.0.0 Safari/537.36', '2026-05-09 19:00:58.763646+00', '00000000-0000-0000-0000-000000000001'),
	('10c4e37c-8840-4bc3-b79b-9eb25529acd1', NULL, 'refresh', '{}', '2409:40f2:2017:5b99:1a45:664:8e6d:5987', 'Mozilla/5.0 (X11; Linux x86_64) AppleWebKit/537.36 (KHTML, like Gecko) Chrome/147.0.0.0 Safari/537.36', '2026-05-09 19:23:41.835133+00', '00000000-0000-0000-0000-000000000001'),
	('aba069dd-b703-4f79-b820-833fd5c1d57c', NULL, 'refresh', '{}', '2409:40f2:2017:5b99:1a45:664:8e6d:5987', 'Mozilla/5.0 (X11; Linux x86_64) AppleWebKit/537.36 (KHTML, like Gecko) Chrome/147.0.0.0 Safari/537.36', '2026-05-09 19:23:44.395667+00', '00000000-0000-0000-0000-000000000001'),
	('f6471e8e-9622-4810-8b95-e871a7ea2e2d', NULL, 'refresh', '{}', '2409:40f2:2017:5b99:1a45:664:8e6d:5987', 'Mozilla/5.0 (X11; Linux x86_64) AppleWebKit/537.36 (KHTML, like Gecko) Chrome/147.0.0.0 Safari/537.36', '2026-05-09 19:37:56.154794+00', '00000000-0000-0000-0000-000000000001'),
	('f3ba2f4f-304f-47bc-b9d8-e0782b034a1f', NULL, 'refresh', '{}', '2409:40f2:2017:5b99:1a45:664:8e6d:5987', 'Mozilla/5.0 (X11; Linux x86_64) AppleWebKit/537.36 (KHTML, like Gecko) Chrome/147.0.0.0 Safari/537.36', '2026-05-09 19:37:58.100712+00', '00000000-0000-0000-0000-000000000001'),
	('0b0ca152-44e8-4c13-b3b7-0637d531932f', NULL, 'refresh', '{}', '2409:40f2:2017:5b99:1a45:664:8e6d:5987', 'Mozilla/5.0 (X11; Linux x86_64) AppleWebKit/537.36 (KHTML, like Gecko) Chrome/147.0.0.0 Safari/537.36', '2026-05-09 19:47:47.991367+00', '00000000-0000-0000-0000-000000000001'),
	('a559c58d-56ac-421b-941e-c7a27b545131', NULL, 'refresh', '{}', '2409:40f2:2017:5b99:1a45:664:8e6d:5987', 'Mozilla/5.0 (X11; Linux x86_64) AppleWebKit/537.36 (KHTML, like Gecko) Chrome/147.0.0.0 Safari/537.36', '2026-05-09 19:47:49.972552+00', '00000000-0000-0000-0000-000000000001'),
	('130786cc-8a17-4a22-bebc-7bb2b229a317', NULL, 'refresh', '{}', '2409:40f2:2017:5b99:1a45:664:8e6d:5987', 'Mozilla/5.0 (X11; Linux x86_64) AppleWebKit/537.36 (KHTML, like Gecko) Chrome/147.0.0.0 Safari/537.36', '2026-05-09 20:02:39.581673+00', '00000000-0000-0000-0000-000000000001'),
	('0deaaf52-22c6-4a0d-bc05-71e6e424497b', NULL, 'refresh', '{}', '2409:40f2:2017:5b99:1a45:664:8e6d:5987', 'Mozilla/5.0 (X11; Linux x86_64) AppleWebKit/537.36 (KHTML, like Gecko) Chrome/147.0.0.0 Safari/537.36', '2026-05-09 20:02:41.555049+00', '00000000-0000-0000-0000-000000000001'),
	('255293fe-3b70-40c1-a0e8-606ed02a2faf', NULL, 'refresh', '{}', '122.172.84.252', 'Mozilla/5.0 (X11; Linux x86_64) AppleWebKit/537.36 (KHTML, like Gecko) Chrome/147.0.0.0 Safari/537.36', '2026-05-11 04:41:24.198366+00', '00000000-0000-0000-0000-000000000001'),
	('0ed456eb-b898-4d19-8859-d0bcf74a5f40', NULL, 'login', '{}', '122.172.84.252', 'Mozilla/5.0 (X11; Linux x86_64) AppleWebKit/537.36 (KHTML, like Gecko) Chrome/147.0.0.0 Safari/537.36', '2026-05-11 04:41:32.322584+00', '00000000-0000-0000-0000-000000000001'),
	('f45972d2-e5d2-470b-a263-ccf87f2a4987', NULL, 'refresh', '{}', '122.172.84.252', 'Mozilla/5.0 (X11; Linux x86_64) AppleWebKit/537.36 (KHTML, like Gecko) Chrome/147.0.0.0 Safari/537.36', '2026-05-11 04:41:34.001567+00', '00000000-0000-0000-0000-000000000001'),
	('72e0abbf-62fc-4895-bae3-ab2676a83de0', '2dc576b6-505e-481c-82bf-dfda564b34a5', 'login_failed', '{}', '122.172.84.252', 'Mozilla/5.0 (Windows NT 10.0; Win64; x64) AppleWebKit/537.36 (KHTML, like Gecko) Chrome/147.0.0.0 Safari/537.36', '2026-05-11 04:58:06.434474+00', NULL),
	('eaae22f9-f387-491d-aa00-df241434f002', 'fad0e9e3-448a-4752-83a0-feb7f9588fdf', 'signup_member', '{"role": "learner", "email_sent": true}', '122.172.84.252', 'Mozilla/5.0 (X11; Linux x86_64) AppleWebKit/537.36 (KHTML, like Gecko) Chrome/147.0.0.0 Safari/537.36', '2026-05-11 04:42:18.217649+00', '00000000-0000-0000-0000-000000000001'),
	('12e967eb-cc7c-44ed-8246-e863eb013950', 'fad0e9e3-448a-4752-83a0-feb7f9588fdf', 'refresh', '{}', '122.172.84.252', 'Mozilla/5.0 (X11; Linux x86_64) AppleWebKit/537.36 (KHTML, like Gecko) Chrome/147.0.0.0 Safari/537.36', '2026-05-11 04:42:21.300219+00', '00000000-0000-0000-0000-000000000001'),
	('19512a5b-914e-47ca-9e6e-25766b94c0f1', 'fad0e9e3-448a-4752-83a0-feb7f9588fdf', 'refresh', '{}', '122.172.84.252', 'Mozilla/5.0 (X11; Linux x86_64) AppleWebKit/537.36 (KHTML, like Gecko) Chrome/147.0.0.0 Safari/537.36', '2026-05-11 04:42:40.924937+00', '00000000-0000-0000-0000-000000000001'),
	('d166ee8e-b105-40c3-a2e1-5a00d153fe1b', 'fad0e9e3-448a-4752-83a0-feb7f9588fdf', 'refresh', '{}', '122.172.84.252', 'Mozilla/5.0 (X11; Linux x86_64) AppleWebKit/537.36 (KHTML, like Gecko) Chrome/147.0.0.0 Safari/537.36', '2026-05-11 04:43:05.952276+00', '00000000-0000-0000-0000-000000000001'),
	('c9d6ce4a-5ea8-4f14-8039-d4df94846457', 'fad0e9e3-448a-4752-83a0-feb7f9588fdf', 'refresh', '{}', '122.172.84.252', 'Mozilla/5.0 (X11; Linux x86_64) AppleWebKit/537.36 (KHTML, like Gecko) Chrome/147.0.0.0 Safari/537.36', '2026-05-11 04:43:07.382909+00', '00000000-0000-0000-0000-000000000001'),
	('74e6d148-053e-4f35-8acb-1e5ff6ca92ac', '2dc576b6-505e-481c-82bf-dfda564b34a5', 'login', '{}', '122.172.84.252', 'Mozilla/5.0 (Windows NT 10.0; Win64; x64) AppleWebKit/537.36 (KHTML, like Gecko) Chrome/147.0.0.0 Safari/537.36', '2026-05-11 04:58:21.321552+00', '00000000-0000-0000-0000-000000000001'),
	('5902e9b7-1757-4c8d-98c0-78acbdc027eb', '2dc576b6-505e-481c-82bf-dfda564b34a5', 'refresh', '{}', '122.172.84.252', 'Mozilla/5.0 (Windows NT 10.0; Win64; x64) AppleWebKit/537.36 (KHTML, like Gecko) Chrome/147.0.0.0 Safari/537.36', '2026-05-11 04:58:23.041777+00', '00000000-0000-0000-0000-000000000001'),
	('6ad7b11d-dd96-4a27-a2c5-30c9cec588eb', '2dc576b6-505e-481c-82bf-dfda564b34a5', 'refresh', '{}', '122.172.84.252', 'Mozilla/5.0 (Windows NT 10.0; Win64; x64) AppleWebKit/537.36 (KHTML, like Gecko) Chrome/147.0.0.0 Safari/537.36', '2026-05-11 04:58:29.583627+00', '00000000-0000-0000-0000-000000000001'),
	('018b92d0-3930-4913-9c71-3b005b21af89', '2dc576b6-505e-481c-82bf-dfda564b34a5', 'refresh', '{}', '122.172.84.252', 'Mozilla/5.0 (Windows NT 10.0; Win64; x64) AppleWebKit/537.36 (KHTML, like Gecko) Chrome/147.0.0.0 Safari/537.36', '2026-05-11 04:58:50.351837+00', '00000000-0000-0000-0000-000000000001'),
	('42b6a107-88ca-498d-a9eb-b9ce4a136a1a', 'dcaefb3c-9c36-4c13-b9b2-fc7166eb3810', 'refresh', '{}', '2a09:bac5:3b28:eaa::176:86', 'Mozilla/5.0 (Windows NT 10.0; Win64; x64) AppleWebKit/537.36 (KHTML, like Gecko) Chrome/148.0.0.0 Safari/537.36', '2026-05-11 11:58:34.940177+00', '00000000-0000-0000-0000-000000000001'),
	('34289828-be5f-41c7-877a-6720c7dd1b10', 'dcaefb3c-9c36-4c13-b9b2-fc7166eb3810', 'login', '{}', '2a09:bac5:3b28:eaa::176:86', 'Mozilla/5.0 (Windows NT 10.0; Win64; x64) AppleWebKit/537.36 (KHTML, like Gecko) Chrome/148.0.0.0 Safari/537.36', '2026-05-11 11:59:26.583106+00', '00000000-0000-0000-0000-000000000001'),
	('6094dc92-e6bd-4279-9cb0-c0adcef95939', 'dcaefb3c-9c36-4c13-b9b2-fc7166eb3810', 'logout', '{}', '2a09:bac5:3b2f:eaa::176:86', 'Mozilla/5.0 (Windows NT 10.0; Win64; x64) AppleWebKit/537.36 (KHTML, like Gecko) Chrome/148.0.0.0 Safari/537.36', '2026-05-11 12:05:19.050335+00', '00000000-0000-0000-0000-000000000001'),
	('b116f833-9e0f-48a9-b570-c0a0b28fa912', 'dcaefb3c-9c36-4c13-b9b2-fc7166eb3810', 'login', '{}', '2a09:bac5:3b2f:eaa::176:86', 'Mozilla/5.0 (Windows NT 10.0; Win64; x64) AppleWebKit/537.36 (KHTML, like Gecko) Chrome/148.0.0.0 Safari/537.36', '2026-05-11 12:05:35.634887+00', '00000000-0000-0000-0000-000000000001'),
	('10b7fcab-de13-4b95-a01e-3945a8fd3978', 'a9d336f3-9dbe-4129-ba87-12e3edec6ea6', 'signup_member', '{"role": "learner", "email_sent": true}', '2a09:bac5:3b28:eaa::176:a9', 'Mozilla/5.0 (Windows NT 10.0; Win64; x64) AppleWebKit/537.36 (KHTML, like Gecko) Chrome/148.0.0.0 Safari/537.36', '2026-05-11 14:14:58.165902+00', '00000000-0000-0000-0000-000000000001'),
	('032fd20b-6a6a-4947-b4d1-732cf09452d2', 'a9d336f3-9dbe-4129-ba87-12e3edec6ea6', 'login_failed', '{}', '2a09:bac1:36c0:ba8::176:a9', 'Mozilla/5.0 (Windows NT 10.0; Win64; x64) AppleWebKit/537.36 (KHTML, like Gecko) Chrome/148.0.0.0 Safari/537.36', '2026-05-11 14:17:02.687858+00', NULL),
	('613a7d17-06e9-4908-8f86-acdd074e604f', 'a9d336f3-9dbe-4129-ba87-12e3edec6ea6', 'login_failed', '{}', '2a09:bac1:36c0:ba8::176:a9', 'Mozilla/5.0 (Windows NT 10.0; Win64; x64) AppleWebKit/537.36 (KHTML, like Gecko) Chrome/148.0.0.0 Safari/537.36', '2026-05-11 14:17:16.663965+00', NULL),
	('572703b4-9c63-4ab9-8711-5c768c0f1a57', 'a9d336f3-9dbe-4129-ba87-12e3edec6ea6', 'login_failed', '{}', '2a09:bac1:36c0:ba8::176:a9', 'Mozilla/5.0 (Windows NT 10.0; Win64; x64) AppleWebKit/537.36 (KHTML, like Gecko) Chrome/148.0.0.0 Safari/537.36', '2026-05-11 14:17:21.337129+00', NULL),
	('f36dabcb-bb22-433c-8b26-7542073948ae', 'a9d336f3-9dbe-4129-ba87-12e3edec6ea6', 'login_failed', '{}', '2a09:bac5:3b2b:eaa::176:a9', 'Mozilla/5.0 (Windows NT 10.0; Win64; x64) AppleWebKit/537.36 (KHTML, like Gecko) Chrome/148.0.0.0 Safari/537.36', '2026-05-11 14:18:17.389701+00', NULL),
	('342f83b1-86e3-468f-8a9d-86111b94d812', 'a9d336f3-9dbe-4129-ba87-12e3edec6ea6', 'login_failed', '{}', '2a09:bac5:3b2b:eaa::176:a9', 'Mozilla/5.0 (Windows NT 10.0; Win64; x64) AppleWebKit/537.36 (KHTML, like Gecko) Chrome/148.0.0.0 Safari/537.36', '2026-05-11 14:18:19.770688+00', NULL),
	('982255db-c122-4add-bb93-986ad9f93142', 'a9d336f3-9dbe-4129-ba87-12e3edec6ea6', 'login', '{}', '2a09:bac1:36e0:ba8::176:a9', 'Mozilla/5.0 (Windows NT 10.0; Win64; x64) AppleWebKit/537.36 (KHTML, like Gecko) Chrome/148.0.0.0 Safari/537.36', '2026-05-11 14:19:31.917121+00', '00000000-0000-0000-0000-000000000001'),
	('382fa2b9-3557-43c7-85cb-620de7e994a9', 'a9d336f3-9dbe-4129-ba87-12e3edec6ea6', 'login', '{}', '2a09:bac5:3b2c:eaa::176:a9', 'Mozilla/5.0 (Windows NT 10.0; Win64; x64) AppleWebKit/537.36 (KHTML, like Gecko) Chrome/148.0.0.0 Safari/537.36', '2026-05-11 14:32:46.481703+00', '00000000-0000-0000-0000-000000000001'),
	('c9a835d4-275d-4fda-88c7-18d37e2fe5a3', '49ecc9cc-06e6-4dee-b7c5-f02bd2e9d50c', 'signup_member', '{"role": "learner", "email_sent": true}', '2a09:bac5:3b28:eaa::176:a9', 'Mozilla/5.0 (Windows NT 10.0; Win64; x64) AppleWebKit/537.36 (KHTML, like Gecko) Chrome/148.0.0.0 Safari/537.36', '2026-05-11 14:37:42.80863+00', '00000000-0000-0000-0000-000000000001'),
	('aa59c708-0a29-458f-9e4c-1b1f5c1e7446', NULL, 'login_failed', '{"email": "rociko7300@gcervera.com"}', '2a09:bac5:3b2f:eaa::176:a9', 'Mozilla/5.0 (Windows NT 10.0; Win64; x64) AppleWebKit/537.36 (KHTML, like Gecko) Chrome/148.0.0.0 Safari/537.36', '2026-05-11 14:49:23.141737+00', NULL),
	('42dc5d06-16e5-4386-8ad6-6c38be26f325', NULL, 'login_failed', '{"email": "rociko7300@gcervera.com"}', '2a09:bac5:3b2f:eaa::176:a9', 'Mozilla/5.0 (Windows NT 10.0; Win64; x64) AppleWebKit/537.36 (KHTML, like Gecko) Chrome/148.0.0.0 Safari/537.36', '2026-05-11 14:49:26.793058+00', NULL),
	('04271a25-94ca-4cd6-9797-461f15cea08b', '3ae54aa0-a351-46ad-808f-6fdd67c2a18b', 'signup_member', '{"role": "learner", "email_sent": true}', '2a09:bac1:36a0:ba8::176:a9', 'Mozilla/5.0 (Windows NT 10.0; Win64; x64) AppleWebKit/537.36 (KHTML, like Gecko) Chrome/148.0.0.0 Safari/537.36', '2026-05-11 14:50:16.553687+00', '00000000-0000-0000-0000-000000000001'),
	('f4efa54a-eb84-4ebb-bcbf-de60501b3eca', '7b4c6f33-78d4-49e5-9f0b-3cf052d8ef1c', 'signup_member', '{"role": "learner", "email_sent": true}', '2a09:bac5:3b2b:eaa::176:a9', 'Mozilla/5.0 (Windows NT 10.0; Win64; x64) AppleWebKit/537.36 (KHTML, like Gecko) Chrome/148.0.0.0 Safari/537.36', '2026-05-11 15:27:22.026987+00', '00000000-0000-0000-0000-000000000001'),
	('e16d9d98-945a-464b-9372-af2f4a19a4e4', 'fe200a1b-6d97-4839-9841-f63fc2213188', 'signup_member', '{"role": "learner", "email_sent": true}', '2a09:bac1:3680:ba8::176:a9', 'Mozilla/5.0 (Windows NT 10.0; Win64; x64) AppleWebKit/537.36 (KHTML, like Gecko) Chrome/148.0.0.0 Safari/537.36', '2026-05-11 16:40:11.484102+00', '00000000-0000-0000-0000-000000000001'),
	('33612ca0-e4b9-471b-ad1d-030d1cdd6bce', 'fe200a1b-6d97-4839-9841-f63fc2213188', 'login', '{}', '2a09:bac5:3b2e:eaa::176:a9', 'Mozilla/5.0 (Windows NT 10.0; Win64; x64) AppleWebKit/537.36 (KHTML, like Gecko) Chrome/148.0.0.0 Safari/537.36', '2026-05-11 16:54:56.66438+00', '00000000-0000-0000-0000-000000000001'),
	('60fc969c-e64d-461d-ba48-3e4bea3c0e30', 'fe200a1b-6d97-4839-9841-f63fc2213188', 'login', '{}', '2a09:bac5:3b2c:eaa::176:a9', 'Mozilla/5.0 (Windows NT 10.0; Win64; x64) AppleWebKit/537.36 (KHTML, like Gecko) Chrome/148.0.0.0 Safari/537.36', '2026-05-11 16:56:14.973748+00', '00000000-0000-0000-0000-000000000001'),
	('4d00e8da-4a06-4fe3-8c47-57c3e51ced03', 'b4771c4e-c015-4490-8f75-29b0aa69fa28', 'signup_member', '{"role": "learner", "email_sent": true}', '2a09:bac1:36a0:ba8::176:9c', 'Mozilla/5.0 (Windows NT 10.0; Win64; x64) AppleWebKit/537.36 (KHTML, like Gecko) Chrome/148.0.0.0 Safari/537.36', '2026-05-12 03:36:57.596979+00', '00000000-0000-0000-0000-000000000001'),
	('ad043108-80cc-403a-98b0-92ccbc7350d3', 'dcaefb3c-9c36-4c13-b9b2-fc7166eb3810', 'refresh', '{}', '2a09:bac5:3b2f:eaa::176:af', 'Mozilla/5.0 (Windows NT 10.0; Win64; x64) AppleWebKit/537.36 (KHTML, like Gecko) Chrome/148.0.0.0 Safari/537.36', '2026-05-12 04:13:25.2919+00', '00000000-0000-0000-0000-000000000001'),
	('8b70eb66-3c0c-45ee-b2b4-46d06b75ad51', 'b4771c4e-c015-4490-8f75-29b0aa69fa28', 'login', '{}', '2a09:bac1:3680:ba8::176:af', 'Mozilla/5.0 (Windows NT 10.0; Win64; x64) AppleWebKit/537.36 (KHTML, like Gecko) Chrome/148.0.0.0 Safari/537.36', '2026-05-12 04:13:57.066361+00', '00000000-0000-0000-0000-000000000001'),
	('2a9b4466-5152-419e-b731-8182aee8b29d', 'b4771c4e-c015-4490-8f75-29b0aa69fa28', 'refresh', '{}', '2a09:bac5:3b2b:eaa::176:af', 'Mozilla/5.0 (Windows NT 10.0; Win64; x64) AppleWebKit/537.36 (KHTML, like Gecko) Chrome/148.0.0.0 Safari/537.36', '2026-05-12 04:16:16.231265+00', '00000000-0000-0000-0000-000000000001'),
	('a147ec38-70e3-4ea1-9b98-4401943feb37', 'c4eb5453-a9eb-4d91-b16e-ad144e657f66', 'signup_member', '{"role": "learner", "email_sent": true}', '2a09:bac5:3b2b:eaa::176:af', 'Mozilla/5.0 (Windows NT 10.0; Win64; x64) AppleWebKit/537.36 (KHTML, like Gecko) Chrome/148.0.0.0 Safari/537.36', '2026-05-12 04:16:48.017896+00', '00000000-0000-0000-0000-000000000001'),
	('171a7550-cf0c-4741-be8f-f5544312ee1d', 'b4771c4e-c015-4490-8f75-29b0aa69fa28', 'login', '{}', '2a09:bac5:3b2d:eaa::176:af', 'Mozilla/5.0 (Windows NT 10.0; Win64; x64) AppleWebKit/537.36 (KHTML, like Gecko) Chrome/148.0.0.0 Safari/537.36', '2026-05-12 04:32:36.50568+00', '00000000-0000-0000-0000-000000000001'),
	('0c2f3238-55fe-4e4f-b22f-540c68db41d0', 'b4771c4e-c015-4490-8f75-29b0aa69fa28', 'login', '{}', '2a09:bac5:3b2d:eaa::176:af', 'Mozilla/5.0 (Windows NT 10.0; Win64; x64) AppleWebKit/537.36 (KHTML, like Gecko) Chrome/148.0.0.0 Safari/537.36', '2026-05-12 04:33:15.697524+00', '00000000-0000-0000-0000-000000000001'),
	('44cea668-47ff-4090-9979-415a63aa1e30', NULL, 'logout', '{}', '2a09:bac5:3b2d:eaa::176:af', 'Mozilla/5.0 (Windows NT 10.0; Win64; x64) AppleWebKit/537.36 (KHTML, like Gecko) Chrome/148.0.0.0 Safari/537.36', '2026-05-12 04:33:26.919552+00', NULL),
	('6f275380-692f-4bae-9dc7-6c2973a3b646', '5e12a75b-6692-4e2e-b560-a4f2bf6d30e0', 'signup_member', '{"role": "learner", "email_sent": true}', '2a09:bac1:3680:ba8::176:af', 'Mozilla/5.0 (Windows NT 10.0; Win64; x64) AppleWebKit/537.36 (KHTML, like Gecko) Chrome/148.0.0.0 Safari/537.36', '2026-05-12 04:34:53.564663+00', '00000000-0000-0000-0000-000000000001'),
	('ab3c7e42-526c-4d3b-be53-d42f2ad1e787', '5e12a75b-6692-4e2e-b560-a4f2bf6d30e0', 'login', '{}', '2a09:bac5:3b2e:eaa::176:af', 'Mozilla/5.0 (Windows NT 10.0; Win64; x64) AppleWebKit/537.36 (KHTML, like Gecko) Chrome/148.0.0.0 Safari/537.36', '2026-05-12 04:45:43.301248+00', '00000000-0000-0000-0000-000000000001'),
	('6af7583e-f9bb-43db-b276-5453b8964362', 'c4eb5453-a9eb-4d91-b16e-ad144e657f66', 'refresh', '{}', '2a09:bac5:3b28:eaa::176:af', 'Mozilla/5.0 (Windows NT 10.0; Win64; x64) AppleWebKit/537.36 (KHTML, like Gecko) Chrome/148.0.0.0 Safari/537.36', '2026-05-12 05:42:01.105942+00', '00000000-0000-0000-0000-000000000001'),
	('a3f7e5de-551d-49f9-bfc8-59bff5bf0cd3', 'dcaefb3c-9c36-4c13-b9b2-fc7166eb3810', 'login', '{}', '2a09:bac5:3b2c:eaa::176:af', 'Mozilla/5.0 (Windows NT 10.0; Win64; x64) AppleWebKit/537.36 (KHTML, like Gecko) Chrome/148.0.0.0 Safari/537.36', '2026-05-12 05:42:32.400502+00', '00000000-0000-0000-0000-000000000001'),
	('581a3a03-ccaf-449e-aece-3fecbdb2f523', 'dcaefb3c-9c36-4c13-b9b2-fc7166eb3810', 'logout', '{}', '2a09:bac5:3b2f:eaa::176:af', 'Mozilla/5.0 (Windows NT 10.0; Win64; x64) AppleWebKit/537.36 (KHTML, like Gecko) Chrome/148.0.0.0 Safari/537.36', '2026-05-12 05:45:05.967459+00', '00000000-0000-0000-0000-000000000001'),
	('f40035ad-6d06-4d3a-b848-303edebfb6e2', 'dcaefb3c-9c36-4c13-b9b2-fc7166eb3810', 'login', '{}', '2a09:bac5:3b2f:eaa::176:af', 'Mozilla/5.0 (Windows NT 10.0; Win64; x64) AppleWebKit/537.36 (KHTML, like Gecko) Chrome/148.0.0.0 Safari/537.36', '2026-05-12 05:45:16.621045+00', '00000000-0000-0000-0000-000000000001'),
	('5d6138e1-7e08-45ef-a5e7-4ebf4935785d', NULL, 'login_failed', '{"email": "aditi.sharma@aditya.college.edu"}', '122.172.80.121', 'Mozilla/5.0 (Windows NT 10.0; Win64; x64) AppleWebKit/537.36 (KHTML, like Gecko) Chrome/148.0.0.0 Safari/537.36', '2026-05-12 05:45:59.348233+00', NULL),
	('ce379b40-49ab-4d51-bec5-90a20779e600', NULL, 'logout', '{}', '2a09:bac5:3b29:eaa::176:72', 'Mozilla/5.0 (Windows NT 10.0; Win64; x64) AppleWebKit/537.36 (KHTML, like Gecko) Chrome/148.0.0.0 Safari/537.36', '2026-05-12 05:46:59.358069+00', NULL),
	('2b891eb8-6093-4b59-936d-74f96002224b', '6966c896-310b-41c5-a8b5-4578844486a6', 'signup_member', '{"role": "learner", "email_sent": true}', '122.172.87.11', 'Mozilla/5.0 (Windows NT 10.0; Win64; x64) AppleWebKit/537.36 (KHTML, like Gecko) Chrome/148.0.0.0 Safari/537.36', '2026-05-12 05:49:51.466355+00', '00000000-0000-0000-0000-000000000001'),
	('1d0bfb4d-568d-470b-ae93-9890e7579099', '5e12a75b-6692-4e2e-b560-a4f2bf6d30e0', 'login', '{}', '2a09:bac5:3b28:eaa::176:72', 'Mozilla/5.0 (Windows NT 10.0; Win64; x64) AppleWebKit/537.36 (KHTML, like Gecko) Chrome/148.0.0.0 Safari/537.36', '2026-05-12 05:52:42.943097+00', '00000000-0000-0000-0000-000000000001'),
	('9af04664-b150-4087-9585-3b6520e9601c', 'dcaefb3c-9c36-4c13-b9b2-fc7166eb3810', 'refresh', '{}', '2a09:bac5:3b2e:eaa::176:72', 'Mozilla/5.0 (Windows NT 10.0; Win64; x64) AppleWebKit/537.36 (KHTML, like Gecko) Chrome/148.0.0.0 Safari/537.36', '2026-05-12 07:04:17.661109+00', '00000000-0000-0000-0000-000000000001'),
	('79dfd23d-3784-4446-ab45-3773f0023c69', 'dcaefb3c-9c36-4c13-b9b2-fc7166eb3810', 'refresh', '{}', '2a09:bac5:3b2e:eaa::176:72', 'Mozilla/5.0 (Windows NT 10.0; Win64; x64) AppleWebKit/537.36 (KHTML, like Gecko) Chrome/148.0.0.0 Safari/537.36', '2026-05-12 07:04:19.241238+00', '00000000-0000-0000-0000-000000000001'),
	('f5a78031-556c-4797-a808-9cfcc2ea1b50', 'dcaefb3c-9c36-4c13-b9b2-fc7166eb3810', 'refresh', '{}', '2a09:bac5:3b2e:eaa::176:72', 'Mozilla/5.0 (Windows NT 10.0; Win64; x64) AppleWebKit/537.36 (KHTML, like Gecko) Chrome/148.0.0.0 Safari/537.36', '2026-05-12 07:04:27.396408+00', '00000000-0000-0000-0000-000000000001'),
	('e3bfb687-bf0f-4b0c-afe9-4be62584e6a8', '5cb2f12d-113d-4cde-9c01-96e4df53d7bb', 'signup_member', '{"role": "learner", "email_sent": true}', '2a09:bac5:3b28:eaa::176:72', 'Mozilla/5.0 (Windows NT 10.0; Win64; x64) AppleWebKit/537.36 (KHTML, like Gecko) Chrome/148.0.0.0 Safari/537.36', '2026-05-12 07:07:48.535506+00', '00000000-0000-0000-0000-000000000001'),
	('54240b4a-5fe1-43a0-bf93-c171863443d7', '5cb2f12d-113d-4cde-9c01-96e4df53d7bb', 'refresh', '{}', '2a09:bac5:3b28:eaa::176:72', 'Mozilla/5.0 (Windows NT 10.0; Win64; x64) AppleWebKit/537.36 (KHTML, like Gecko) Chrome/148.0.0.0 Safari/537.36', '2026-05-12 07:07:49.842217+00', '00000000-0000-0000-0000-000000000001'),
	('2f63b4c0-0acc-4450-befe-01afe388d7b0', '5cb2f12d-113d-4cde-9c01-96e4df53d7bb', 'refresh', '{}', '2a09:bac5:3b28:eaa::176:72', 'Mozilla/5.0 (Windows NT 10.0; Win64; x64) AppleWebKit/537.36 (KHTML, like Gecko) Chrome/148.0.0.0 Safari/537.36', '2026-05-12 07:07:50.927383+00', '00000000-0000-0000-0000-000000000001'),
	('e1588a50-bb03-4e12-8e48-ef5199de6f10', '5cb2f12d-113d-4cde-9c01-96e4df53d7bb', 'logout', '{}', '2a09:bac5:3b29:eaa::176:72', 'Mozilla/5.0 (Windows NT 10.0; Win64; x64) AppleWebKit/537.36 (KHTML, like Gecko) Chrome/148.0.0.0 Safari/537.36', '2026-05-12 07:12:33.619516+00', '00000000-0000-0000-0000-000000000001'),
	('c1f28079-8eaf-49e8-afa1-d6fb9fce52dc', 'f654d9c4-de8f-4a28-a26a-d317dff5d41c', 'signup_member', '{"role": "learner", "email_sent": true}', '2a09:bac5:3b29:eaa::176:72', 'Mozilla/5.0 (Windows NT 10.0; Win64; x64) AppleWebKit/537.36 (KHTML, like Gecko) Chrome/148.0.0.0 Safari/537.36', '2026-05-12 07:13:00.772205+00', '00000000-0000-0000-0000-000000000001'),
	('0e64fd50-2a42-4cd0-8ef0-1297d20ec617', 'f654d9c4-de8f-4a28-a26a-d317dff5d41c', 'refresh', '{}', '2a09:bac5:3b29:eaa::176:72', 'Mozilla/5.0 (Windows NT 10.0; Win64; x64) AppleWebKit/537.36 (KHTML, like Gecko) Chrome/148.0.0.0 Safari/537.36', '2026-05-12 07:13:02.160517+00', '00000000-0000-0000-0000-000000000001'),
	('bbc747c6-a6fe-4876-850a-ec52b2677bd7', 'f654d9c4-de8f-4a28-a26a-d317dff5d41c', 'refresh', '{}', '2a09:bac5:3b29:eaa::176:72', 'Mozilla/5.0 (Windows NT 10.0; Win64; x64) AppleWebKit/537.36 (KHTML, like Gecko) Chrome/148.0.0.0 Safari/537.36', '2026-05-12 07:13:03.203514+00', '00000000-0000-0000-0000-000000000001');


--
-- Data for Name: email_verifications; Type: TABLE DATA; Schema: public; Owner: postgres
--

INSERT INTO "public"."email_verifications" ("id", "user_id", "token_hash", "used", "expires_at", "created_at") VALUES
	('0486e4c5-fe90-4bee-a5fc-a16cdfa40275', 'b4771c4e-c015-4490-8f75-29b0aa69fa28', 'a8b2f94be72e441f29f75502553eed5a296dc4eecfc26a697a263f1f361d081b', false, '2026-05-13 03:36:57.094+00', '2026-05-12 03:36:57.451008+00'),
	('ec6aaa37-5dfa-45b0-b71e-c6be18ed1d8b', 'c4eb5453-a9eb-4d91-b16e-ad144e657f66', '8e092c0b8ba6a4b000fbc481df01a6ea58a80366745ed1ddfd0cf8f9a1ec0986', false, '2026-05-13 04:16:47.561+00', '2026-05-12 04:16:47.862518+00'),
	('b45316c2-6e8b-4029-95a8-b28749be943c', '5e12a75b-6692-4e2e-b560-a4f2bf6d30e0', '1ae84fd0f56798410b4f77d4a80695185188fc0d3936c56876ffbaf8f6766fb1', false, '2026-05-13 04:34:53.15+00', '2026-05-12 04:34:53.410753+00'),
	('42d76113-a035-47a1-a219-b67261e1ca53', '6966c896-310b-41c5-a8b5-4578844486a6', 'bb79d6de4c564b8ba8341da3be060bcd5ad32b0613534df43ebe36c90ade7dbf', false, '2026-05-13 05:49:50.989+00', '2026-05-12 05:49:51.21457+00'),
	('817a6cac-14f3-4dfe-8202-34e5942f4990', '5cb2f12d-113d-4cde-9c01-96e4df53d7bb', '72a7fb72066018efcf983dd2aec14d7134d9df8cf53e4bf4a2800d0ec67e27dc', false, '2026-05-13 07:07:48.109+00', '2026-05-12 07:07:48.379725+00'),
	('70667dad-209f-49cb-a462-34d275e11ccb', 'f654d9c4-de8f-4a28-a26a-d317dff5d41c', '530026a02b409729d5e85cde3fb4fb7e0c994d184a59301425bf9aee065400e7', false, '2026-05-13 07:13:00.319+00', '2026-05-12 07:13:00.615469+00'),
	('9c705dc4-55bc-4c0b-9852-a5bb13969227', '2dc576b6-505e-481c-82bf-dfda564b34a5', 'd0c7895e26e7dd134007e032f291971c0bdd1c41a5542c34516b9716fe6c68fb', false, '2026-05-12 03:39:32.688+00', '2026-05-11 03:39:32.915356+00'),
	('041751d1-3577-47be-85db-8747fa13d7d6', '33e4d701-3aff-49f3-876b-271b340d7df2', 'b32bd79b2e74728f8cee464b413f8374498e2f7777f573a384cc320a2b442ba6', false, '2026-05-12 04:34:31.751+00', '2026-05-11 04:34:31.972132+00'),
	('60fc447f-ef3f-4719-b637-30d77a094257', 'fad0e9e3-448a-4752-83a0-feb7f9588fdf', 'de3f5865cb095dc674b895e8807192c3ca9786f9ff7786d30eae6c7d48670a6d', false, '2026-05-12 04:42:17.693+00', '2026-05-11 04:42:17.960292+00'),
	('46f3c427-ca4e-4f3b-a5cd-da6994039e9a', 'ab8c5cf5-5faa-49ff-abdd-e73595a0125e', '5a6a6ab2ca660ef120e4b7e8bd5970d2fb32f1ebb527f8c98d1fe2a9fe37084c', false, '2026-05-12 04:53:28.359+00', '2026-05-11 04:53:28.598065+00'),
	('60694e23-bf77-469f-8004-de7cbf9c2417', 'a8a82dc8-86c0-4275-85dc-b36aec856220', '700ee2bfe71120f1c4a48a38c0e753d88e40e4ab64940789372cd5670bff9506', false, '2026-05-12 05:14:25.4+00', '2026-05-11 05:14:25.631085+00'),
	('bc70bf5d-8fc4-4a77-8779-baad77ecb2a1', '567fd98b-1391-404c-816a-fb1bfba2ad86', 'fde08dad8f72654e2da0c34fb906abafdd347ac9817f9c19c9c3d01399501350', false, '2026-05-12 05:44:37.972+00', '2026-05-11 05:44:38.296722+00'),
	('60028854-b866-4dee-bad3-e4ebecd30a52', '62b27d7a-4910-41a0-a542-229497b74042', '00de6b088d96e1f1641853f6b84a1afbc2c9b1bb346812c6416108263461196b', false, '2026-05-12 05:46:34.015+00', '2026-05-11 05:46:34.325859+00'),
	('6d04ce5c-a61a-44c8-917e-467ab51463a9', 'ee3904fc-9943-4ca4-a0cf-06f9653bdfed', 'c12c9727b7839396999733a99002535f45b62fda2549dc8bdd7d64ff730c06b7', false, '2026-05-12 05:47:12.623+00', '2026-05-11 05:47:12.844108+00'),
	('6542908a-e9b4-43e8-8bf2-f71c2fe6b325', 'dee2c600-cacf-4cd7-839c-72761e0c6d44', 'a06e44e723eaac0cfbcde642d33fa4aecd4a0afc2250a93c8ed0813192c46812', false, '2026-05-12 05:47:16.82+00', '2026-05-11 05:47:17.115824+00'),
	('3b8eee3b-acd2-4371-a341-3c38265b7ca4', '09c54dff-5bdb-49ef-a25c-ea500cd6ef78', '917aa967e02d4fb69ae854bd5452b04c859311c7ce5cd568d28b98fccd13563f', false, '2026-05-12 05:54:47.647+00', '2026-05-11 05:54:47.93045+00'),
	('0bb5ac89-a769-4e1c-9646-2f5065a870cc', '1aeb6ea7-a58e-4835-8bbe-5f3fbceeca85', '8c9166dbf426cb414b3562dbbf191d245c01b2439aba54b5839a22d0766eb6cf', false, '2026-05-12 06:07:02.492+00', '2026-05-11 06:07:02.774558+00'),
	('dc87301e-3f2d-4cfc-a4f6-5de5dd698f70', 'd820fe29-9bbc-4af3-859f-5f207abd22d5', '7bd2b3a9b0ecb971188541457a3325a66198b570774855d94a172f0f0057ded2', false, '2026-05-12 06:16:46.617+00', '2026-05-11 06:16:46.916784+00'),
	('2e235764-5f05-45c1-92e0-cd764696e972', '2ef86968-1402-48ff-97ea-a5071588e1bd', 'd20eec9d7b8b9785ddd0985c9c1b91434139b4f46a5ff0e316d746053e4f3b09', false, '2026-05-12 06:18:39.501+00', '2026-05-11 06:18:39.775472+00'),
	('f98b209c-aea5-4eb7-9769-c3f98a15be86', 'c209b2e1-da19-4d62-83bc-4d1db3b35b8c', 'a9456797ed2e9b9deda7502cc8f20bdcaf53610d52e5c678538d5b3efb0443c1', false, '2026-05-12 06:23:58.25+00', '2026-05-11 06:23:58.47983+00'),
	('ab14759d-1b79-4971-9c52-78a15ccd9882', 'a503ac73-67c9-4740-b8ca-76a2352e9e82', 'e5d87f9a92f3775eaf641e4387f35b711c33b8489df843195e5e2c5ccb563296', false, '2026-05-12 06:45:27.296+00', '2026-05-11 06:45:27.60481+00'),
	('502d7916-5576-417d-bb25-ef22ea31035d', 'b1bee75f-c520-4eb2-869b-86dcc71d6a52', 'fb3f1bfe2505e760295b731bbceafa9cf16a41e035512b0f393a38bf1d3f8dd0', false, '2026-05-12 06:53:37.377+00', '2026-05-11 06:53:37.614264+00'),
	('3bfed580-aad9-499f-a567-e4015e6226aa', 'cf59c3ab-cf9f-4687-a880-d98e21c0d70c', '74688e0124ac4ec38ca6ddd69ffee84eef316991e4802f9de578cd8ff181288a', false, '2026-05-12 07:31:42.678+00', '2026-05-11 07:31:42.947985+00'),
	('88a5de78-7fc8-44b1-b390-7e750f752f44', 'cfec91e4-ef32-4189-9bc4-66eb6e82a0a6', '39e7cc153189d2def4e21992cf468ae14076b11d401648e9dcf48955d2224622', false, '2026-05-12 07:40:28.212+00', '2026-05-11 07:40:28.528685+00'),
	('84d2b7c8-7c95-4b93-821f-6de8c6a5dd18', 'be94ff27-b89a-4216-9a0e-92fd773d2f65', 'bf7d9fb11aeda10a104f2d5865cbf9c960d3fe389e156fae54703e378a2ad581', false, '2026-05-12 07:59:02.547+00', '2026-05-11 07:59:02.85115+00'),
	('5926c2a7-4984-4755-9c20-c24d66546fdb', '03b3706d-9222-4edb-9f9b-79851e4c8eb1', 'a437328d62a0905713b4ba5ca19b5521240e8fa4936c9df604d34c1adbaab909', false, '2026-05-12 09:45:28.462+00', '2026-05-11 09:45:28.734199+00'),
	('480823ae-f31c-4c1b-b1b1-401a731f02f6', 'dcaefb3c-9c36-4c13-b9b2-fc7166eb3810', '41cdc4a495727424fe4126eeaffed43e1846f1c533e8152e96ccbadfb8356491', false, '2026-05-12 11:44:34.932+00', '2026-05-11 11:44:35.272618+00'),
	('15972e8d-a9c1-4f84-b23f-e8db3d516503', 'a9d336f3-9dbe-4129-ba87-12e3edec6ea6', '1c0fcf440f763493779f271789916b4081499a1c52f9b11ae17ec63971376953', false, '2026-05-12 14:14:57.676+00', '2026-05-11 14:14:58.016971+00'),
	('522419c8-cbb5-4dd1-aaa0-57d735daa6f0', '49ecc9cc-06e6-4dee-b7c5-f02bd2e9d50c', 'b9427821e32bb7e4a1f9f31f7b0fa243a022cf46969a7fa33c1e491245de0e2e', false, '2026-05-12 14:37:42.404+00', '2026-05-11 14:37:42.6637+00'),
	('6f747bd4-600a-4962-a5d4-d35d366b9898', '3ae54aa0-a351-46ad-808f-6fdd67c2a18b', 'bac9cc371d5309f5082740d42701baa42b61c5b5a92363ce2ba855ca97000a40', false, '2026-05-12 14:50:16.103+00', '2026-05-11 14:50:16.410023+00'),
	('de5b4b01-0041-43b2-b0ea-99b084b8f294', '7b4c6f33-78d4-49e5-9f0b-3cf052d8ef1c', '7474850408b7ec6351cb4beaaac819c402848fa313f62a64570e16d61b674357', false, '2026-05-12 15:27:21.647+00', '2026-05-11 15:27:21.885699+00'),
	('491c5e53-73b3-4d67-8ac9-24b6faaeb579', 'fe200a1b-6d97-4839-9841-f63fc2213188', '7a8fd3c32b1f04659ac24b2c9e4c3a70e37840d38f2b0b9aba2bad62c6edd295', false, '2026-05-12 16:40:11.036+00', '2026-05-11 16:40:11.342347+00');


--
-- Data for Name: invites; Type: TABLE DATA; Schema: public; Owner: postgres
--



--
-- Data for Name: memberships; Type: TABLE DATA; Schema: public; Owner: postgres
--

INSERT INTO "public"."memberships" ("id", "user_id", "org_id", "created_at", "status") VALUES
	('76f30aa9-d4bd-447e-bd37-1dce4fb4d24b', '57ea328d-4b63-41ba-8ba5-7e3e89588735', '82ea091b-95eb-4292-85cb-3e65d66daf17', '2026-04-23 10:41:30.359989+00', 'active'),
	('af3c8071-fa0a-4a51-9e3d-2aecf4d5e43a', 'ccb641c8-89e7-4af0-ab27-6eb4880a7fcf', '350befef-af96-43ee-bf8a-6e7b89e5e700', '2026-04-23 10:45:22.268029+00', 'active'),
	('ae442592-e23a-453b-9cdd-8ec585fb64e1', '2dc576b6-505e-481c-82bf-dfda564b34a5', '00000000-0000-0000-0000-000000000001', '2026-05-11 03:39:32.17589+00', 'active'),
	('c37298b3-019e-4720-b8b6-ac9449a49f01', '33e4d701-3aff-49f3-876b-271b340d7df2', '00000000-0000-0000-0000-000000000001', '2026-05-11 04:34:31.536681+00', 'active'),
	('33366b2e-0e61-43d1-af14-b52571eb0e2f', 'fad0e9e3-448a-4752-83a0-feb7f9588fdf', '00000000-0000-0000-0000-000000000001', '2026-05-11 04:42:17.202014+00', 'active'),
	('c29c6778-8b64-4de5-b7bd-8f4a65cac3bf', 'ab8c5cf5-5faa-49ff-abdd-e73595a0125e', '00000000-0000-0000-0000-000000000001', '2026-05-11 04:53:28.151257+00', 'active'),
	('4ca9b674-18ac-4db4-b826-366480c3b5f6', 'a8a82dc8-86c0-4275-85dc-b36aec856220', '00000000-0000-0000-0000-000000000001', '2026-05-11 05:14:25.186917+00', 'active'),
	('c1cdcd51-d6d5-4f2f-a336-2a27d677c203', '567fd98b-1391-404c-816a-fb1bfba2ad86', '00000000-0000-0000-0000-000000000001', '2026-05-11 05:44:37.516125+00', 'active'),
	('6c04efc6-c219-4fe2-8baa-b136713649b8', '62b27d7a-4910-41a0-a542-229497b74042', '00000000-0000-0000-0000-000000000001', '2026-05-11 05:46:33.865218+00', 'active'),
	('424e4d80-c6bb-401d-bc5a-da4b0e6eddcc', 'ee3904fc-9943-4ca4-a0cf-06f9653bdfed', '00000000-0000-0000-0000-000000000001', '2026-05-11 05:47:12.116428+00', 'active'),
	('936ef8e4-7f91-417f-bab8-a8a158a35677', 'dee2c600-cacf-4cd7-839c-72761e0c6d44', '00000000-0000-0000-0000-000000000001', '2026-05-11 05:47:16.665034+00', 'active'),
	('6822c539-fbbc-401a-be15-d00205f8c01d', '09c54dff-5bdb-49ef-a25c-ea500cd6ef78', '00000000-0000-0000-0000-000000000001', '2026-05-11 05:54:47.184384+00', 'active'),
	('310e7252-49b9-41d7-b53f-34aa7e58564a', '1aeb6ea7-a58e-4835-8bbe-5f3fbceeca85', '00000000-0000-0000-0000-000000000001', '2026-05-11 06:07:02.008303+00', 'active'),
	('f3834f76-62b3-41d0-8afb-5fbac7b410c4', 'd820fe29-9bbc-4af3-859f-5f207abd22d5', '00000000-0000-0000-0000-000000000001', '2026-05-11 06:16:46.454733+00', 'active'),
	('acbb38db-5324-4ac5-8fa3-34ccb24c3182', '2ef86968-1402-48ff-97ea-a5071588e1bd', '00000000-0000-0000-0000-000000000001', '2026-05-11 06:18:39.008118+00', 'active'),
	('94fad4b2-ef1b-44cd-aede-9890ce22154f', 'c209b2e1-da19-4d62-83bc-4d1db3b35b8c', '00000000-0000-0000-0000-000000000001', '2026-05-11 06:23:57.721017+00', 'active'),
	('ef143413-d1a9-4e16-9985-746d8bb32ddf', 'a503ac73-67c9-4740-b8ca-76a2352e9e82', '00000000-0000-0000-0000-000000000001', '2026-05-11 06:45:27.154207+00', 'active'),
	('110f4254-3889-431a-a007-7800037cf50f', 'b1bee75f-c520-4eb2-869b-86dcc71d6a52', '00000000-0000-0000-0000-000000000001', '2026-05-11 06:53:36.847011+00', 'active'),
	('96fb124d-abcf-4465-9286-bd3d0a109366', 'cf59c3ab-cf9f-4687-a880-d98e21c0d70c', '00000000-0000-0000-0000-000000000001', '2026-05-11 07:31:42.488441+00', 'active'),
	('4a8dc9c5-2072-45cd-a92d-74d7a83f26af', 'cfec91e4-ef32-4189-9bc4-66eb6e82a0a6', '00000000-0000-0000-0000-000000000001', '2026-05-11 07:40:28.067512+00', 'active'),
	('2b7b817b-42ae-45cf-8ae4-d00ecf997f95', 'be94ff27-b89a-4216-9a0e-92fd773d2f65', '00000000-0000-0000-0000-000000000001', '2026-05-11 07:59:02.413012+00', 'active'),
	('9f3d6d77-1b64-413f-8d8f-5131503f838b', '03b3706d-9222-4edb-9f9b-79851e4c8eb1', '00000000-0000-0000-0000-000000000001', '2026-05-11 09:45:28.275374+00', 'active'),
	('f571a295-6e43-442e-b902-0e485801ca71', 'dcaefb3c-9c36-4c13-b9b2-fc7166eb3810', '00000000-0000-0000-0000-000000000001', '2026-05-11 11:44:34.757827+00', 'active'),
	('36f23bf4-5f89-48e4-a473-56c861fbf4b4', 'a9d336f3-9dbe-4129-ba87-12e3edec6ea6', '00000000-0000-0000-0000-000000000001', '2026-05-11 14:14:57.571486+00', 'active'),
	('6cd819ff-18f2-47ee-a7f8-d7aeecc5b928', '49ecc9cc-06e6-4dee-b7c5-f02bd2e9d50c', '00000000-0000-0000-0000-000000000001', '2026-05-11 14:37:42.211552+00', 'active'),
	('e6d018fb-99dd-491b-9514-e5a3ec89b074', '3ae54aa0-a351-46ad-808f-6fdd67c2a18b', '00000000-0000-0000-0000-000000000001', '2026-05-11 14:50:15.957594+00', 'active'),
	('39f84b10-1fb7-4a64-a4b4-7df0995d5b40', '7b4c6f33-78d4-49e5-9f0b-3cf052d8ef1c', '00000000-0000-0000-0000-000000000001', '2026-05-11 15:27:21.454252+00', 'active'),
	('a671332e-65cc-49a1-8559-6c26ca3ca20a', 'fe200a1b-6d97-4839-9841-f63fc2213188', '00000000-0000-0000-0000-000000000001', '2026-05-11 16:40:10.910415+00', 'active'),
	('31d3857e-b931-4cae-892d-28d5a172d019', 'b4771c4e-c015-4490-8f75-29b0aa69fa28', '00000000-0000-0000-0000-000000000001', '2026-05-12 03:36:57.004226+00', 'active'),
	('55544573-e663-47fe-8d0d-90d05e5ba385', 'c4eb5453-a9eb-4d91-b16e-ad144e657f66', '00000000-0000-0000-0000-000000000001', '2026-05-12 04:16:47.410992+00', 'active'),
	('c32f61b4-88f3-49c2-a864-bc920ec458db', '5e12a75b-6692-4e2e-b560-a4f2bf6d30e0', '00000000-0000-0000-0000-000000000001', '2026-05-12 04:34:52.941569+00', 'active'),
	('530c92f3-614c-41d1-bb6e-40231370618f', '6966c896-310b-41c5-a8b5-4578844486a6', '00000000-0000-0000-0000-000000000001', '2026-05-12 05:49:50.44392+00', 'active'),
	('cd179030-6ed8-4f43-9599-bd5f93bd9082', '5cb2f12d-113d-4cde-9c01-96e4df53d7bb', '00000000-0000-0000-0000-000000000001', '2026-05-12 07:07:47.916342+00', 'active'),
	('68a0dcf7-786e-46ff-829d-59d24a537c9a', 'f654d9c4-de8f-4a28-a26a-d317dff5d41c', '00000000-0000-0000-0000-000000000001', '2026-05-12 07:13:00.158028+00', 'active');


--
-- Data for Name: products; Type: TABLE DATA; Schema: public; Owner: postgres
--



--
-- Data for Name: membership_products; Type: TABLE DATA; Schema: public; Owner: postgres
--



--
-- Data for Name: roles; Type: TABLE DATA; Schema: public; Owner: postgres
--

INSERT INTO "public"."roles" ("id", "name", "description", "created_at") VALUES
	('77cbb094-e23f-4e2a-831d-acc88fd54a75', 'owner', 'Organization owner with full access', '2026-04-11 07:58:47.639862+00'),
	('607887e8-8eab-4274-ae8a-53daec73933d', 'admin', 'Administrator with management access', '2026-04-11 07:58:47.639862+00'),
	('c24e153b-c852-4dac-b33b-ab9872af2996', 'member', 'Regular organization member', '2026-04-11 07:58:47.639862+00'),
	('a41f7ac5-7c65-406c-beac-94211b0f7207', 'super_admin', NULL, '2026-04-27 10:24:25.55545+00'),
	('8d946f32-3ccb-4430-a6c2-4ad0ddf5adb8', 'rm_admin', NULL, '2026-04-27 10:24:25.55545+00'),
	('b94b0035-1c81-4ea1-b978-5e7f5f0d778a', 'rm_manager', NULL, '2026-04-27 10:24:25.55545+00'),
	('0c1c14dc-448f-4957-93a4-c9baf4c870c9', 'company_admin', NULL, '2026-04-27 10:24:25.55545+00'),
	('0c9c3c7e-0b0e-4889-986c-a7cc5bae5878', 'educator', 'General educator/teacher', '2026-05-05 06:39:13.566845+00'),
	('e0427f8f-442d-4d5a-b755-3bf52c6e7fe3', 'school_educator', 'School-level educator', '2026-04-27 10:24:25.55545+00'),
	('de492521-2042-4cb2-b866-3372a4e711bc', 'college_educator', 'College-level educator', '2026-04-27 10:24:25.55545+00'),
	('a750dd44-691f-4636-9d73-9aaa47476c87', 'school_admin', 'School administrator', '2026-04-27 10:24:25.55545+00'),
	('cd6c98bc-67bc-4e3c-83a6-cdcb2dc6961e', 'college_admin', 'College administrator', '2026-04-27 10:24:25.55545+00'),
	('ebad8db9-bd7c-4ccb-8018-c0b021726bf7', 'university_admin', 'University administrator', '2026-04-27 10:24:25.55545+00'),
	('c53c6293-b1fc-43c5-a488-09a5b875f7f9', 'recruiter', 'Recruiter', '2026-04-27 10:24:25.55545+00'),
	('9d60ef12-be85-4d08-9588-d2699a3235a4', 'hr', 'Human resources', '2026-05-05 06:39:13.566845+00'),
	('8d018d55-46f4-4e67-b6a5-8c216737a374', 'learner', 'Self-directed learner', '2026-04-27 10:52:33.399156+00');


--
-- Data for Name: membership_roles; Type: TABLE DATA; Schema: public; Owner: postgres
--

INSERT INTO "public"."membership_roles" ("id", "membership_id", "role_id", "created_at") VALUES
	('8e7f2d71-6e52-446f-8249-0607d62de08e', '76f30aa9-d4bd-447e-bd37-1dce4fb4d24b', '77cbb094-e23f-4e2a-831d-acc88fd54a75', '2026-04-23 10:41:30.359989+00'),
	('5a1d65fe-e7f4-4760-aba3-bdfeae58affa', 'af3c8071-fa0a-4a51-9e3d-2aecf4d5e43a', '77cbb094-e23f-4e2a-831d-acc88fd54a75', '2026-04-23 10:45:22.268029+00'),
	('c108fb5f-2ac6-4e97-aa6f-a675714a5abc', 'ae442592-e23a-453b-9cdd-8ec585fb64e1', '8d018d55-46f4-4e67-b6a5-8c216737a374', '2026-05-11 03:39:32.17589+00'),
	('3f7f741c-562c-4979-b747-62141f59f48f', 'c37298b3-019e-4720-b8b6-ac9449a49f01', '8d018d55-46f4-4e67-b6a5-8c216737a374', '2026-05-11 04:34:31.536681+00'),
	('e7d82a85-cca6-4d15-b652-8f8f99eabc94', '33366b2e-0e61-43d1-af14-b52571eb0e2f', '8d018d55-46f4-4e67-b6a5-8c216737a374', '2026-05-11 04:42:17.202014+00'),
	('5ad979e7-952b-4c75-807a-925df4be18bc', 'c29c6778-8b64-4de5-b7bd-8f4a65cac3bf', '8d018d55-46f4-4e67-b6a5-8c216737a374', '2026-05-11 04:53:28.151257+00'),
	('3c749891-0b4a-470d-b103-4c4bdaa67323', '4ca9b674-18ac-4db4-b826-366480c3b5f6', '8d018d55-46f4-4e67-b6a5-8c216737a374', '2026-05-11 05:14:25.186917+00'),
	('3b7ca110-5db9-4b24-8f0b-42c9d3229b92', 'c1cdcd51-d6d5-4f2f-a336-2a27d677c203', '8d018d55-46f4-4e67-b6a5-8c216737a374', '2026-05-11 05:44:37.516125+00'),
	('3698e4ee-002a-4f1f-bc1f-37276aac336e', '6c04efc6-c219-4fe2-8baa-b136713649b8', '8d018d55-46f4-4e67-b6a5-8c216737a374', '2026-05-11 05:46:33.865218+00'),
	('d56d51a6-5031-47a7-8699-5c8903093275', '424e4d80-c6bb-401d-bc5a-da4b0e6eddcc', '8d018d55-46f4-4e67-b6a5-8c216737a374', '2026-05-11 05:47:12.116428+00'),
	('376ed27a-88d3-4cb1-a665-b1364d1aca3c', '936ef8e4-7f91-417f-bab8-a8a158a35677', '8d018d55-46f4-4e67-b6a5-8c216737a374', '2026-05-11 05:47:16.665034+00'),
	('4efa74d2-6dba-4280-8918-4da264a14dc9', '6822c539-fbbc-401a-be15-d00205f8c01d', '8d018d55-46f4-4e67-b6a5-8c216737a374', '2026-05-11 05:54:47.184384+00'),
	('955226a8-62f5-4e9d-a6d4-3055c90184ed', '310e7252-49b9-41d7-b53f-34aa7e58564a', '8d018d55-46f4-4e67-b6a5-8c216737a374', '2026-05-11 06:07:02.008303+00'),
	('7918ab33-87de-4222-a104-cec5f3e2b649', 'f3834f76-62b3-41d0-8afb-5fbac7b410c4', '8d018d55-46f4-4e67-b6a5-8c216737a374', '2026-05-11 06:16:46.454733+00'),
	('f8f1de68-0070-49a8-8560-5d7cce686a16', 'acbb38db-5324-4ac5-8fa3-34ccb24c3182', '8d018d55-46f4-4e67-b6a5-8c216737a374', '2026-05-11 06:18:39.008118+00'),
	('c6c96350-5503-4886-bded-0741532bb3ec', '94fad4b2-ef1b-44cd-aede-9890ce22154f', '8d018d55-46f4-4e67-b6a5-8c216737a374', '2026-05-11 06:23:57.721017+00'),
	('32a3a7c4-0dc7-4b01-85a0-11cd6b73b63d', 'ef143413-d1a9-4e16-9985-746d8bb32ddf', '8d018d55-46f4-4e67-b6a5-8c216737a374', '2026-05-11 06:45:27.154207+00'),
	('c879512d-94e5-4092-b180-7cade9701594', '110f4254-3889-431a-a007-7800037cf50f', '8d018d55-46f4-4e67-b6a5-8c216737a374', '2026-05-11 06:53:36.847011+00'),
	('ed8c90fd-801c-428f-9dff-42e8782b8c4c', '96fb124d-abcf-4465-9286-bd3d0a109366', '8d018d55-46f4-4e67-b6a5-8c216737a374', '2026-05-11 07:31:42.488441+00'),
	('54614d03-6f5b-424d-8a0f-1380158eb995', '4a8dc9c5-2072-45cd-a92d-74d7a83f26af', '8d018d55-46f4-4e67-b6a5-8c216737a374', '2026-05-11 07:40:28.067512+00'),
	('37052255-5481-4661-944b-cbe239eaf953', '2b7b817b-42ae-45cf-8ae4-d00ecf997f95', '8d018d55-46f4-4e67-b6a5-8c216737a374', '2026-05-11 07:59:02.413012+00'),
	('b25f9f22-e322-4b29-b991-211f1459692a', '9f3d6d77-1b64-413f-8d8f-5131503f838b', '8d018d55-46f4-4e67-b6a5-8c216737a374', '2026-05-11 09:45:28.275374+00'),
	('42b873ef-23dc-48b1-98ad-2f704190614f', 'f571a295-6e43-442e-b902-0e485801ca71', '8d018d55-46f4-4e67-b6a5-8c216737a374', '2026-05-11 11:44:34.757827+00'),
	('8ce0d146-a78d-426b-8c10-aea5052baf09', '36f23bf4-5f89-48e4-a473-56c861fbf4b4', '8d018d55-46f4-4e67-b6a5-8c216737a374', '2026-05-11 14:14:57.571486+00'),
	('538b8299-6fbf-4477-8838-d25908e5749c', '6cd819ff-18f2-47ee-a7f8-d7aeecc5b928', '8d018d55-46f4-4e67-b6a5-8c216737a374', '2026-05-11 14:37:42.211552+00'),
	('b7a6bba9-f08a-4ecb-b5a7-c61d80ed3c27', 'e6d018fb-99dd-491b-9514-e5a3ec89b074', '8d018d55-46f4-4e67-b6a5-8c216737a374', '2026-05-11 14:50:15.957594+00'),
	('6a056b02-7138-4d43-9567-b13cd3290abd', '39f84b10-1fb7-4a64-a4b4-7df0995d5b40', '8d018d55-46f4-4e67-b6a5-8c216737a374', '2026-05-11 15:27:21.454252+00'),
	('ca4ba77c-1ed6-4e06-bb60-3f35ea1e6325', 'a671332e-65cc-49a1-8559-6c26ca3ca20a', '8d018d55-46f4-4e67-b6a5-8c216737a374', '2026-05-11 16:40:10.910415+00'),
	('af38269e-ae27-4d0f-98d2-b9656366e2a1', '31d3857e-b931-4cae-892d-28d5a172d019', '8d018d55-46f4-4e67-b6a5-8c216737a374', '2026-05-12 03:36:57.004226+00'),
	('9fe92f4a-db07-4aeb-a612-7576e76c2f71', '55544573-e663-47fe-8d0d-90d05e5ba385', '8d018d55-46f4-4e67-b6a5-8c216737a374', '2026-05-12 04:16:47.410992+00'),
	('66fc16c9-c4a1-4ca1-af0d-7b8de3126ed6', 'c32f61b4-88f3-49c2-a864-bc920ec458db', '8d018d55-46f4-4e67-b6a5-8c216737a374', '2026-05-12 04:34:52.941569+00'),
	('0631a1ce-a858-401b-8194-9c268f657729', '530c92f3-614c-41d1-bb6e-40231370618f', '8d018d55-46f4-4e67-b6a5-8c216737a374', '2026-05-12 05:49:50.44392+00'),
	('bc64d55c-8363-4ac7-a74f-da86b941f4f1', 'cd179030-6ed8-4f43-9599-bd5f93bd9082', '8d018d55-46f4-4e67-b6a5-8c216737a374', '2026-05-12 07:07:47.916342+00'),
	('9c4ce611-3b02-4659-81eb-4c6ceb469383', '68a0dcf7-786e-46ff-829d-59d24a537c9a', '8d018d55-46f4-4e67-b6a5-8c216737a374', '2026-05-12 07:13:00.158028+00');


--
-- Data for Name: oauth_accounts; Type: TABLE DATA; Schema: public; Owner: postgres
--



--
-- Data for Name: organization_products; Type: TABLE DATA; Schema: public; Owner: postgres
--



--
-- Data for Name: password_resets; Type: TABLE DATA; Schema: public; Owner: postgres
--



--
-- Data for Name: sessions; Type: TABLE DATA; Schema: public; Owner: postgres
--

INSERT INTO "public"."sessions" ("id", "user_id", "refresh_token_hash", "user_agent", "ip_address", "expires_at", "revoked", "created_at", "rotated_from", "last_used_at", "device_info", "org_id") VALUES
	('eb9d92ec-5f3e-4d31-b289-243ded86a9a3', '2dc576b6-505e-481c-82bf-dfda564b34a5', '68ecc184f34817d54077f56abb51d20e175106560bfc595081c222601f725e58', 'Mozilla/5.0 (Windows NT 10.0; Win64; x64) AppleWebKit/537.36 (KHTML, like Gecko) Chrome/147.0.0.0 Safari/537.36', '122.172.84.252', '2026-06-10 06:05:10.142+00', false, '2026-05-11 06:05:10.271167+00', 'd331910b-9f05-4f44-ab80-dd7b30479efe', '2026-05-11 06:05:10.142+00', NULL, '00000000-0000-0000-0000-000000000001'),
	('b72b129e-3f26-4539-b4c8-e30829b67ddd', 'fad0e9e3-448a-4752-83a0-feb7f9588fdf', '4d48c581cd7edc6d1942fed22f3a6d3de621757c10700ad9280868c3ed1889ba', 'Mozilla/5.0 (X11; Linux x86_64) AppleWebKit/537.36 (KHTML, like Gecko) Chrome/147.0.0.0 Safari/537.36', '122.172.84.252', '2026-06-10 04:46:38.458+00', true, '2026-05-11 04:46:38.703365+00', NULL, NULL, NULL, '00000000-0000-0000-0000-000000000001'),
	('daa4788a-f89e-402c-b5d8-54599d2f3abd', '09c54dff-5bdb-49ef-a25c-ea500cd6ef78', 'e25a8c605b05500ab4c566de3101711986d7cbec24749b7281f7963828b0f0c2', 'Mozilla/5.0 (X11; Linux x86_64) AppleWebKit/537.36 (KHTML, like Gecko) Chrome/147.0.0.0 Safari/537.36', '122.172.84.252', '2026-06-10 05:55:24.664+00', true, '2026-05-11 05:55:24.793383+00', 'e9829b62-b8eb-448f-a408-560522b9ff93', '2026-05-11 05:55:24.664+00', NULL, '00000000-0000-0000-0000-000000000001'),
	('d11a71bd-32c2-4921-a816-2a83b630945c', '2ef86968-1402-48ff-97ea-a5071588e1bd', '49ecf6fa1623bdd3d07a01a11d7fdc1c3ff8d0832e447cec9a40b4d458a02716', 'Mozilla/5.0 (Windows NT 10.0; Win64; x64) AppleWebKit/537.36 (KHTML, like Gecko) Chrome/147.0.0.0 Safari/537.36', '122.172.84.252', '2026-06-10 06:18:41.33+00', true, '2026-05-11 06:18:41.454306+00', 'a2eb85c8-732c-4665-9aa8-3dd45a3e63e6', '2026-05-11 06:18:41.33+00', NULL, '00000000-0000-0000-0000-000000000001'),
	('6ee26c4d-a326-44a7-88f4-832f8ae29aeb', '2dc576b6-505e-481c-82bf-dfda564b34a5', '1646c33604daa63dc463875ccfb1bc6df464bbcd1f3090f8342105bbf5f1c2e0', 'Mozilla/5.0 (Windows NT 10.0; Win64; x64) AppleWebKit/537.36 (KHTML, like Gecko) Chrome/147.0.0.0 Safari/537.36', '122.172.84.252', '2026-06-10 05:00:13.605+00', true, '2026-05-11 05:00:13.938787+00', NULL, NULL, NULL, '00000000-0000-0000-0000-000000000001'),
	('532f0435-0145-4e8a-83a7-b5213f332fe2', 'a9d336f3-9dbe-4129-ba87-12e3edec6ea6', '88d5488d8052ad84c6f9ff1cc941620f880a783205335d36cdd53342c9e3c93a', 'Mozilla/5.0 (Windows NT 10.0; Win64; x64) AppleWebKit/537.36 (KHTML, like Gecko) Chrome/148.0.0.0 Safari/537.36', '2a09:bac5:3b28:eaa::176:a9', '2026-06-10 14:14:57.49+00', false, '2026-05-11 14:14:57.86843+00', NULL, NULL, NULL, '00000000-0000-0000-0000-000000000001'),
	('db677d05-103b-4b01-9bd8-70e6e6862564', '2dc576b6-505e-481c-82bf-dfda564b34a5', 'ac73954d1167ac9d4795deeac9f007dde1541afe95157ab1b357d4e7580747ca', 'Mozilla/5.0 (Windows NT 10.0; Win64; x64) AppleWebKit/537.36 (KHTML, like Gecko) Chrome/147.0.0.0 Safari/537.36', '122.172.84.252', '2026-06-10 05:00:15.358+00', true, '2026-05-11 05:00:15.478101+00', '6ee26c4d-a326-44a7-88f4-832f8ae29aeb', '2026-05-11 05:00:15.358+00', NULL, '00000000-0000-0000-0000-000000000001'),
	('07af68e8-74e4-4916-807d-47cad1dbbe0e', '2ef86968-1402-48ff-97ea-a5071588e1bd', '65359e271b7e6bd38540749d01ff279d6c230ffd08b56da0e84b0955cb7267ed', 'Mozilla/5.0 (iPhone; CPU iPhone OS 18_5 like Mac OS X) AppleWebKit/605.1.15 (KHTML, like Gecko) Version/18.5 Mobile/15E148 Safari/604.1', '122.172.84.252', '2026-06-10 06:43:04.72+00', true, '2026-05-11 06:43:04.845326+00', '2c47b0a9-4b52-4ea8-b841-6cb0ca74141a', '2026-05-11 06:43:04.72+00', NULL, '00000000-0000-0000-0000-000000000001'),
	('d1539903-4cc7-4afc-bf57-1caa228881bf', 'a8a82dc8-86c0-4275-85dc-b36aec856220', '835aff60a3b95663bcedbfa335ce50aafbc2ac4376f087c434a3bd6c9c3d30bb', 'Mozilla/5.0 (Windows NT 10.0; Win64; x64) AppleWebKit/537.36 (KHTML, like Gecko) Chrome/148.0.0.0 Safari/537.36', '2a09:bac5:3b2a:eaa::176:86', '2026-06-10 05:37:17.118+00', true, '2026-05-11 05:37:17.219195+00', '7426661f-c5a7-4c0a-a565-a6c798452a4a', '2026-05-11 05:37:17.118+00', NULL, '00000000-0000-0000-0000-000000000001'),
	('0997ee16-4357-4beb-83cc-37c79d2c7423', 'ccb641c8-89e7-4af0-ab27-6eb4880a7fcf', '5ac31b367012cd28e229b9af3f6912ac5e003594caa412804102bf3bb67d8179', 'Mozilla/5.0 (Windows NT 10.0; Win64; x64) AppleWebKit/537.36 (KHTML, like Gecko) Chrome/147.0.0.0 Safari/537.36', '122.172.86.83', '2026-05-23 10:45:22.556+00', false, '2026-04-23 10:45:22.805632+00', NULL, NULL, NULL, '350befef-af96-43ee-bf8a-6e7b89e5e700'),
	('cd1e6242-49a4-41d6-96ba-dd3d2584aec5', '57ea328d-4b63-41ba-8ba5-7e3e89588735', 'e2fc97b0ab11e30fef68518a3c627ef0c4293c8fdcdbd0da50aea6cf8ab8cc49', 'Mozilla/5.0 (Linux; Android 6.0; Nexus 5 Build/MRA58N) AppleWebKit/537.36 (KHTML, like Gecko) Chrome/147.0.0.0 Mobile Safari/537.36', '122.172.86.83', '2026-05-23 10:41:30.655+00', true, '2026-04-23 10:41:30.899862+00', NULL, NULL, NULL, '82ea091b-95eb-4292-85cb-3e65d66daf17'),
	('b4536c67-4c8b-4491-99a7-db5456210cb3', '57ea328d-4b63-41ba-8ba5-7e3e89588735', 'c134ebb97f96b08c494941dbb63578a62bdbd37773a13e89b686578ef1a1daba', 'Mozilla/5.0 (Linux; Android 6.0; Nexus 5 Build/MRA58N) AppleWebKit/537.36 (KHTML, like Gecko) Chrome/147.0.0.0 Mobile Safari/537.36', '122.172.86.83', '2026-05-24 06:20:19.084+00', false, '2026-04-24 06:20:19.213562+00', 'cd1e6242-49a4-41d6-96ba-dd3d2584aec5', '2026-04-24 06:20:19.084+00', NULL, '82ea091b-95eb-4292-85cb-3e65d66daf17'),
	('e417f93b-5d0e-436c-ba61-5b137f607554', 'fad0e9e3-448a-4752-83a0-feb7f9588fdf', '8d31bddf490e3f762f52c3effaf2a5ad5ff4aea7664d5be9d4375ebbc6484546', 'Mozilla/5.0 (X11; Linux x86_64) AppleWebKit/537.36 (KHTML, like Gecko) Chrome/147.0.0.0 Safari/537.36', '122.172.84.252', '2026-06-10 04:46:40.188+00', true, '2026-05-11 04:46:40.315653+00', 'b72b129e-3f26-4539-b4c8-e30829b67ddd', '2026-05-11 04:46:40.188+00', NULL, '00000000-0000-0000-0000-000000000001'),
	('7fbd98e0-dabe-40a9-b4de-aab2bc9557fa', '09c54dff-5bdb-49ef-a25c-ea500cd6ef78', 'a47466e3a74469d44bede5aeec4f67d507c131766d3aa0e321b8edd242d619b3', 'Mozilla/5.0 (X11; Linux x86_64) AppleWebKit/537.36 (KHTML, like Gecko) Chrome/147.0.0.0 Safari/537.36', '122.172.84.252', '2026-06-10 05:54:49.442+00', true, '2026-05-11 05:54:49.570376+00', '944a3c41-9a9b-4649-b0ca-bd5e55ab942b', '2026-05-11 05:54:49.442+00', NULL, '00000000-0000-0000-0000-000000000001'),
	('b2b99eb0-1643-46ad-b38c-59114bd96cf4', '2ef86968-1402-48ff-97ea-a5071588e1bd', '9bec79eb70de73e0ef7e6b4adc4efcfc289955dd41fc10e044a57b79f9e7f2cb', 'Mozilla/5.0 (Windows NT 10.0; Win64; x64) AppleWebKit/537.36 (KHTML, like Gecko) Chrome/147.0.0.0 Safari/537.36', '122.172.84.252', '2026-06-10 06:51:03.929+00', true, '2026-05-11 06:51:04.060693+00', 'd988e00a-b4d7-453d-901a-dc5a3f6c7d3c', '2026-05-11 06:51:03.929+00', NULL, '00000000-0000-0000-0000-000000000001'),
	('79e6e847-73b1-479d-85ce-710c3971b3dc', '567fd98b-1391-404c-816a-fb1bfba2ad86', '55c7bb1411782f5f591ff4cc51660037ba9b702e2d74e782708369c5f5946fa3', 'Mozilla/5.0 (iPhone; CPU iPhone OS 18_5 like Mac OS X) AppleWebKit/605.1.15 (KHTML, like Gecko) Version/18.5 Mobile/15E148 Safari/604.1', '122.172.84.252', '2026-06-10 05:55:12.634+00', false, '2026-05-11 05:55:12.757029+00', '5380fbe9-b89e-405f-ae71-c47fa4e6a7a6', '2026-05-11 05:55:12.634+00', NULL, '00000000-0000-0000-0000-000000000001'),
	('3f37f1ad-ec83-4db0-a5d1-01b1355b7968', '09c54dff-5bdb-49ef-a25c-ea500cd6ef78', '55860f532786d86f5178bb63a77699c0bd2b972379a1e7ebf1dea03784ac8e8a', 'Mozilla/5.0 (X11; Linux x86_64) AppleWebKit/537.36 (KHTML, like Gecko) Chrome/147.0.0.0 Safari/537.36', '122.172.84.252', '2026-06-10 05:54:57.87+00', true, '2026-05-11 05:54:58.001757+00', '7fbd98e0-dabe-40a9-b4de-aab2bc9557fa', '2026-05-11 05:54:57.87+00', NULL, '00000000-0000-0000-0000-000000000001'),
	('e9829b62-b8eb-448f-a408-560522b9ff93', '09c54dff-5bdb-49ef-a25c-ea500cd6ef78', '33239c359f68ce34ab5f209845edd6254b86eba9c155900a86dec177848ffbaa', 'Mozilla/5.0 (X11; Linux x86_64) AppleWebKit/537.36 (KHTML, like Gecko) Chrome/147.0.0.0 Safari/537.36', '122.172.84.252', '2026-06-10 05:55:23.106+00', true, '2026-05-11 05:55:23.237094+00', '3f37f1ad-ec83-4db0-a5d1-01b1355b7968', '2026-05-11 05:55:23.106+00', NULL, '00000000-0000-0000-0000-000000000001'),
	('cd555e98-e55d-43ae-918a-73e40344fbea', '0cb79f51-c5ea-4f92-b4f2-485cf4b6bc90', '6ef30bdc371099bf25f7f9674fc31e77bfcc9828411aef18acf4463d7d286bb4', 'Mozilla/5.0 (X11; Linux x86_64) AppleWebKit/537.36 (KHTML, like Gecko) Chrome/147.0.0.0 Safari/537.36', '122.172.87.126', '2026-06-05 06:32:22.935+00', true, '2026-05-06 06:32:23.222905+00', NULL, NULL, NULL, NULL),
	('cca4bc02-62bc-4b05-9d82-50887e7ed9f6', '0cb79f51-c5ea-4f92-b4f2-485cf4b6bc90', 'd760e91f7b03eed2072cb96051a6737fc1a4c5b18fa7250cb7eaceef7341d297', 'Mozilla/5.0 (X11; Linux x86_64) AppleWebKit/537.36 (KHTML, like Gecko) Chrome/147.0.0.0 Safari/537.36', '122.172.87.126', '2026-06-05 06:34:52.136+00', true, '2026-05-06 06:34:52.265184+00', 'cd555e98-e55d-43ae-918a-73e40344fbea', '2026-05-06 06:34:52.136+00', NULL, NULL),
	('af0a04ef-75dc-484c-8f95-daa94c095c57', '0cb79f51-c5ea-4f92-b4f2-485cf4b6bc90', '761c454a0db1ac5f9bb85182d66d2398a6278a687381191602465cc9498c8e82', 'Mozilla/5.0 (X11; Linux x86_64) AppleWebKit/537.36 (KHTML, like Gecko) Chrome/147.0.0.0 Safari/537.36', '122.172.87.126', '2026-06-05 06:34:53.864+00', true, '2026-05-06 06:34:54.002835+00', 'cca4bc02-62bc-4b05-9d82-50887e7ed9f6', '2026-05-06 06:34:53.864+00', NULL, NULL),
	('caa9fa54-5131-493b-9c17-71d808ac6f78', '0cb79f51-c5ea-4f92-b4f2-485cf4b6bc90', 'e33bec71e56f1781cae6b1139efc5a0ebbc1a350ea8c8955a743c325b2e1829c', 'Mozilla/5.0 (X11; Linux x86_64) AppleWebKit/537.36 (KHTML, like Gecko) Chrome/147.0.0.0 Safari/537.36', '122.172.87.126', '2026-06-05 07:15:11.125+00', true, '2026-05-06 07:15:11.266977+00', 'af0a04ef-75dc-484c-8f95-daa94c095c57', '2026-05-06 07:15:11.125+00', NULL, NULL),
	('ea355a4a-96c0-4855-a36f-3bd2ea0a3f8b', '0cb79f51-c5ea-4f92-b4f2-485cf4b6bc90', 'f315058df3a060ae585b3d77037abe26232842fb8bd42d1e465c09aa7813234d', 'Mozilla/5.0 (X11; Linux x86_64) AppleWebKit/537.36 (KHTML, like Gecko) Chrome/147.0.0.0 Safari/537.36', '122.172.87.126', '2026-06-05 07:15:13.487+00', true, '2026-05-06 07:15:13.626667+00', 'caa9fa54-5131-493b-9c17-71d808ac6f78', '2026-05-06 07:15:13.487+00', NULL, NULL),
	('14c41381-697d-4095-8d68-4cf5177bba13', '0cb79f51-c5ea-4f92-b4f2-485cf4b6bc90', 'b8c857d5b9547e5ef72f399cb4eb820c068bb02ec00e3146cb30d4ccbc4cc876', 'Mozilla/5.0 (X11; Linux x86_64) AppleWebKit/537.36 (KHTML, like Gecko) Chrome/147.0.0.0 Safari/537.36', '122.172.87.126', '2026-06-05 07:30:34.883+00', true, '2026-05-06 07:30:35.018151+00', 'ea355a4a-96c0-4855-a36f-3bd2ea0a3f8b', '2026-05-06 07:30:34.883+00', NULL, NULL),
	('6dd997ef-c05a-4d5e-a2d9-a5d8544506a2', '0cb79f51-c5ea-4f92-b4f2-485cf4b6bc90', '719d24994883e1ce3978fb20275c451a5eefef9bea474ffecbed88870a6a13f2', 'Mozilla/5.0 (X11; Linux x86_64) AppleWebKit/537.36 (KHTML, like Gecko) Chrome/147.0.0.0 Safari/537.36', '122.172.87.126', '2026-06-05 07:30:36.576+00', false, '2026-05-06 07:30:36.710844+00', '14c41381-697d-4095-8d68-4cf5177bba13', '2026-05-06 07:30:36.576+00', NULL, NULL),
	('6c0612d8-646d-4252-9fc2-8d6ee9463478', '2dc576b6-505e-481c-82bf-dfda564b34a5', '00a5c113603977ff6bcd1d6b173568f60241682e23651e677855119b791b2a5a', 'Mozilla/5.0 (Windows NT 10.0; Win64; x64) AppleWebKit/537.36 (KHTML, like Gecko) Chrome/147.0.0.0 Safari/537.36', '122.172.84.252', '2026-06-10 03:42:36.403+00', true, '2026-05-11 03:42:36.539941+00', '395f00e0-4948-494b-b8fa-339b06711901', '2026-05-11 03:42:36.403+00', NULL, '00000000-0000-0000-0000-000000000001'),
	('c53a8a7d-da16-41eb-b6e0-eb1a3a7b0ca5', 'a9d336f3-9dbe-4129-ba87-12e3edec6ea6', 'ccd8823d197475c487e2e8f5e832f63de6cbac642b13bf6286f4a8d13a8be47a', 'Mozilla/5.0 (Windows NT 10.0; Win64; x64) AppleWebKit/537.36 (KHTML, like Gecko) Chrome/148.0.0.0 Safari/537.36', '2a09:bac1:36e0:ba8::176:a9', '2026-06-10 14:19:31.453+00', false, '2026-05-11 14:19:31.763719+00', NULL, NULL, NULL, '00000000-0000-0000-0000-000000000001'),
	('0578df2b-fa06-4675-8e78-bc447d74f387', 'ab8c5cf5-5faa-49ff-abdd-e73595a0125e', '6b39942597a363d96a4f002d871500cdd640aa2f6becc236cb3cfd24cac79a08', 'Mozilla/5.0 (Windows NT 10.0; Win64; x64) AppleWebKit/537.36 (KHTML, like Gecko) Chrome/148.0.0.0 Safari/537.36', '2a09:bac1:36e0:ba8::176:86', '2026-06-10 04:53:28.197+00', true, '2026-05-11 04:53:28.454649+00', NULL, NULL, NULL, '00000000-0000-0000-0000-000000000001'),
	('93b05159-4199-4fef-8b18-80c9faec6a7e', '09c54dff-5bdb-49ef-a25c-ea500cd6ef78', '3d344d43757b5b18e2c301429535e2f1a53fd661bf071b07f8eeb840e1c2f215', 'Mozilla/5.0 (X11; Linux x86_64) AppleWebKit/537.36 (KHTML, like Gecko) Chrome/147.0.0.0 Safari/537.36', '122.172.84.252', '2026-06-10 06:05:41.657+00', true, '2026-05-11 06:05:41.787164+00', 'daa4788a-f89e-402c-b5d8-54599d2f3abd', '2026-05-11 06:05:41.657+00', NULL, '00000000-0000-0000-0000-000000000001'),
	('0609db73-44dd-492d-93b9-a74e7fed204b', 'ab8c5cf5-5faa-49ff-abdd-e73595a0125e', '414ebfcd5cb882a814b052683040c58a7c2730e050f2996a9b05b5edf35f5b40', 'Mozilla/5.0 (Windows NT 10.0; Win64; x64) AppleWebKit/537.36 (KHTML, like Gecko) Chrome/148.0.0.0 Safari/537.36', '2a09:bac1:36e0:ba8::176:86', '2026-06-10 04:54:03.61+00', true, '2026-05-11 04:54:03.708685+00', '66c15118-6de0-4303-80bd-778cb9563255', '2026-05-11 04:54:03.61+00', NULL, '00000000-0000-0000-0000-000000000001'),
	('d849832e-2ff8-4efb-98a4-3e3e1cbd0050', 'ab8c5cf5-5faa-49ff-abdd-e73595a0125e', 'c365a375400e8e78dbef9b50a6aaea86ac2dbec1cfb50798ec3ed9c90ddbbd7a', 'Mozilla/5.0 (Windows NT 10.0; Win64; x64) AppleWebKit/537.36 (KHTML, like Gecko) Chrome/148.0.0.0 Safari/537.36', '2a09:bac1:36e0:ba8::176:86', '2026-06-10 04:54:08.468+00', true, '2026-05-11 04:54:08.568206+00', '6552cb6b-7e12-4edc-9238-bba6654d97a6', '2026-05-11 04:54:08.468+00', NULL, '00000000-0000-0000-0000-000000000001'),
	('685592ae-d70e-46b2-9ce5-2fa4f2a2a1c6', 'ab8c5cf5-5faa-49ff-abdd-e73595a0125e', '6ff4c3bc5f68cc9f6137f98cf1602902937522894658c93739fcc561f93c2dda', 'Mozilla/5.0 (Windows NT 10.0; Win64; x64) AppleWebKit/537.36 (KHTML, like Gecko) Chrome/148.0.0.0 Safari/537.36', '2a09:bac1:36e0:ba8::176:86', '2026-06-10 04:54:39.254+00', false, '2026-05-11 04:54:39.351627+00', '2252da5b-e9e4-45e6-bfdb-14dbcb64e2d7', '2026-05-11 04:54:39.254+00', NULL, '00000000-0000-0000-0000-000000000001'),
	('f1fda1f5-2a71-4c29-ba97-8a19b0df1dc5', '09c54dff-5bdb-49ef-a25c-ea500cd6ef78', '813a1ceaab151e38a01f43bb6e4ca47e636a8a4abc67150e7a4c71240830ab32', 'Mozilla/5.0 (X11; Linux x86_64) AppleWebKit/537.36 (KHTML, like Gecko) Chrome/147.0.0.0 Safari/537.36', '122.172.84.252', '2026-06-10 06:05:43.343+00', true, '2026-05-11 06:05:43.475535+00', '93b05159-4199-4fef-8b18-80c9faec6a7e', '2026-05-11 06:05:43.343+00', NULL, '00000000-0000-0000-0000-000000000001'),
	('b37e4df5-aa80-42f5-89b0-f84e3eade629', 'ab8c5cf5-5faa-49ff-abdd-e73595a0125e', '4e1a80f3392a2ff6b38f2e009e003096e6a27ce6e7f5484d1de22a71a988d024', 'Mozilla/5.0 (Windows NT 10.0; Win64; x64) AppleWebKit/537.36 (KHTML, like Gecko) Chrome/148.0.0.0 Safari/537.36', '2a09:bac1:36e0:ba8::176:86', '2026-06-10 04:54:58.162+00', true, '2026-05-11 04:54:58.500151+00', NULL, NULL, NULL, '00000000-0000-0000-0000-000000000001'),
	('2eb3c583-7e44-4383-86f9-5a9e17fd92ac', 'ab8c5cf5-5faa-49ff-abdd-e73595a0125e', 'bf1de4e02c48943f937d110b288c38a1a4df08d50a1f8eaeaa51a107c3c63d7c', 'Mozilla/5.0 (Windows NT 10.0; Win64; x64) AppleWebKit/537.36 (KHTML, like Gecko) Chrome/148.0.0.0 Safari/537.36', '2a09:bac1:36e0:ba8::176:86', '2026-06-10 04:54:59.58+00', true, '2026-05-11 04:54:59.67853+00', 'b37e4df5-aa80-42f5-89b0-f84e3eade629', '2026-05-11 04:54:59.58+00', NULL, '00000000-0000-0000-0000-000000000001'),
	('b16e8625-dfed-41e9-98bf-ccc041fa527d', '2dc576b6-505e-481c-82bf-dfda564b34a5', '021ace1985dbec41d41d84a2ff9b2000a0f09081318fb409b9db893d14b26447', 'Mozilla/5.0 (Windows NT 10.0; Win64; x64) AppleWebKit/537.36 (KHTML, like Gecko) Chrome/147.0.0.0 Safari/537.36', '122.172.84.252', '2026-06-10 05:01:11.763+00', false, '2026-05-11 05:01:11.880201+00', 'db677d05-103b-4b01-9bd8-70e6e6862564', '2026-05-11 05:01:11.763+00', NULL, '00000000-0000-0000-0000-000000000001'),
	('50cfc9c9-199a-4ec1-9df0-200bd1b3fe21', '2ef86968-1402-48ff-97ea-a5071588e1bd', 'b2127139c4b979b932f89cfc2a7874ee88585ca81c29ae36a187a0f8ef2dddc2', 'Mozilla/5.0 (iPhone; CPU iPhone OS 18_5 like Mac OS X) AppleWebKit/605.1.15 (KHTML, like Gecko) Version/18.5 Mobile/15E148 Safari/604.1', '122.172.84.252', '2026-06-10 06:20:14.199+00', true, '2026-05-11 06:20:14.324855+00', '09415ac6-82ab-4a08-9ab2-1bcd8a6d6659', '2026-05-11 06:20:14.199+00', NULL, '00000000-0000-0000-0000-000000000001'),
	('6f5f2d37-a875-42d1-88f8-894aa8f01b32', '567fd98b-1391-404c-816a-fb1bfba2ad86', '045ca40bf8977411d8cf3ab05e36a4992840a300a49d2b4c4e574a74e7cc2398', 'Mozilla/5.0 (Windows NT 10.0; Win64; x64) AppleWebKit/537.36 (KHTML, like Gecko) Chrome/147.0.0.0 Safari/537.36', '122.172.84.252', '2026-06-10 05:44:37.66+00', true, '2026-05-11 05:44:38.04148+00', NULL, NULL, NULL, '00000000-0000-0000-0000-000000000001'),
	('e087847b-202f-448d-bd36-48f139ee54dd', 'dee2c600-cacf-4cd7-839c-72761e0c6d44', '7eb131d472600c3be6e34d5ae5fe8aeb1e84917a7178b2131ff2076652ad81cd', 'Mozilla/5.0 (Windows NT 10.0; Win64; x64) AppleWebKit/537.36 (KHTML, like Gecko) Chrome/148.0.0.0 Safari/537.36', '2a09:bac5:3b28:eaa::176:86', '2026-06-10 06:44:24.874+00', false, '2026-05-11 06:44:24.976261+00', '28a2f247-d8c1-4d14-92c8-95a7912b0a1e', '2026-05-11 06:44:24.874+00', NULL, '00000000-0000-0000-0000-000000000001'),
	('5380fbe9-b89e-405f-ae71-c47fa4e6a7a6', '567fd98b-1391-404c-816a-fb1bfba2ad86', 'f01ae590ab5dfb6973c868abeb62f8bd09cefa66b1c85fb8ef4ac0b485edd126', 'Mozilla/5.0 (Windows NT 10.0; Win64; x64) AppleWebKit/537.36 (KHTML, like Gecko) Chrome/147.0.0.0 Safari/537.36', '122.172.84.252', '2026-06-10 05:45:39.321+00', true, '2026-05-11 05:45:39.444126+00', '620d7fe8-d8c5-46cd-9d05-5b84d25c67bf', '2026-05-11 05:45:39.321+00', NULL, '00000000-0000-0000-0000-000000000001'),
	('54663bff-4a98-4214-9ac3-187770bd6c76', '2dc576b6-505e-481c-82bf-dfda564b34a5', 'c19edd65376c56e3b83c14b5b50113f67d833f66a05e0472936a4226cf130451', 'Mozilla/5.0 (Windows NT 10.0; Win64; x64) AppleWebKit/537.36 (KHTML, like Gecko) Chrome/147.0.0.0 Safari/537.36', '122.172.84.252', '2026-06-10 05:56:49.632+00', true, '2026-05-11 05:56:49.960731+00', NULL, NULL, NULL, '00000000-0000-0000-0000-000000000001'),
	('75cff1e3-b926-4221-befd-583459241215', 'a503ac73-67c9-4740-b8ca-76a2352e9e82', 'bf5648ef828c11460a8217088da809bcffcade1c71484bb3e1c09cb88dfc328a', 'Mozilla/5.0 (Windows NT 10.0; Win64; x64) AppleWebKit/537.36 (KHTML, like Gecko) Chrome/148.0.0.0 Safari/537.36', '2a09:bac5:3b2e:eaa::176:86', '2026-06-10 06:52:19.674+00', true, '2026-05-11 06:52:19.776248+00', 'ebdda7ed-01cb-4e30-a0bd-22120cf572f5', '2026-05-11 06:52:19.674+00', NULL, '00000000-0000-0000-0000-000000000001'),
	('d7ef1c8e-c2c5-438f-8243-ef965ec71110', '2dc576b6-505e-481c-82bf-dfda564b34a5', 'da5bcc7627847df1cb8fb1b3549d5a690bd61e0ab30fd12e68f514d8f16bfc3b', 'Mozilla/5.0 (Windows NT 10.0; Win64; x64) AppleWebKit/537.36 (KHTML, like Gecko) Chrome/147.0.0.0 Safari/537.36', '122.172.84.252', '2026-06-10 05:56:52.174+00', true, '2026-05-11 05:56:52.297729+00', '54663bff-4a98-4214-9ac3-187770bd6c76', '2026-05-11 05:56:52.174+00', NULL, '00000000-0000-0000-0000-000000000001'),
	('00f69e6c-b505-4e04-a907-949c1c55aa8b', '2dc576b6-505e-481c-82bf-dfda564b34a5', '79c30fc2dbf501a1da43351cc63aacfb9359c02172f4fa83978aac04c38ef694', 'Mozilla/5.0 (Windows NT 10.0; Win64; x64) AppleWebKit/537.36 (KHTML, like Gecko) Chrome/147.0.0.0 Safari/537.36', '122.172.84.252', '2026-06-10 05:57:06.59+00', true, '2026-05-11 05:57:06.712388+00', 'd7ef1c8e-c2c5-438f-8243-ef965ec71110', '2026-05-11 05:57:06.59+00', NULL, '00000000-0000-0000-0000-000000000001'),
	('3f1182f0-4a0c-4e60-9133-5a4a6ea01e0f', 'a503ac73-67c9-4740-b8ca-76a2352e9e82', '15c4c3c8d9b1fc7ed1a2c649ad1e8f83d9bdc7c344795520560d98d116b31070', 'Mozilla/5.0 (Windows NT 10.0; Win64; x64) AppleWebKit/537.36 (KHTML, like Gecko) Chrome/148.0.0.0 Safari/537.36', '2a09:bac5:3b2e:eaa::176:86', '2026-06-10 07:03:33.292+00', true, '2026-05-11 07:03:33.394188+00', 'b90960af-6636-4054-b0be-f2235721f524', '2026-05-11 07:03:33.292+00', NULL, '00000000-0000-0000-0000-000000000001'),
	('2e10a0d8-a333-44b5-8771-fad0277cb3fe', '2dc576b6-505e-481c-82bf-dfda564b34a5', '57ac74f32a276b14b8ce28bbd5e9b0a67fa5dde07dd43c4aaed17e6be5e4ff27', 'Mozilla/5.0 (Windows NT 10.0; Win64; x64) AppleWebKit/537.36 (KHTML, like Gecko) Chrome/147.0.0.0 Safari/537.36', '122.172.84.252', '2026-06-10 05:57:08.201+00', true, '2026-05-11 05:57:08.330893+00', '00f69e6c-b505-4e04-a907-949c1c55aa8b', '2026-05-11 05:57:08.201+00', NULL, '00000000-0000-0000-0000-000000000001'),
	('f90fa72f-6b92-42e7-aa84-d5fba1ad234f', '2dc576b6-505e-481c-82bf-dfda564b34a5', 'bcf1152b1558a9aac95f40dae5a967213ca052bcd3bbfadd948ba4d3774afb84', 'Mozilla/5.0 (Windows NT 10.0; Win64; x64) AppleWebKit/537.36 (KHTML, like Gecko) Chrome/147.0.0.0 Safari/537.36', '122.172.84.252', '2026-06-10 05:57:35.208+00', true, '2026-05-11 05:57:35.336788+00', '2e10a0d8-a333-44b5-8771-fad0277cb3fe', '2026-05-11 05:57:35.208+00', NULL, '00000000-0000-0000-0000-000000000001'),
	('a0cf1694-2c29-443c-a2c0-5b0e3e9af55b', 'a503ac73-67c9-4740-b8ca-76a2352e9e82', '72cfc8fef14f1c6cfda9364b59aa2253da4ef2a3497b1ed379ce2a0d99b2b117', 'Mozilla/5.0 (Windows NT 10.0; Win64; x64) AppleWebKit/537.36 (KHTML, like Gecko) Chrome/148.0.0.0 Safari/537.36', '2a09:bac5:3b2e:eaa::176:86', '2026-06-10 07:03:38.17+00', true, '2026-05-11 07:03:38.271145+00', '3f1182f0-4a0c-4e60-9133-5a4a6ea01e0f', '2026-05-11 07:03:38.17+00', NULL, '00000000-0000-0000-0000-000000000001'),
	('32ad92da-59ba-45e9-a9f7-a695f4a88e84', 'a503ac73-67c9-4740-b8ca-76a2352e9e82', '26fc7d88d150100a745baa9b4c18379332d86fc199c2ac66ebe9a15a2cfbac6e', 'Mozilla/5.0 (Windows NT 10.0; Win64; x64) AppleWebKit/537.36 (KHTML, like Gecko) Chrome/148.0.0.0 Safari/537.36', '2a09:bac5:3b2e:eaa::176:86', '2026-06-10 07:12:06.707+00', true, '2026-05-11 07:12:06.811863+00', 'dcd967c2-96fe-41e2-9d61-47d3f86bcc5f', '2026-05-11 07:12:06.707+00', NULL, '00000000-0000-0000-0000-000000000001'),
	('04f65e5f-6d74-41d7-8f48-e80b7e2b9420', 'a9d336f3-9dbe-4129-ba87-12e3edec6ea6', '09d6ca7267dc39c8ef499f8db9f780b0619a46ba4f035577df2d9574f40d3922', 'Mozilla/5.0 (Windows NT 10.0; Win64; x64) AppleWebKit/537.36 (KHTML, like Gecko) Chrome/148.0.0.0 Safari/537.36', '2a09:bac5:3b2c:eaa::176:a9', '2026-06-10 14:32:45.987+00', false, '2026-05-11 14:32:46.334445+00', NULL, NULL, NULL, '00000000-0000-0000-0000-000000000001'),
	('3b6179ce-ac6a-46b8-8142-3d49205c526d', 'ab8c5cf5-5faa-49ff-abdd-e73595a0125e', '45c3d0685cb5f70fbfd4bba04096899e13b0d72da7340f321302e2b3a70af8e3', 'Mozilla/5.0 (Windows NT 10.0; Win64; x64) AppleWebKit/537.36 (KHTML, like Gecko) Chrome/148.0.0.0 Safari/537.36', '2a09:bac1:36e0:ba8::176:86', '2026-06-10 04:53:30.424+00', true, '2026-05-11 04:53:30.52111+00', '0578df2b-fa06-4675-8e78-bc447d74f387', '2026-05-11 04:53:30.424+00', NULL, '00000000-0000-0000-0000-000000000001'),
	('66c15118-6de0-4303-80bd-778cb9563255', 'ab8c5cf5-5faa-49ff-abdd-e73595a0125e', '9f2693aadf3bf654700feb2693ac9273b8fba574c6a73000a24dabec0db62711', 'Mozilla/5.0 (Windows NT 10.0; Win64; x64) AppleWebKit/537.36 (KHTML, like Gecko) Chrome/148.0.0.0 Safari/537.36', '2a09:bac1:36e0:ba8::176:86', '2026-06-10 04:53:35.364+00', true, '2026-05-11 04:53:35.462855+00', '3b6179ce-ac6a-46b8-8142-3d49205c526d', '2026-05-11 04:53:35.364+00', NULL, '00000000-0000-0000-0000-000000000001'),
	('6552cb6b-7e12-4edc-9238-bba6654d97a6', 'ab8c5cf5-5faa-49ff-abdd-e73595a0125e', '7e124f33423224a3fc876197e9128736e0f79d16813bab4c7422b548a7f4d0f3', 'Mozilla/5.0 (Windows NT 10.0; Win64; x64) AppleWebKit/537.36 (KHTML, like Gecko) Chrome/148.0.0.0 Safari/537.36', '2a09:bac1:36e0:ba8::176:86', '2026-06-10 04:54:04.938+00', true, '2026-05-11 04:54:05.037033+00', '0609db73-44dd-492d-93b9-a74e7fed204b', '2026-05-11 04:54:04.938+00', NULL, '00000000-0000-0000-0000-000000000001'),
	('2252da5b-e9e4-45e6-bfdb-14dbcb64e2d7', 'ab8c5cf5-5faa-49ff-abdd-e73595a0125e', 'bb0f0d9f1340c1d4f33bda9c3543d41da69c6439e4fd7135765197352675bf2a', 'Mozilla/5.0 (Windows NT 10.0; Win64; x64) AppleWebKit/537.36 (KHTML, like Gecko) Chrome/148.0.0.0 Safari/537.36', '2a09:bac1:36e0:ba8::176:86', '2026-06-10 04:54:29.186+00', true, '2026-05-11 04:54:29.282292+00', 'd849832e-2ff8-4efb-98a4-3e3e1cbd0050', '2026-05-11 04:54:29.186+00', NULL, '00000000-0000-0000-0000-000000000001'),
	('8bd30f7d-9261-4d43-a1eb-f0f96fd34ca5', '2dc576b6-505e-481c-82bf-dfda564b34a5', '423d5ec8610f747dc063b797c2c6facc0eb0070ec9ca2d8709d7a65b098c61e9', 'Mozilla/5.0 (Windows NT 10.0; Win64; x64) AppleWebKit/537.36 (KHTML, like Gecko) Chrome/147.0.0.0 Safari/537.36', '122.172.84.252', '2026-06-10 05:01:41.815+00', true, '2026-05-11 05:01:42.142238+00', NULL, NULL, NULL, '00000000-0000-0000-0000-000000000001'),
	('46105330-2a16-4566-9096-c19e57f44586', '2dc576b6-505e-481c-82bf-dfda564b34a5', '5a02caa504d76c63099785c5eff0cac7d05548ec5faee08fd2953ae8f8af216d', 'Mozilla/5.0 (Windows NT 10.0; Win64; x64) AppleWebKit/537.36 (KHTML, like Gecko) Chrome/147.0.0.0 Safari/537.36', '122.172.84.252', '2026-06-10 05:01:43.597+00', true, '2026-05-11 05:01:43.714356+00', '8bd30f7d-9261-4d43-a1eb-f0f96fd34ca5', '2026-05-11 05:01:43.597+00', NULL, '00000000-0000-0000-0000-000000000001'),
	('5512c50b-5e58-4c19-88e9-f797d3b5086d', '567fd98b-1391-404c-816a-fb1bfba2ad86', '0340df1bdba65260f5603fd4fa0edaa566edc5cc0bba68db0607c7466ebe7957', 'Mozilla/5.0 (Windows NT 10.0; Win64; x64) AppleWebKit/537.36 (KHTML, like Gecko) Chrome/147.0.0.0 Safari/537.36', '122.172.84.252', '2026-06-10 05:44:42.591+00', true, '2026-05-11 05:44:42.713161+00', '6f5f2d37-a875-42d1-88f8-894aa8f01b32', '2026-05-11 05:44:42.591+00', NULL, '00000000-0000-0000-0000-000000000001'),
	('dc53d5d8-ff08-481f-827a-2179711dd7fa', 'a503ac73-67c9-4740-b8ca-76a2352e9e82', '8ac7e5a02d3e5fc4231309ce44fc816380cc4fb28835501c385368f6d1430a1d', 'Mozilla/5.0 (Windows NT 10.0; Win64; x64) AppleWebKit/537.36 (KHTML, like Gecko) Chrome/148.0.0.0 Safari/537.36', '2a09:bac5:3b29:eaa::176:86', '2026-06-10 06:45:27.108+00', true, '2026-05-11 06:45:27.449278+00', NULL, NULL, NULL, '00000000-0000-0000-0000-000000000001'),
	('479216b3-d8f8-4de9-bbbf-6e6bf8197c60', '567fd98b-1391-404c-816a-fb1bfba2ad86', '52bc139848776e08a9d395f26982e7d7f6259ca62e8f745b91c82ec4f7bc8cd5', 'Mozilla/5.0 (Windows NT 10.0; Win64; x64) AppleWebKit/537.36 (KHTML, like Gecko) Chrome/147.0.0.0 Safari/537.36', '122.172.84.252', '2026-06-10 05:44:51.897+00', true, '2026-05-11 05:44:52.026765+00', '5512c50b-5e58-4c19-88e9-f797d3b5086d', '2026-05-11 05:44:51.897+00', NULL, '00000000-0000-0000-0000-000000000001'),
	('e892d80d-871c-4c49-a20c-01009f571580', 'b1bee75f-c520-4eb2-869b-86dcc71d6a52', '009c8d3fd9645c5944bb33e5a718fcc0be574727db13c4ef4d1e3d787721f5d0', 'Mozilla/5.0 (X11; Linux x86_64) AppleWebKit/537.36 (KHTML, like Gecko) Chrome/147.0.0.0 Safari/537.36', '122.172.84.252', '2026-06-10 06:53:37.106+00', false, '2026-05-11 06:53:37.356602+00', NULL, NULL, NULL, '00000000-0000-0000-0000-000000000001'),
	('632cb0ad-f925-4ef4-a61a-5193e8558f82', 'a8a82dc8-86c0-4275-85dc-b36aec856220', '0fafeed804ebadcb5956a8fdd78a2d08e0da7d2c4f62fe0d11af38044b74e212', 'Mozilla/5.0 (Windows NT 10.0; Win64; x64) AppleWebKit/537.36 (KHTML, like Gecko) Chrome/148.0.0.0 Safari/537.36', '2a09:bac5:3b2c:eaa::176:86', '2026-06-10 05:45:11.438+00', true, '2026-05-11 05:45:11.539098+00', 'd1539903-4cc7-4afc-bf57-1caa228881bf', '2026-05-11 05:45:11.438+00', NULL, '00000000-0000-0000-0000-000000000001'),
	('620d7fe8-d8c5-46cd-9d05-5b84d25c67bf', '567fd98b-1391-404c-816a-fb1bfba2ad86', 'e5b0251baaa53b46460b541d6a6ee97b4d3e18912ab6824edd47dde194330135', 'Mozilla/5.0 (Windows NT 10.0; Win64; x64) AppleWebKit/537.36 (KHTML, like Gecko) Chrome/147.0.0.0 Safari/537.36', '122.172.84.252', '2026-06-10 05:45:10.667+00', true, '2026-05-11 05:45:10.796553+00', '479216b3-d8f8-4de9-bbbf-6e6bf8197c60', '2026-05-11 05:45:10.667+00', NULL, '00000000-0000-0000-0000-000000000001'),
	('df1fb88c-1bdf-403e-aaf6-fc9d73b042b7', '1aeb6ea7-a58e-4835-8bbe-5f3fbceeca85', '192c0d4b6d6a8e8583268893edee5d7549bd37057c08e6cd6784e4b9b39fafc6', 'Mozilla/5.0 (X11; Linux x86_64) AppleWebKit/537.36 (KHTML, like Gecko) Chrome/147.0.0.0 Safari/537.36', '122.172.84.252', '2026-06-10 06:21:49.601+00', true, '2026-05-11 06:21:49.735148+00', '6e45259f-3cad-4422-be19-867cc6bf5c48', '2026-05-11 06:21:49.601+00', NULL, '00000000-0000-0000-0000-000000000001'),
	('5defdbf0-05f6-4e91-9045-4f9da3e6e95e', 'dee2c600-cacf-4cd7-839c-72761e0c6d44', 'f2b4d227461527f6b0b64decfef623934cc05bc770e36cce09a2c102fd95ca2f', 'Mozilla/5.0 (Windows NT 10.0; Win64; x64) AppleWebKit/537.36 (KHTML, like Gecko) Chrome/148.0.0.0 Safari/537.36', '2a09:bac5:3b28:eaa::176:86', '2026-06-10 05:58:49.553+00', true, '2026-05-11 05:58:49.654863+00', '4e764aa4-a672-419c-a019-b9e80d714f13', '2026-05-11 05:58:49.553+00', NULL, '00000000-0000-0000-0000-000000000001'),
	('e9e68009-9eca-4be1-bcb5-aea36fe0af46', '1aeb6ea7-a58e-4835-8bbe-5f3fbceeca85', 'f0757c0a182d29081b1cd32f1aa1aae639340dd79cb6f3dc30718fbeaa0aa47e', 'Mozilla/5.0 (X11; Linux x86_64) AppleWebKit/537.36 (KHTML, like Gecko) Chrome/147.0.0.0 Safari/537.36', '122.172.84.252', '2026-06-10 06:22:11.978+00', true, '2026-05-11 06:22:12.108472+00', 'df1fb88c-1bdf-403e-aaf6-fc9d73b042b7', '2026-05-11 06:22:11.978+00', NULL, '00000000-0000-0000-0000-000000000001'),
	('04b92e46-f64c-4420-99ce-b3dfc1265628', 'dee2c600-cacf-4cd7-839c-72761e0c6d44', '0649ce6ecebab7d73656b41a69070ebbc8b023168a26de7604994f2b0da5d295', 'Mozilla/5.0 (Windows NT 10.0; Win64; x64) AppleWebKit/537.36 (KHTML, like Gecko) Chrome/148.0.0.0 Safari/537.36', '2a09:bac5:3b28:eaa::176:86', '2026-06-10 05:59:09.112+00', true, '2026-05-11 05:59:09.214375+00', '808f5141-bf39-4028-b51f-d270176424cb', '2026-05-11 05:59:09.112+00', NULL, '00000000-0000-0000-0000-000000000001'),
	('d3643bd5-3f31-4508-818a-ed58239bf9d6', '1aeb6ea7-a58e-4835-8bbe-5f3fbceeca85', 'fd246c070911b4228b6cbe2dd1f5d6070b44839af09465d243b3a0893eb96c6d', 'Mozilla/5.0 (X11; Linux x86_64) AppleWebKit/537.36 (KHTML, like Gecko) Chrome/147.0.0.0 Safari/537.36', '122.172.84.252', '2026-06-10 06:22:13.547+00', true, '2026-05-11 06:22:13.683154+00', 'e9e68009-9eca-4be1-bcb5-aea36fe0af46', '2026-05-11 06:22:13.547+00', NULL, '00000000-0000-0000-0000-000000000001'),
	('aabfab02-766b-4649-8e4c-5059137b8f27', 'dee2c600-cacf-4cd7-839c-72761e0c6d44', 'c57600cd3c503e6da8397cee3dd2cca31608e6cb93be7c4aebe695312def980a', 'Mozilla/5.0 (Windows NT 10.0; Win64; x64) AppleWebKit/537.36 (KHTML, like Gecko) Chrome/148.0.0.0 Safari/537.36', '2a09:bac5:3b28:eaa::176:86', '2026-06-10 05:59:13.123+00', true, '2026-05-11 05:59:13.224754+00', '04b92e46-f64c-4420-99ce-b3dfc1265628', '2026-05-11 05:59:13.123+00', NULL, '00000000-0000-0000-0000-000000000001'),
	('28a2f247-d8c1-4d14-92c8-95a7912b0a1e', 'dee2c600-cacf-4cd7-839c-72761e0c6d44', '5655912374ba58d7f210eab53414588be5852b7630a39103f5ee7cd298ab9472', 'Mozilla/5.0 (Windows NT 10.0; Win64; x64) AppleWebKit/537.36 (KHTML, like Gecko) Chrome/148.0.0.0 Safari/537.36', '2a09:bac1:36c0:ba8::176:86', '2026-06-10 06:06:20.244+00', true, '2026-05-11 06:06:20.347538+00', '8300a57d-27a9-49ec-938a-946b4a3324e2', '2026-05-11 06:06:20.244+00', NULL, '00000000-0000-0000-0000-000000000001'),
	('8e81aede-9327-4768-be50-b28ac8f1b887', '2ef86968-1402-48ff-97ea-a5071588e1bd', '42236f083d861da9d730ddddf84687b2d79c82e022e7bd4b2e5b99de1b633910', 'Mozilla/5.0 (Windows NT 10.0; Win64; x64) AppleWebKit/537.36 (KHTML, like Gecko) Chrome/147.0.0.0 Safari/537.36', '122.172.84.252', '2026-06-10 06:45:16.477+00', false, '2026-05-11 06:45:16.606239+00', '07af68e8-74e4-4916-807d-47cad1dbbe0e', '2026-05-11 06:45:16.477+00', NULL, '00000000-0000-0000-0000-000000000001'),
	('538607a9-dc72-4fd1-82ea-f44ed4b2fc7f', 'a503ac73-67c9-4740-b8ca-76a2352e9e82', 'ee7d131da97badca5c814c22aabb4b69146fc98b350c1eb0af14ae503e37aaa8', 'Mozilla/5.0 (Windows NT 10.0; Win64; x64) AppleWebKit/537.36 (KHTML, like Gecko) Chrome/148.0.0.0 Safari/537.36', '2a09:bac5:3b2e:eaa::176:86', '2026-06-10 07:03:54.259+00', true, '2026-05-11 07:03:54.361213+00', 'a0cf1694-2c29-443c-a2c0-5b0e3e9af55b', '2026-05-11 07:03:54.259+00', NULL, '00000000-0000-0000-0000-000000000001'),
	('6b79c2f3-a5d3-4d5c-98f5-a05b7c9ad881', 'a503ac73-67c9-4740-b8ca-76a2352e9e82', '9fe8cfbef83ed61a9d655788354473a9b899c1b74427dbd19bef1c36c64f81cb', 'Mozilla/5.0 (Windows NT 10.0; Win64; x64) AppleWebKit/537.36 (KHTML, like Gecko) Chrome/148.0.0.0 Safari/537.36', '2a09:bac5:3b2e:eaa::176:86', '2026-06-10 07:12:34.569+00', true, '2026-05-11 07:12:34.671168+00', '32ad92da-59ba-45e9-a9f7-a695f4a88e84', '2026-05-11 07:12:34.569+00', NULL, '00000000-0000-0000-0000-000000000001'),
	('abb8a9ac-ff77-4307-9f1f-b1b1ada267d1', 'a503ac73-67c9-4740-b8ca-76a2352e9e82', '10fb2c566d772b57a0067ca36f0d1297a048a0c3615f5794707a5ad90dc30654', 'Mozilla/5.0 (Windows NT 10.0; Win64; x64) AppleWebKit/537.36 (KHTML, like Gecko) Chrome/148.0.0.0 Safari/537.36', '2a09:bac5:3b2f:eaa::176:86', '2026-06-10 07:16:05.154+00', true, '2026-05-11 07:16:05.255499+00', '6a4c31f0-6d61-4c15-bb0d-e765a2275598', '2026-05-11 07:16:05.154+00', NULL, '00000000-0000-0000-0000-000000000001'),
	('92de4d4a-7660-4c45-9d70-3e2395c6601b', '49ecc9cc-06e6-4dee-b7c5-f02bd2e9d50c', 'af085563ae4fa5139a21643d54acdc17a0c01763f6b5e68c915282bd1dcffc3a', 'Mozilla/5.0 (Windows NT 10.0; Win64; x64) AppleWebKit/537.36 (KHTML, like Gecko) Chrome/148.0.0.0 Safari/537.36', '2a09:bac5:3b28:eaa::176:a9', '2026-06-10 14:37:42.235+00', false, '2026-05-11 14:37:42.519009+00', NULL, NULL, NULL, '00000000-0000-0000-0000-000000000001'),
	('d9a15056-f025-419c-873f-be1f55afaaab', '2dc576b6-505e-481c-82bf-dfda564b34a5', '07bbb51ead290c3f1a7bc28a4c2cfb8d3c3dea35a3c97148f0c73476c508d2e9', 'Mozilla/5.0 (Windows NT 10.0; Win64; x64) AppleWebKit/537.36 (KHTML, like Gecko) Chrome/147.0.0.0 Safari/537.36', '122.172.84.252', '2026-06-10 04:55:43.839+00', true, '2026-05-11 04:55:43.963675+00', 'bf369ff5-8bd1-4254-9acc-391c2530a6d8', '2026-05-11 04:55:43.839+00', NULL, '00000000-0000-0000-0000-000000000001'),
	('d74846ea-5d65-47b0-861e-0fa0cc4a524e', 'ab8c5cf5-5faa-49ff-abdd-e73595a0125e', '8cf97c2d761cf71cba0b901e02315c4c9bc00368acdab16567e3bac529807bc0', 'Mozilla/5.0 (Windows NT 10.0; Win64; x64) AppleWebKit/537.36 (KHTML, like Gecko) Chrome/148.0.0.0 Safari/537.36', '2a09:bac5:3b29:eaa::176:86', '2026-06-10 04:55:47.426+00', true, '2026-05-11 04:55:47.523028+00', '2eb3c583-7e44-4383-86f9-5a9e17fd92ac', '2026-05-11 04:55:47.426+00', NULL, '00000000-0000-0000-0000-000000000001'),
	('29df8051-7756-47a3-8874-c69b7131e956', 'a503ac73-67c9-4740-b8ca-76a2352e9e82', 'd627317e4aa7ae7dbe4fe0d5ad439c40b338dacb6841ac8d87e39e127a2408ad', 'Mozilla/5.0 (Windows NT 10.0; Win64; x64) AppleWebKit/537.36 (KHTML, like Gecko) Chrome/148.0.0.0 Safari/537.36', '2a09:bac5:3b29:eaa::176:86', '2026-06-10 06:45:46.921+00', true, '2026-05-11 06:45:47.02444+00', '4905ba99-2894-412e-879c-deab397934f6', '2026-05-11 06:45:46.921+00', NULL, '00000000-0000-0000-0000-000000000001'),
	('4b68e1ec-12f8-4f9e-8e4b-c94a622144c9', 'ab8c5cf5-5faa-49ff-abdd-e73595a0125e', '79deedbc9b85285bc375e37cafb2be4ac88bc2cc188b60855edebe205182d60a', 'Mozilla/5.0 (Windows NT 10.0; Win64; x64) AppleWebKit/537.36 (KHTML, like Gecko) Chrome/148.0.0.0 Safari/537.36', '2a09:bac5:3b28:eaa::176:86', '2026-06-10 04:56:33.104+00', true, '2026-05-11 04:56:33.201049+00', '4b09f702-3428-4165-af52-313d56967fe3', '2026-05-11 04:56:33.104+00', NULL, '00000000-0000-0000-0000-000000000001'),
	('5c31eb28-1454-48b8-8257-f2eeb964536f', 'ab8c5cf5-5faa-49ff-abdd-e73595a0125e', '014d99c3b8a789a4bd65f4f584ae621960d35887dad5f96a0692c3b1bc65621b', 'Mozilla/5.0 (Windows NT 10.0; Win64; x64) AppleWebKit/537.36 (KHTML, like Gecko) Chrome/148.0.0.0 Safari/537.36', '2a09:bac5:3b28:eaa::176:86', '2026-06-10 04:56:44.257+00', true, '2026-05-11 04:56:44.353462+00', '4b68e1ec-12f8-4f9e-8e4b-c94a622144c9', '2026-05-11 04:56:44.257+00', NULL, '00000000-0000-0000-0000-000000000001'),
	('ed245441-63de-4e10-b85e-6b3700a096af', '1aeb6ea7-a58e-4835-8bbe-5f3fbceeca85', 'f3c59aebe27abfd448aee54f84068c7b946015bcd314a8ea73024497489c5858', 'Mozilla/5.0 (X11; Linux x86_64) AppleWebKit/537.36 (KHTML, like Gecko) Chrome/147.0.0.0 Safari/537.36', '122.172.84.252', '2026-06-10 06:07:02.197+00', true, '2026-05-11 06:07:02.521364+00', NULL, NULL, NULL, '00000000-0000-0000-0000-000000000001'),
	('c2ffa8dd-f071-449a-8f91-932a915476ae', 'ab8c5cf5-5faa-49ff-abdd-e73595a0125e', 'b625f9e500db8a6d6293d112f6df9e1488b5066e24be1f1f881bc39fbbe034ff', 'Mozilla/5.0 (Windows NT 10.0; Win64; x64) AppleWebKit/537.36 (KHTML, like Gecko) Chrome/148.0.0.0 Safari/537.36', '2a09:bac5:3b28:eaa::176:86', '2026-06-10 04:56:45.576+00', true, '2026-05-11 04:56:45.673093+00', '5c31eb28-1454-48b8-8257-f2eeb964536f', '2026-05-11 04:56:45.576+00', NULL, '00000000-0000-0000-0000-000000000001'),
	('47fee88f-a2cb-491d-ba5a-537e0619f2bb', '2dc576b6-505e-481c-82bf-dfda564b34a5', '186fd4b97403923e00585a1774e02aced72e8d81faef526b016ba63d8afa47a0', 'Mozilla/5.0 (Windows NT 10.0; Win64; x64) AppleWebKit/537.36 (KHTML, like Gecko) Chrome/147.0.0.0 Safari/537.36', '122.172.84.252', '2026-06-10 04:56:42.375+00', true, '2026-05-11 04:56:42.498603+00', '45f2b507-b399-4cbd-a6c1-09e8309a015c', '2026-05-11 04:56:42.375+00', NULL, '00000000-0000-0000-0000-000000000001'),
	('a7528983-a387-4262-821a-a8f756e7325a', '1aeb6ea7-a58e-4835-8bbe-5f3fbceeca85', '29fdc48c84b433833805c7a17906570f5e9dd3901722118268d3657ca94430c7', 'Mozilla/5.0 (X11; Linux x86_64) AppleWebKit/537.36 (KHTML, like Gecko) Chrome/147.0.0.0 Safari/537.36', '122.172.84.252', '2026-06-10 06:22:39.214+00', true, '2026-05-11 06:22:39.353438+00', 'd3643bd5-3f31-4508-818a-ed58239bf9d6', '2026-05-11 06:22:39.214+00', NULL, '00000000-0000-0000-0000-000000000001'),
	('d9969024-3068-443b-9188-bd803e967fdb', '62b27d7a-4910-41a0-a542-229497b74042', '8f6eb000510d30034071a1f2b9c23e795108609de67d623bbbda2c68afa3cb1e', 'Mozilla/5.0 (Windows NT 10.0; Win64; x64) AppleWebKit/537.36 (KHTML, like Gecko) Chrome/148.0.0.0 Safari/537.36', '2a09:bac5:3b2f:eaa::176:86', '2026-06-10 05:46:33.84+00', true, '2026-05-11 05:46:34.182084+00', NULL, NULL, NULL, '00000000-0000-0000-0000-000000000001'),
	('4905ba99-2894-412e-879c-deab397934f6', 'a503ac73-67c9-4740-b8ca-76a2352e9e82', '02d4a1ae0010392e91b13fbaab1f99e89feaee84906c48e7058e1f8069837fda', 'Mozilla/5.0 (Windows NT 10.0; Win64; x64) AppleWebKit/537.36 (KHTML, like Gecko) Chrome/148.0.0.0 Safari/537.36', '2a09:bac5:3b29:eaa::176:86', '2026-06-10 06:45:33.464+00', true, '2026-05-11 06:45:33.568441+00', 'dc53d5d8-ff08-481f-827a-2179711dd7fa', '2026-05-11 06:45:33.464+00', NULL, '00000000-0000-0000-0000-000000000001'),
	('1e334f15-173e-4569-bafe-49aebb7cf4a2', 'ee3904fc-9943-4ca4-a0cf-06f9653bdfed', 'ec1d966b54ee7b6621d1ee14d4f1a06c91f9364440310037426d749bdb88124a', 'Mozilla/5.0 (X11; Linux x86_64) AppleWebKit/537.36 (KHTML, like Gecko) Chrome/147.0.0.0 Safari/537.36', '122.172.84.252', '2026-06-10 05:47:14.495+00', true, '2026-05-11 05:47:14.622438+00', '4125461a-599b-46cf-99c3-7fdf287b38cb', '2026-05-11 05:47:14.495+00', NULL, '00000000-0000-0000-0000-000000000001'),
	('aff3f22a-0e9d-4756-bcf0-a679a6c0a617', 'dee2c600-cacf-4cd7-839c-72761e0c6d44', '6637eae71733d13e93342f8faee4f708b80c854fdaa7e810cbdd4554aa029f88', 'Mozilla/5.0 (Windows NT 10.0; Win64; x64) AppleWebKit/537.36 (KHTML, like Gecko) Chrome/148.0.0.0 Safari/537.36', '2a09:bac5:3b2f:eaa::176:86', '2026-06-10 05:47:16.634+00', true, '2026-05-11 05:47:16.959685+00', NULL, NULL, NULL, '00000000-0000-0000-0000-000000000001'),
	('7c919bd8-5c71-4a0c-ad32-3273a1187097', 'ee3904fc-9943-4ca4-a0cf-06f9653bdfed', '4aa863a48ef9356fceb135e796c81b1e7fa9ad46256c775e990d2e5ef0a32dae', 'Mozilla/5.0 (X11; Linux x86_64) AppleWebKit/537.36 (KHTML, like Gecko) Chrome/147.0.0.0 Safari/537.36', '122.172.84.252', '2026-06-10 05:47:19.33+00', true, '2026-05-11 05:47:19.458242+00', '1e334f15-173e-4569-bafe-49aebb7cf4a2', '2026-05-11 05:47:19.33+00', NULL, '00000000-0000-0000-0000-000000000001'),
	('d78befec-e872-49ee-86ce-ef1b29614882', 'a503ac73-67c9-4740-b8ca-76a2352e9e82', '4d54564a8095e463d3d7bcecb92d0fca21ca12337ed10504c60b8729186a095c', 'Mozilla/5.0 (Windows NT 10.0; Win64; x64) AppleWebKit/537.36 (KHTML, like Gecko) Chrome/148.0.0.0 Safari/537.36', '2a09:bac1:36e0:ba8::176:86', '2026-06-10 06:57:46.162+00', true, '2026-05-11 06:57:46.264401+00', '75cff1e3-b926-4221-befd-583459241215', '2026-05-11 06:57:46.162+00', NULL, '00000000-0000-0000-0000-000000000001'),
	('83f58666-37cf-4dc2-94e2-c9500aa8e34b', 'ee3904fc-9943-4ca4-a0cf-06f9653bdfed', 'f880720461fb9fd03641143babd2762aafe3036c88985b5810da7000d35b8ac5', 'Mozilla/5.0 (X11; Linux x86_64) AppleWebKit/537.36 (KHTML, like Gecko) Chrome/147.0.0.0 Safari/537.36', '122.172.84.252', '2026-06-10 05:47:40.775+00', true, '2026-05-11 05:47:40.903296+00', '7c919bd8-5c71-4a0c-ad32-3273a1187097', '2026-05-11 05:47:40.775+00', NULL, '00000000-0000-0000-0000-000000000001'),
	('efd07658-ce5e-4c39-b294-40890fac4a13', 'ee3904fc-9943-4ca4-a0cf-06f9653bdfed', '33f91b4fa132eb017db8f1ec7149d8101797376e27449b15d02402f4346d17df', 'Mozilla/5.0 (X11; Linux x86_64) AppleWebKit/537.36 (KHTML, like Gecko) Chrome/147.0.0.0 Safari/537.36', '122.172.84.252', '2026-06-10 05:47:42.139+00', true, '2026-05-11 05:47:42.26813+00', '83f58666-37cf-4dc2-94e2-c9500aa8e34b', '2026-05-11 05:47:42.139+00', NULL, '00000000-0000-0000-0000-000000000001'),
	('d9f315ec-e648-477a-8aac-fa248fa6c5b3', 'a503ac73-67c9-4740-b8ca-76a2352e9e82', '1ffb7def1db06bdba4601200b745b04fe20dd46150b85d029e042f3bf5c30378', 'Mozilla/5.0 (Windows NT 10.0; Win64; x64) AppleWebKit/537.36 (KHTML, like Gecko) Chrome/148.0.0.0 Safari/537.36', '2a09:bac5:3b2e:eaa::176:86', '2026-06-10 07:04:25.496+00', true, '2026-05-11 07:04:25.598542+00', '538607a9-dc72-4fd1-82ea-f44ed4b2fc7f', '2026-05-11 07:04:25.496+00', NULL, '00000000-0000-0000-0000-000000000001'),
	('808f5141-bf39-4028-b51f-d270176424cb', 'dee2c600-cacf-4cd7-839c-72761e0c6d44', '5ff876eb15d517423d43aebca36b554033f8dce4a0e5991e545b3db06c15d02b', 'Mozilla/5.0 (Windows NT 10.0; Win64; x64) AppleWebKit/537.36 (KHTML, like Gecko) Chrome/148.0.0.0 Safari/537.36', '2a09:bac5:3b28:eaa::176:86', '2026-06-10 05:58:52.533+00', true, '2026-05-11 05:58:52.636014+00', '5defdbf0-05f6-4e91-9045-4f9da3e6e95e', '2026-05-11 05:58:52.533+00', NULL, '00000000-0000-0000-0000-000000000001'),
	('0e7bf70f-d5e9-4717-a6c3-05f08c883121', 'a503ac73-67c9-4740-b8ca-76a2352e9e82', 'f2577edd0c9e5b7f200bf19c2e0dd9ad96bc838d6dd6207c1085e345bf1b6d68', 'Mozilla/5.0 (Windows NT 10.0; Win64; x64) AppleWebKit/537.36 (KHTML, like Gecko) Chrome/148.0.0.0 Safari/537.36', '2a09:bac1:36c0:ba8::176:86', '2026-06-10 07:14:55.403+00', true, '2026-05-11 07:14:55.507012+00', '6b79c2f3-a5d3-4d5c-98f5-a05b7c9ad881', '2026-05-11 07:14:55.403+00', NULL, '00000000-0000-0000-0000-000000000001'),
	('a2fa5b11-132e-4072-82bb-f59c69e4a457', '2ef86968-1402-48ff-97ea-a5071588e1bd', 'd1bed3359a680d18b98c95258bbf792a86e7b80d95ce31dcd4b8ec4f6fd0fddc', 'Mozilla/5.0 (iPhone; CPU iPhone OS 18_5 like Mac OS X) AppleWebKit/605.1.15 (KHTML, like Gecko) Version/18.5 Mobile/15E148 Safari/604.1', '122.172.84.252', '2026-06-10 06:51:28.481+00', true, '2026-05-11 06:51:28.61401+00', 'e07e0a46-c337-43b6-b14a-6995b4839931', '2026-05-11 06:51:28.481+00', NULL, '00000000-0000-0000-0000-000000000001'),
	('497241f4-74fd-4644-baf3-87c6f27a14d5', 'a503ac73-67c9-4740-b8ca-76a2352e9e82', 'cd035ec53a9344b9675163a61987bbadeeaebd858f866a277b52fed220861ef8', 'Mozilla/5.0 (Windows NT 10.0; Win64; x64) AppleWebKit/537.36 (KHTML, like Gecko) Chrome/148.0.0.0 Safari/537.36', '2a09:bac1:36c0:ba8::176:86', '2026-06-10 07:20:19.861+00', true, '2026-05-11 07:20:19.96467+00', 'abb8a9ac-ff77-4307-9f1f-b1b1ada267d1', '2026-05-11 07:20:19.861+00', NULL, '00000000-0000-0000-0000-000000000001'),
	('3347efcf-ffd3-4f35-a0f9-76eb42d65a82', '2ef86968-1402-48ff-97ea-a5071588e1bd', '4b3e22bb884be08b884f644fda9d335a124d08fc27cd43d4753583cb9bd165ba', 'Mozilla/5.0 (Windows NT 10.0; Win64; x64) AppleWebKit/537.36 (KHTML, like Gecko) Chrome/147.0.0.0 Safari/537.36', '122.172.84.252', '2026-06-10 07:20:02.31+00', true, '2026-05-11 07:20:02.448916+00', '9377a414-ceed-486c-a45d-dddedd1d953e', '2026-05-11 07:20:02.31+00', NULL, '00000000-0000-0000-0000-000000000001'),
	('8300a57d-27a9-49ec-938a-946b4a3324e2', 'dee2c600-cacf-4cd7-839c-72761e0c6d44', 'b14ccb09b2998c2515d7888923baecfcd97c299526477c0e5abc99f97112c7d3', 'Mozilla/5.0 (Windows NT 10.0; Win64; x64) AppleWebKit/537.36 (KHTML, like Gecko) Chrome/148.0.0.0 Safari/537.36', '2a09:bac5:3b2e:eaa::176:86', '2026-06-10 05:59:52.509+00', true, '2026-05-11 05:59:52.613095+00', 'aabfab02-766b-4649-8e4c-5059137b8f27', '2026-05-11 05:59:52.509+00', NULL, '00000000-0000-0000-0000-000000000001'),
	('0b3b7fa6-b445-443c-927c-fa6adbf1b534', '3ae54aa0-a351-46ad-808f-6fdd67c2a18b', 'f5eee4d481252be1158359add0eaee6e478e9b136ad5fedd171dc1a58caa9ed3', 'Mozilla/5.0 (Windows NT 10.0; Win64; x64) AppleWebKit/537.36 (KHTML, like Gecko) Chrome/148.0.0.0 Safari/537.36', '2a09:bac1:36a0:ba8::176:a9', '2026-06-10 14:50:15.93+00', false, '2026-05-11 14:50:16.264022+00', NULL, NULL, NULL, '00000000-0000-0000-0000-000000000001'),
	('4b09f702-3428-4165-af52-313d56967fe3', 'ab8c5cf5-5faa-49ff-abdd-e73595a0125e', '0e93f40095fe78aa9691ae7a93ec01f3020ab222535b77e004cb68d9f22458ba', 'Mozilla/5.0 (Windows NT 10.0; Win64; x64) AppleWebKit/537.36 (KHTML, like Gecko) Chrome/148.0.0.0 Safari/537.36', '2a09:bac5:3b28:eaa::176:86', '2026-06-10 04:56:30.312+00', true, '2026-05-11 04:56:30.407791+00', 'd74846ea-5d65-47b0-861e-0fa0cc4a524e', '2026-05-11 04:56:30.312+00', NULL, '00000000-0000-0000-0000-000000000001'),
	('45f2b507-b399-4cbd-a6c1-09e8309a015c', '2dc576b6-505e-481c-82bf-dfda564b34a5', '0724426f9eafd91866e4fd3605e927134124822d5d713de07ef51d815798b5dc', 'Mozilla/5.0 (Windows NT 10.0; Win64; x64) AppleWebKit/537.36 (KHTML, like Gecko) Chrome/147.0.0.0 Safari/537.36', '122.172.84.252', '2026-06-10 04:56:09.5+00', true, '2026-05-11 04:56:09.625207+00', 'd9a15056-f025-419c-873f-be1f55afaaab', '2026-05-11 04:56:09.5+00', NULL, '00000000-0000-0000-0000-000000000001'),
	('0f9acb59-83dc-42ce-ac0c-201e107d2952', 'a8a82dc8-86c0-4275-85dc-b36aec856220', 'b69751b1c79502f9d1b87c00696435ea7ae30615a1ee81bd289ede81ff43e1bf', 'Mozilla/5.0 (Windows NT 10.0; Win64; x64) AppleWebKit/537.36 (KHTML, like Gecko) Chrome/148.0.0.0 Safari/537.36', '2a09:bac1:36e0:ba8::176:86', '2026-06-10 05:14:25.239+00', true, '2026-05-11 05:14:25.4881+00', NULL, NULL, NULL, '00000000-0000-0000-0000-000000000001'),
	('90a41b6e-71c6-4a82-bb41-781d25c7803a', 'fad0e9e3-448a-4752-83a0-feb7f9588fdf', '9efad370c33dafee991720497dee88297cb43376fbde5273f2ee418a3741ddad', 'Mozilla/5.0 (X11; Linux x86_64) AppleWebKit/537.36 (KHTML, like Gecko) Chrome/147.0.0.0 Safari/537.36', '122.172.84.252', '2026-06-10 05:46:34.974+00', false, '2026-05-11 05:46:35.108034+00', 'e417f93b-5d0e-436c-ba61-5b137f607554', '2026-05-11 05:46:34.974+00', NULL, '00000000-0000-0000-0000-000000000001'),
	('d3e33aea-91e1-471d-a604-0267fdb6594a', 'a503ac73-67c9-4740-b8ca-76a2352e9e82', 'a125a87e9eb14ea48c5e9e8ed9bef6d8606aa5b2b75a840b6e38df2bd7d0ce0e', 'Mozilla/5.0 (Windows NT 10.0; Win64; x64) AppleWebKit/537.36 (KHTML, like Gecko) Chrome/148.0.0.0 Safari/537.36', '2a09:bac5:3b2f:eaa::176:86', '2026-06-10 07:01:00.473+00', true, '2026-05-11 07:01:00.574635+00', '82f92b1d-0333-49df-96ec-e1ed24aff0b7', '2026-05-11 07:01:00.473+00', NULL, '00000000-0000-0000-0000-000000000001'),
	('fb11a565-20a4-4b9e-a4e5-ab4eb38edba8', '62b27d7a-4910-41a0-a542-229497b74042', '85458e95471e8a104191d823b64dd438261c1bfe582ef2e541124de8760e3e97', 'Mozilla/5.0 (Windows NT 10.0; Win64; x64) AppleWebKit/537.36 (KHTML, like Gecko) Chrome/148.0.0.0 Safari/537.36', '2a09:bac5:3b2f:eaa::176:86', '2026-06-10 05:46:37.573+00', true, '2026-05-11 05:46:37.675201+00', 'd9969024-3068-443b-9188-bd803e967fdb', '2026-05-11 05:46:37.573+00', NULL, '00000000-0000-0000-0000-000000000001'),
	('3b4e619c-27bc-4b57-8def-8aaaec36ece3', '62b27d7a-4910-41a0-a542-229497b74042', '8f0383f78daf37ab0c4e7d7abf4b9fdb65213a749bf65da4a55220a6cb34ecba', 'Mozilla/5.0 (Windows NT 10.0; Win64; x64) AppleWebKit/537.36 (KHTML, like Gecko) Chrome/148.0.0.0 Safari/537.36', '2a09:bac5:3b2f:eaa::176:86', '2026-06-10 05:46:48.14+00', false, '2026-05-11 05:46:48.241592+00', 'fb11a565-20a4-4b9e-a4e5-ab4eb38edba8', '2026-05-11 05:46:48.14+00', NULL, '00000000-0000-0000-0000-000000000001'),
	('6e45259f-3cad-4422-be19-867cc6bf5c48', '1aeb6ea7-a58e-4835-8bbe-5f3fbceeca85', 'da7f359e0f66811704fa7844e0200b26e10a7f89856820234cb4b4286b2bc3ac', 'Mozilla/5.0 (X11; Linux x86_64) AppleWebKit/537.36 (KHTML, like Gecko) Chrome/147.0.0.0 Safari/537.36', '122.172.84.252', '2026-06-10 06:07:04.124+00', true, '2026-05-11 06:07:04.249237+00', 'ed245441-63de-4e10-b85e-6b3700a096af', '2026-05-11 06:07:04.124+00', NULL, '00000000-0000-0000-0000-000000000001'),
	('4125461a-599b-46cf-99c3-7fdf287b38cb', 'ee3904fc-9943-4ca4-a0cf-06f9653bdfed', '644d87224a0f012b3b6f8fc72c42a44d253d630cb4ec2aab9f00854f32367a5e', 'Mozilla/5.0 (X11; Linux x86_64) AppleWebKit/537.36 (KHTML, like Gecko) Chrome/147.0.0.0 Safari/537.36', '122.172.84.252', '2026-06-10 05:47:12.355+00', true, '2026-05-11 05:47:12.599733+00', NULL, NULL, NULL, '00000000-0000-0000-0000-000000000001'),
	('388f9caf-c035-4ca4-864d-9ba84827d532', '2dc576b6-505e-481c-82bf-dfda564b34a5', '084050a2a3bf0331c1e2e690e88d54e79ae5a6e1510311675d75bca831155cba', 'Mozilla/5.0 (Windows NT 10.0; Win64; x64) AppleWebKit/537.36 (KHTML, like Gecko) Chrome/147.0.0.0 Safari/537.36', '122.172.84.252', '2026-06-10 03:42:38.337+00', true, '2026-05-11 03:42:38.475385+00', '6c0612d8-646d-4252-9fc2-8d6ee9463478', '2026-05-11 03:42:38.337+00', NULL, '00000000-0000-0000-0000-000000000001'),
	('ce763c42-40c3-4d4d-b6c6-76625cf21828', 'c209b2e1-da19-4d62-83bc-4d1db3b35b8c', 'bb89dbe60aee3843a9044a5f90371f523e71064fb2d267ec8199b1fc7526a5a0', 'Mozilla/5.0 (X11; Linux x86_64) AppleWebKit/537.36 (KHTML, like Gecko) Chrome/147.0.0.0 Safari/537.36', '122.172.84.252', '2026-06-10 06:23:57.981+00', false, '2026-05-11 06:23:58.22482+00', NULL, NULL, NULL, '00000000-0000-0000-0000-000000000001'),
	('3ba1fd5b-6f0b-41a0-8d54-96aa23bb7d47', 'dee2c600-cacf-4cd7-839c-72761e0c6d44', '83f113503d3e93241720857d0217f2ea7315ce99b57f05d672814eb1d0b57cad', 'Mozilla/5.0 (Windows NT 10.0; Win64; x64) AppleWebKit/537.36 (KHTML, like Gecko) Chrome/148.0.0.0 Safari/537.36', '2a09:bac5:3b2f:eaa::176:86', '2026-06-10 05:47:19.318+00', true, '2026-05-11 05:47:19.422079+00', 'aff3f22a-0e9d-4756-bcf0-a679a6c0a617', '2026-05-11 05:47:19.318+00', NULL, '00000000-0000-0000-0000-000000000001'),
	('fd6e440b-3385-417f-9fc0-0f7207f8914c', 'dee2c600-cacf-4cd7-839c-72761e0c6d44', 'c8ce596a25df64d099b0481dc2c50375ace725c1643040794643e3049c1aa565', 'Mozilla/5.0 (Windows NT 10.0; Win64; x64) AppleWebKit/537.36 (KHTML, like Gecko) Chrome/148.0.0.0 Safari/537.36', '2a09:bac5:3b2f:eaa::176:86', '2026-06-10 05:47:23.797+00', true, '2026-05-11 05:47:23.898358+00', '3ba1fd5b-6f0b-41a0-8d54-96aa23bb7d47', '2026-05-11 05:47:23.797+00', NULL, '00000000-0000-0000-0000-000000000001'),
	('f069db98-2aac-423f-8770-625f92c1ce80', 'a503ac73-67c9-4740-b8ca-76a2352e9e82', 'f9e7f229dc7c76a768a8c85d09b56e6356f03838bdbbdaa82ae7eb059cb1bd7d', 'Mozilla/5.0 (Windows NT 10.0; Win64; x64) AppleWebKit/537.36 (KHTML, like Gecko) Chrome/148.0.0.0 Safari/537.36', '2a09:bac5:3b2d:eaa::176:86', '2026-06-10 06:50:02.586+00', true, '2026-05-11 06:50:02.688938+00', '29df8051-7756-47a3-8874-c69b7131e956', '2026-05-11 06:50:02.586+00', NULL, '00000000-0000-0000-0000-000000000001'),
	('511542de-e8c7-4117-887f-b7b74e026efc', '2ef86968-1402-48ff-97ea-a5071588e1bd', '99720a0d11f71d585dcf1c0fbfc535591ca5115e0020e953dcd2e9a8e247f5d8', 'Mozilla/5.0 (Windows NT 10.0; Win64; x64) AppleWebKit/537.36 (KHTML, like Gecko) Chrome/147.0.0.0 Safari/537.36', '122.172.84.252', '2026-06-10 06:49:44.668+00', true, '2026-05-11 06:49:45.053277+00', NULL, NULL, NULL, '00000000-0000-0000-0000-000000000001'),
	('82f92b1d-0333-49df-96ec-e1ed24aff0b7', 'a503ac73-67c9-4740-b8ca-76a2352e9e82', '02105c4525bcc2d316aad18aa8eb89df61cfb53b2e3be476dab8b2a861a71fd6', 'Mozilla/5.0 (Windows NT 10.0; Win64; x64) AppleWebKit/537.36 (KHTML, like Gecko) Chrome/148.0.0.0 Safari/537.36', '2a09:bac5:3b2f:eaa::176:86', '2026-06-10 07:00:48.351+00', true, '2026-05-11 07:00:48.452921+00', 'd78befec-e872-49ee-86ce-ef1b29614882', '2026-05-11 07:00:48.351+00', NULL, '00000000-0000-0000-0000-000000000001'),
	('19a5a671-aa4c-4e89-9bf4-cd430ddf4518', 'a503ac73-67c9-4740-b8ca-76a2352e9e82', '1e461407b334a52269958371b38c7236f8d8e6f6a9c13aea1b5af6bab3b1d5aa', 'Mozilla/5.0 (Windows NT 10.0; Win64; x64) AppleWebKit/537.36 (KHTML, like Gecko) Chrome/148.0.0.0 Safari/537.36', '2a09:bac1:36e0:ba8::176:86', '2026-06-10 07:07:08.892+00', true, '2026-05-11 07:07:08.995169+00', 'd9f315ec-e648-477a-8aac-fa248fa6c5b3', '2026-05-11 07:07:08.892+00', NULL, '00000000-0000-0000-0000-000000000001'),
	('dcd967c2-96fe-41e2-9d61-47d3f86bcc5f', 'a503ac73-67c9-4740-b8ca-76a2352e9e82', '03a4f36ba1333dec96784dcd6b551ef244dd68f75e1195ccbe0e07b7c3f4821d', 'Mozilla/5.0 (Windows NT 10.0; Win64; x64) AppleWebKit/537.36 (KHTML, like Gecko) Chrome/148.0.0.0 Safari/537.36', '2a09:bac1:36e0:ba8::176:86', '2026-06-10 07:07:28.694+00', true, '2026-05-11 07:07:28.796293+00', '4d47c4f4-e89e-4a00-b6c9-bb57f10e2ae7', '2026-05-11 07:07:28.694+00', NULL, '00000000-0000-0000-0000-000000000001'),
	('f6d4ae85-862c-4dec-8283-34b37734f67b', 'a503ac73-67c9-4740-b8ca-76a2352e9e82', '420cd2a9dad51c7c9236c8a64e2c00673721ff06bdb19f548d448ad99a74f48d', 'Mozilla/5.0 (Windows NT 10.0; Win64; x64) AppleWebKit/537.36 (KHTML, like Gecko) Chrome/148.0.0.0 Safari/537.36', '2a09:bac1:36c0:ba8::176:86', '2026-06-10 07:14:57.574+00', true, '2026-05-11 07:14:57.676297+00', '0e7bf70f-d5e9-4717-a6c3-05f08c883121', '2026-05-11 07:14:57.574+00', NULL, '00000000-0000-0000-0000-000000000001'),
	('8fbea3c7-4b03-4749-9f42-5977ea8aee8f', '2ef86968-1402-48ff-97ea-a5071588e1bd', '207412fa414bd1547006120b08ada47d5ac7aff6b0ffff75b442cc402d9ec2bb', 'Mozilla/5.0 (Windows NT 10.0; Win64; x64) AppleWebKit/537.36 (KHTML, like Gecko) Chrome/147.0.0.0 Safari/537.36', '122.172.84.252', '2026-06-10 07:19:56.685+00', true, '2026-05-11 07:19:56.825519+00', 'a2fa5b11-132e-4072-82bb-f59c69e4a457', '2026-05-11 07:19:56.685+00', NULL, '00000000-0000-0000-0000-000000000001'),
	('9377a414-ceed-486c-a45d-dddedd1d953e', '2ef86968-1402-48ff-97ea-a5071588e1bd', '463b1981414d76f74100fc0ccbc5ed081a896c0d8664b063b97ffce512a4894a', 'Mozilla/5.0 (Windows NT 10.0; Win64; x64) AppleWebKit/537.36 (KHTML, like Gecko) Chrome/147.0.0.0 Safari/537.36', '122.172.84.252', '2026-06-10 07:19:58.592+00', true, '2026-05-11 07:19:58.732427+00', '8fbea3c7-4b03-4749-9f42-5977ea8aee8f', '2026-05-11 07:19:58.592+00', NULL, '00000000-0000-0000-0000-000000000001'),
	('1e14e3e4-65a7-418b-9edc-0ea6c6715ef6', 'cf59c3ab-cf9f-4687-a880-d98e21c0d70c', 'c58a33aa4882401e3fa2124e0bfeccb7956ab49f64a364b908c10692a14c4ed3', 'Mozilla/5.0 (Windows NT 10.0; Win64; x64) AppleWebKit/537.36 (KHTML, like Gecko) Chrome/148.0.0.0 Safari/537.36', '2a09:bac5:3b29:eaa::176:86', '2026-06-10 07:31:42.513+00', true, '2026-05-11 07:31:42.805103+00', NULL, NULL, NULL, '00000000-0000-0000-0000-000000000001'),
	('d331910b-9f05-4f44-ab80-dd7b30479efe', '2dc576b6-505e-481c-82bf-dfda564b34a5', '3fb8335ea2beac001ab759ced507e33528e66064375fcfc72cb94241ddb6f2b6', 'Mozilla/5.0 (Windows NT 10.0; Win64; x64) AppleWebKit/537.36 (KHTML, like Gecko) Chrome/147.0.0.0 Safari/537.36', '122.172.84.252', '2026-06-10 06:04:08.999+00', true, '2026-05-11 06:04:09.129009+00', 'bd746dbb-2960-4a86-9193-79abd7b2d54e', '2026-05-11 06:04:08.999+00', NULL, '00000000-0000-0000-0000-000000000001'),
	('cc2e1141-a5f9-4b12-80f3-eadc772eac8a', 'ab8c5cf5-5faa-49ff-abdd-e73595a0125e', '33664562f03841dc1cbf576c04ee8400037e7703787d9e323023b10a53d29e9b', 'Mozilla/5.0 (Windows NT 10.0; Win64; x64) AppleWebKit/537.36 (KHTML, like Gecko) Chrome/148.0.0.0 Safari/537.36', '2a09:bac5:3b2c:eaa::176:86', '2026-06-10 04:57:21.915+00', true, '2026-05-11 04:57:22.013647+00', 'c2ffa8dd-f071-449a-8f91-932a915476ae', '2026-05-11 04:57:21.915+00', NULL, '00000000-0000-0000-0000-000000000001'),
	('d722050b-4d95-48e5-a7b3-7c058cd406e7', '2dc576b6-505e-481c-82bf-dfda564b34a5', '9045329d56f11b0af0a273d924fe45a8534d562586c3f85005f8512897ba9c5d', 'Mozilla/5.0 (Windows NT 10.0; Win64; x64) AppleWebKit/537.36 (KHTML, like Gecko) Chrome/147.0.0.0 Safari/537.36', '122.172.84.252', '2026-06-10 04:57:31.385+00', false, '2026-05-11 04:57:31.509773+00', '47fee88f-a2cb-491d-ba5a-537e0619f2bb', '2026-05-11 04:57:31.385+00', NULL, '00000000-0000-0000-0000-000000000001'),
	('2785970f-22ad-41e2-bec0-e1d957962920', 'd820fe29-9bbc-4af3-859f-5f207abd22d5', '90b4c83eb9051d9b0c553ccdf1824984f52d95c1c0b51f00a0950dac68d797f2', 'Mozilla/5.0 (Windows NT 10.0; Win64; x64) AppleWebKit/537.36 (KHTML, like Gecko) Chrome/148.0.0.0 Safari/537.36', '2a09:bac5:3b2e:eaa::176:86', '2026-06-10 06:16:46.443+00', false, '2026-05-11 06:16:46.773305+00', NULL, NULL, NULL, '00000000-0000-0000-0000-000000000001'),
	('7d15e947-3c77-4ec1-bb4f-a9d3e17c4c62', 'a8a82dc8-86c0-4275-85dc-b36aec856220', '3e4085322d1fc0eda7d44b738845a89cdd90e1c9b484501a9b06c57e62a2d929', 'Mozilla/5.0 (Windows NT 10.0; Win64; x64) AppleWebKit/537.36 (KHTML, like Gecko) Chrome/148.0.0.0 Safari/537.36', '2a09:bac5:3b2e:eaa::176:86', '2026-06-10 05:14:42.197+00', true, '2026-05-11 05:14:42.297842+00', '0f9acb59-83dc-42ce-ac0c-201e107d2952', '2026-05-11 05:14:42.197+00', NULL, '00000000-0000-0000-0000-000000000001'),
	('65a46ab4-67e0-4a40-a70a-d920653f8370', '7b4c6f33-78d4-49e5-9f0b-3cf052d8ef1c', 'c0f003b5d5483230b594e791b8a7f673a2099a73f5de26ebb1b9df27b5c7f580', 'Mozilla/5.0 (Windows NT 10.0; Win64; x64) AppleWebKit/537.36 (KHTML, like Gecko) Chrome/148.0.0.0 Safari/537.36', '2a09:bac5:3b2b:eaa::176:a9', '2026-06-10 15:27:21.485+00', false, '2026-05-11 15:27:21.741685+00', NULL, NULL, NULL, '00000000-0000-0000-0000-000000000001'),
	('4e764aa4-a672-419c-a019-b9e80d714f13', 'dee2c600-cacf-4cd7-839c-72761e0c6d44', '2763cac4b25ded229383556cee001af4a6585a031def6edd5659d0678bc26ecd', 'Mozilla/5.0 (Windows NT 10.0; Win64; x64) AppleWebKit/537.36 (KHTML, like Gecko) Chrome/148.0.0.0 Safari/537.36', '2a09:bac1:36c0:ba8::176:86', '2026-06-10 05:51:10.38+00', true, '2026-05-11 05:51:10.480887+00', 'fd6e440b-3385-417f-9fc0-0f7207f8914c', '2026-05-11 05:51:10.38+00', NULL, '00000000-0000-0000-0000-000000000001'),
	('c43aa420-e019-49d6-88d9-7ae2aa81fcd2', '2ef86968-1402-48ff-97ea-a5071588e1bd', '6ad99a0022381a1be545b0813754bcde11807f0d1c6b7bdc701c55d5d0e09afd', 'Mozilla/5.0 (iPhone; CPU iPhone OS 18_5 like Mac OS X) AppleWebKit/605.1.15 (KHTML, like Gecko) Version/18.5 Mobile/15E148 Safari/604.1', '122.172.84.252', '2026-06-10 06:26:39.878+00', true, '2026-05-11 06:26:40.005794+00', '50cfc9c9-199a-4ec1-9df0-200bd1b3fe21', '2026-05-11 06:26:39.878+00', NULL, '00000000-0000-0000-0000-000000000001'),
	('f281e539-babf-42b4-a31f-2b0578ec9dbc', '2dc576b6-505e-481c-82bf-dfda564b34a5', 'ac638bf4415f445e3c5beaebe0aae3731713f802385bf725d7d261e0cc7f6a67', 'Mozilla/5.0 (Windows NT 10.0; Win64; x64) AppleWebKit/537.36 (KHTML, like Gecko) Chrome/147.0.0.0 Safari/537.36', '122.172.84.252', '2026-06-10 06:03:54.802+00', true, '2026-05-11 06:03:54.925047+00', 'f90fa72f-6b92-42e7-aa84-d5fba1ad234f', '2026-05-11 06:03:54.802+00', NULL, '00000000-0000-0000-0000-000000000001'),
	('ee87a3b6-0d0e-47f7-b068-bb844093bcee', '2dc576b6-505e-481c-82bf-dfda564b34a5', 'e9ab5a4c0fcb19350b1c8662c31be24c4a4cd6ba13642ceec971c65bde57a70f', 'Mozilla/5.0 (Windows NT 10.0; Win64; x64) AppleWebKit/537.36 (KHTML, like Gecko) Chrome/147.0.0.0 Safari/537.36', '122.172.84.252', '2026-06-10 06:04:01.409+00', true, '2026-05-11 06:04:01.533412+00', 'f281e539-babf-42b4-a31f-2b0578ec9dbc', '2026-05-11 06:04:01.409+00', NULL, '00000000-0000-0000-0000-000000000001'),
	('1ea957a8-bfd7-4910-80b6-4156d6437252', '2ef86968-1402-48ff-97ea-a5071588e1bd', 'a833338090f6bcdcf8fd2a337e93e9b3cd344aac12c3b12bd3f1b4db22a10d61', 'Mozilla/5.0 (iPhone; CPU iPhone OS 18_5 like Mac OS X) AppleWebKit/605.1.15 (KHTML, like Gecko) Version/18.5 Mobile/15E148 Safari/604.1', '122.172.84.252', '2026-06-10 06:26:45.957+00', true, '2026-05-11 06:26:46.085373+00', 'c43aa420-e019-49d6-88d9-7ae2aa81fcd2', '2026-05-11 06:26:45.957+00', NULL, '00000000-0000-0000-0000-000000000001'),
	('bd746dbb-2960-4a86-9193-79abd7b2d54e', '2dc576b6-505e-481c-82bf-dfda564b34a5', 'b8faea8cfcb97d43e4620add9309cee5a4e5ba7a605ba5e469abf9f096d2e596', 'Mozilla/5.0 (Windows NT 10.0; Win64; x64) AppleWebKit/537.36 (KHTML, like Gecko) Chrome/147.0.0.0 Safari/537.36', '122.172.84.252', '2026-06-10 06:04:07.494+00', true, '2026-05-11 06:04:07.624213+00', 'ee87a3b6-0d0e-47f7-b068-bb844093bcee', '2026-05-11 06:04:07.494+00', NULL, '00000000-0000-0000-0000-000000000001'),
	('3d03b426-b855-4ce4-a784-0d522ec6c224', 'a503ac73-67c9-4740-b8ca-76a2352e9e82', '3988261919e3040e370f2a6b6568d7e3d19d5e797fbed8b7c52566ff81516458', 'Mozilla/5.0 (Windows NT 10.0; Win64; x64) AppleWebKit/537.36 (KHTML, like Gecko) Chrome/148.0.0.0 Safari/537.36', '2a09:bac5:3b2f:eaa::176:86', '2026-06-10 06:50:36.838+00', true, '2026-05-11 06:50:36.940611+00', 'f069db98-2aac-423f-8770-625f92c1ce80', '2026-05-11 06:50:36.838+00', NULL, '00000000-0000-0000-0000-000000000001'),
	('e07e0a46-c337-43b6-b14a-6995b4839931', '2ef86968-1402-48ff-97ea-a5071588e1bd', 'af24ef3d5fa3f2d4188d3badf979b8ac31d8b03d1ca2dbe935bc6faf282e5a06', 'Mozilla/5.0 (Windows NT 10.0; Win64; x64) AppleWebKit/537.36 (KHTML, like Gecko) Chrome/147.0.0.0 Safari/537.36', '122.172.84.252', '2026-06-10 06:51:09.106+00', true, '2026-05-11 06:51:09.237416+00', 'b2b99eb0-1643-46ad-b38c-59114bd96cf4', '2026-05-11 06:51:09.106+00', NULL, '00000000-0000-0000-0000-000000000001'),
	('b90960af-6636-4054-b0be-f2235721f524', 'a503ac73-67c9-4740-b8ca-76a2352e9e82', '16c2174fd5ab3cf7ed04473a2e07d6066d8754cd275017755ab47e645e1871d6', 'Mozilla/5.0 (Windows NT 10.0; Win64; x64) AppleWebKit/537.36 (KHTML, like Gecko) Chrome/148.0.0.0 Safari/537.36', '2a09:bac5:3b2a:eaa::176:86', '2026-06-10 07:01:48.695+00', true, '2026-05-11 07:01:48.7962+00', 'd3e33aea-91e1-471d-a604-0267fdb6594a', '2026-05-11 07:01:48.695+00', NULL, '00000000-0000-0000-0000-000000000001'),
	('4d47c4f4-e89e-4a00-b6c9-bb57f10e2ae7', 'a503ac73-67c9-4740-b8ca-76a2352e9e82', '9a0c53307eeaee2f37c6b996179fc4effcc860d04ced1097b8035804975dc891', 'Mozilla/5.0 (Windows NT 10.0; Win64; x64) AppleWebKit/537.36 (KHTML, like Gecko) Chrome/148.0.0.0 Safari/537.36', '2a09:bac1:36e0:ba8::176:86', '2026-06-10 07:07:24.975+00', true, '2026-05-11 07:07:25.077106+00', '19a5a671-aa4c-4e89-9bf4-cd430ddf4518', '2026-05-11 07:07:24.975+00', NULL, '00000000-0000-0000-0000-000000000001'),
	('6a4c31f0-6d61-4c15-bb0d-e765a2275598', 'a503ac73-67c9-4740-b8ca-76a2352e9e82', 'd3f4371f8340963875ee38987878185fd08d080ea7e9ecdb05e092d6ee56349b', 'Mozilla/5.0 (Windows NT 10.0; Win64; x64) AppleWebKit/537.36 (KHTML, like Gecko) Chrome/148.0.0.0 Safari/537.36', '2a09:bac5:3b2e:eaa::176:86', '2026-06-10 07:15:36.314+00', true, '2026-05-11 07:15:36.416534+00', 'f6d4ae85-862c-4dec-8283-34b37734f67b', '2026-05-11 07:15:36.314+00', NULL, '00000000-0000-0000-0000-000000000001'),
	('36c3ce6d-c01d-4cb4-a325-cfd49e0535e9', 'a503ac73-67c9-4740-b8ca-76a2352e9e82', 'd65cf10bcdc95d09c81ccf209a692bc30712c1bb0926106c41c3fa11311b7e56', 'Mozilla/5.0 (Windows NT 10.0; Win64; x64) AppleWebKit/537.36 (KHTML, like Gecko) Chrome/148.0.0.0 Safari/537.36', '2a09:bac1:36c0:ba8::176:86', '2026-06-10 07:20:28.141+00', true, '2026-05-11 07:20:28.247058+00', '497241f4-74fd-4644-baf3-87c6f27a14d5', '2026-05-11 07:20:28.141+00', NULL, '00000000-0000-0000-0000-000000000001'),
	('a9cfd65a-21e3-4cce-9426-d85478eab0a4', 'a503ac73-67c9-4740-b8ca-76a2352e9e82', '7dcafec851666a0d0248c2463dc46a27bafe33f5206c7bea4b037ea865cf705f', 'Mozilla/5.0 (Windows NT 10.0; Win64; x64) AppleWebKit/537.36 (KHTML, like Gecko) Chrome/148.0.0.0 Safari/537.36', '2a09:bac5:3b28:eaa::176:86', '2026-06-10 07:21:30.969+00', true, '2026-05-11 07:21:31.075769+00', '36c3ce6d-c01d-4cb4-a325-cfd49e0535e9', '2026-05-11 07:21:30.969+00', NULL, '00000000-0000-0000-0000-000000000001'),
	('7b1b06e4-9403-4a85-b602-42e4f94f9064', '2ef86968-1402-48ff-97ea-a5071588e1bd', '1ada0aadf5c3bd9f061b2d011e0d06fcbcada30f63a8004a8d0133bf2675f3bc', 'Mozilla/5.0 (iPhone; CPU iPhone OS 18_5 like Mac OS X) AppleWebKit/605.1.15 (KHTML, like Gecko) Version/18.5 Mobile/15E148 Safari/604.1', '122.172.84.252', '2026-06-10 07:25:20.044+00', true, '2026-05-11 07:25:20.183659+00', '3347efcf-ffd3-4f35-a0f9-76eb42d65a82', '2026-05-11 07:25:20.044+00', NULL, '00000000-0000-0000-0000-000000000001'),
	('f87fb8f4-ac3a-4539-970e-87f996ded93d', '2ef86968-1402-48ff-97ea-a5071588e1bd', '2ed1355649c303f2ce7a178dcf66d0088460c6d72e4716b429ccb6b8bc984435', 'Mozilla/5.0 (Windows NT 10.0; Win64; x64) AppleWebKit/537.36 (KHTML, like Gecko) Chrome/147.0.0.0 Safari/537.36', '122.172.84.252', '2026-06-10 07:36:02.237+00', true, '2026-05-11 07:36:02.369102+00', '7b1b06e4-9403-4a85-b602-42e4f94f9064', '2026-05-11 07:36:02.237+00', NULL, '00000000-0000-0000-0000-000000000001'),
	('7a59e446-6edc-4096-aaba-cb812eb5a30b', '2ef86968-1402-48ff-97ea-a5071588e1bd', 'dfec936f24248fcb4d69e94ff31bd66ac966ea1b91220ee75bdb1d0d0a89d87c', 'Mozilla/5.0 (Windows NT 10.0; Win64; x64) AppleWebKit/537.36 (KHTML, like Gecko) Chrome/147.0.0.0 Safari/537.36', '122.172.84.252', '2026-06-10 07:36:04.049+00', true, '2026-05-11 07:36:04.181475+00', 'f87fb8f4-ac3a-4539-970e-87f996ded93d', '2026-05-11 07:36:04.049+00', NULL, '00000000-0000-0000-0000-000000000001'),
	('165d41b4-f18c-4ea6-a51f-ebb09d1609df', '2ef86968-1402-48ff-97ea-a5071588e1bd', '44c8ba1602a1c7eafd9325b658e67679a50940fe703163328f07c13392430bf4', 'Mozilla/5.0 (Windows NT 10.0; Win64; x64) AppleWebKit/537.36 (KHTML, like Gecko) Chrome/147.0.0.0 Safari/537.36', '122.172.84.252', '2026-06-10 07:36:12.528+00', true, '2026-05-11 07:36:12.661368+00', '7a59e446-6edc-4096-aaba-cb812eb5a30b', '2026-05-11 07:36:12.528+00', NULL, '00000000-0000-0000-0000-000000000001'),
	('bb197077-0409-4b4e-813f-6b2f63943110', 'cf59c3ab-cf9f-4687-a880-d98e21c0d70c', '4347f42905a5afa86395a1a3ad6e1ce949e7374a22ba9a28b00b8c6f220981c1', 'Mozilla/5.0 (Windows NT 10.0; Win64; x64) AppleWebKit/537.36 (KHTML, like Gecko) Chrome/148.0.0.0 Safari/537.36', '2a09:bac5:3b28:eaa::176:86', '2026-06-10 07:36:18.62+00', true, '2026-05-11 07:36:18.733614+00', '1e14e3e4-65a7-418b-9edc-0ea6c6715ef6', '2026-05-11 07:36:18.62+00', NULL, '00000000-0000-0000-0000-000000000001'),
	('395f00e0-4948-494b-b8fa-339b06711901', '2dc576b6-505e-481c-82bf-dfda564b34a5', '626926d968b1e815cfa6c16fe060c1c8f82e13f70cde2ef66a42841cb8d9fd3a', 'Mozilla/5.0 (Windows NT 10.0; Win64; x64) AppleWebKit/537.36 (KHTML, like Gecko) Chrome/147.0.0.0 Safari/537.36', '122.172.84.252', '2026-06-10 03:42:01.141+00', true, '2026-05-11 03:42:01.278975+00', '9d45a968-2511-4bd3-82c8-d6c9d8dd0e17', '2026-05-11 03:42:01.141+00', NULL, '00000000-0000-0000-0000-000000000001'),
	('8f031d47-00fc-40e3-a17f-023fca8ae893', 'fe200a1b-6d97-4839-9841-f63fc2213188', 'd2a992a903b88a606af30aafd61d632e8be89f833f12d14ce71b500942011c49', 'Mozilla/5.0 (Windows NT 10.0; Win64; x64) AppleWebKit/537.36 (KHTML, like Gecko) Chrome/148.0.0.0 Safari/537.36', '2a09:bac1:3680:ba8::176:a9', '2026-06-10 16:40:10.86+00', false, '2026-05-11 16:40:11.196129+00', NULL, NULL, NULL, '00000000-0000-0000-0000-000000000001'),
	('6c6b0173-cec7-48c0-9aca-3bc0942c71f4', '2dc576b6-505e-481c-82bf-dfda564b34a5', '6d4b58eae4d13c723d87b4ca7e9eb89b7c0a5b24af01c0cd10ef76128d99c7e8', 'Mozilla/5.0 (Windows NT 10.0; Win64; x64) AppleWebKit/537.36 (KHTML, like Gecko) Chrome/147.0.0.0 Safari/537.36', '122.172.84.252', '2026-06-10 03:42:46.45+00', true, '2026-05-11 03:42:46.588168+00', '388f9caf-c035-4ca4-864d-9ba84827d532', '2026-05-11 03:42:46.45+00', NULL, '00000000-0000-0000-0000-000000000001'),
	('efa5946e-fed3-4d3b-ae4e-c161d69695bb', 'ab8c5cf5-5faa-49ff-abdd-e73595a0125e', '2f67c9d2e99535991de6d8e24f138d6f20bea4d24333d13185ef830d70998db9', 'Mozilla/5.0 (Windows NT 10.0; Win64; x64) AppleWebKit/537.36 (KHTML, like Gecko) Chrome/148.0.0.0 Safari/537.36', '2a09:bac5:3b2c:eaa::176:86', '2026-06-10 04:57:23.198+00', true, '2026-05-11 04:57:23.293498+00', 'cc2e1141-a5f9-4b12-80f3-eadc772eac8a', '2026-05-11 04:57:23.198+00', NULL, '00000000-0000-0000-0000-000000000001'),
	('a2eb85c8-732c-4665-9aa8-3dd45a3e63e6', '2ef86968-1402-48ff-97ea-a5071588e1bd', '7997cba6d2d92716e070f0e09c24d3d42d03e677f14603daaff29e186eced24c', 'Mozilla/5.0 (Windows NT 10.0; Win64; x64) AppleWebKit/537.36 (KHTML, like Gecko) Chrome/147.0.0.0 Safari/537.36', '122.172.84.252', '2026-06-10 06:18:39.207+00', true, '2026-05-11 06:18:39.521434+00', NULL, NULL, NULL, '00000000-0000-0000-0000-000000000001'),
	('2560d085-d332-4ea4-a870-fb8739066a67', 'ab8c5cf5-5faa-49ff-abdd-e73595a0125e', '42058117e62d9e2ebb2b5b1c3eb6e95657e38d36180f56e65600cc3fdb781cba', 'Mozilla/5.0 (Windows NT 10.0; Win64; x64) AppleWebKit/537.36 (KHTML, like Gecko) Chrome/148.0.0.0 Safari/537.36', '2a09:bac5:3b2c:eaa::176:86', '2026-06-10 04:57:29.02+00', true, '2026-05-11 04:57:29.115797+00', 'efa5946e-fed3-4d3b-ae4e-c161d69695bb', '2026-05-11 04:57:29.02+00', NULL, '00000000-0000-0000-0000-000000000001'),
	('304a51ac-1e8b-4504-97ca-ef93fe61a8da', '2dc576b6-505e-481c-82bf-dfda564b34a5', '460ed4a135596467f2d163b2abc922aeae9e3a3d28b753ebd0270d7bffc1c3f0', 'Mozilla/5.0 (Windows NT 10.0; Win64; x64) AppleWebKit/537.36 (KHTML, like Gecko) Chrome/147.0.0.0 Safari/537.36', '122.172.84.252', '2026-06-10 03:43:14.782+00', true, '2026-05-11 03:43:14.920072+00', '6c6b0173-cec7-48c0-9aca-3bc0942c71f4', '2026-05-11 03:43:14.782+00', NULL, '00000000-0000-0000-0000-000000000001'),
	('6130abbc-56d3-4439-a773-af42b8cc8ebc', 'a8a82dc8-86c0-4275-85dc-b36aec856220', '137b6b12b6ad66e372a6a8b5b6eb07a64b46343ce2f019334a65f2f5ea2bde9b', 'Mozilla/5.0 (Windows NT 10.0; Win64; x64) AppleWebKit/537.36 (KHTML, like Gecko) Chrome/148.0.0.0 Safari/537.36', '2a09:bac5:3b2a:eaa::176:86', '2026-06-10 05:36:40.245+00', true, '2026-05-11 05:36:40.346398+00', '7d15e947-3c77-4ec1-bb4f-a9d3e17c4c62', '2026-05-11 05:36:40.245+00', NULL, '00000000-0000-0000-0000-000000000001'),
	('09415ac6-82ab-4a08-9ab2-1bcd8a6d6659', '2ef86968-1402-48ff-97ea-a5071588e1bd', '3e8c4ea15a079085db257cf013a354d92340e6644a72880b719fc7050970ff1d', 'Mozilla/5.0 (Windows NT 10.0; Win64; x64) AppleWebKit/537.36 (KHTML, like Gecko) Chrome/147.0.0.0 Safari/537.36', '122.172.84.252', '2026-06-10 06:18:47.249+00', true, '2026-05-11 06:18:47.373016+00', 'd11a71bd-32c2-4921-a816-2a83b630945c', '2026-05-11 06:18:47.249+00', NULL, '00000000-0000-0000-0000-000000000001'),
	('33ab5c76-f8bc-46e4-a26a-aa40b6e07223', 'a8a82dc8-86c0-4275-85dc-b36aec856220', '0a921a69b4de5b3bbad8e0ea7f3c8ea6cde1dd5a67c16e6d92624ad8424b54b9', 'Mozilla/5.0 (Windows NT 10.0; Win64; x64) AppleWebKit/537.36 (KHTML, like Gecko) Chrome/148.0.0.0 Safari/537.36', '2a09:bac5:3b2a:eaa::176:86', '2026-06-10 05:36:55.565+00', true, '2026-05-11 05:36:55.665001+00', '6130abbc-56d3-4439-a773-af42b8cc8ebc', '2026-05-11 05:36:55.565+00', NULL, '00000000-0000-0000-0000-000000000001'),
	('944a3c41-9a9b-4649-b0ca-bd5e55ab942b', '09c54dff-5bdb-49ef-a25c-ea500cd6ef78', '0185215aaa6b9f4f8d745a7aceba3bbee88609e62bf147c76628854a6d3194bf', 'Mozilla/5.0 (X11; Linux x86_64) AppleWebKit/537.36 (KHTML, like Gecko) Chrome/147.0.0.0 Safari/537.36', '122.172.84.252', '2026-06-10 05:54:47.363+00', true, '2026-05-11 05:54:47.680747+00', NULL, NULL, NULL, '00000000-0000-0000-0000-000000000001'),
	('7add8a3a-6bd6-4bf9-9bb3-05254e26ef6b', '2ef86968-1402-48ff-97ea-a5071588e1bd', '7a0036c95eca945b90a8b649c907fa69af969ff392a8f4826d06352441de55fd', 'Mozilla/5.0 (iPhone; CPU iPhone OS 18_5 like Mac OS X) AppleWebKit/605.1.15 (KHTML, like Gecko) Version/18.5 Mobile/15E148 Safari/604.1', '122.172.84.252', '2026-06-10 06:41:49.677+00', true, '2026-05-11 06:41:49.804355+00', '1ea957a8-bfd7-4910-80b6-4156d6437252', '2026-05-11 06:41:49.677+00', NULL, '00000000-0000-0000-0000-000000000001'),
	('2c47b0a9-4b52-4ea8-b841-6cb0ca74141a', '2ef86968-1402-48ff-97ea-a5071588e1bd', '0dd0ceb930e178b4e2884e001422260726675b8fdc714356047c246a5db5824a', 'Mozilla/5.0 (iPhone; CPU iPhone OS 18_5 like Mac OS X) AppleWebKit/605.1.15 (KHTML, like Gecko) Version/18.5 Mobile/15E148 Safari/604.1', '122.172.84.252', '2026-06-10 06:41:53.568+00', true, '2026-05-11 06:41:53.69763+00', '7add8a3a-6bd6-4bf9-9bb3-05254e26ef6b', '2026-05-11 06:41:53.568+00', NULL, '00000000-0000-0000-0000-000000000001'),
	('d988e00a-b4d7-453d-901a-dc5a3f6c7d3c', '2ef86968-1402-48ff-97ea-a5071588e1bd', '56ac6ef11f946412695cad721bb5ce5ebfe3bc67a34ce0a00b3732cc12a9d270', 'Mozilla/5.0 (Windows NT 10.0; Win64; x64) AppleWebKit/537.36 (KHTML, like Gecko) Chrome/147.0.0.0 Safari/537.36', '122.172.84.252', '2026-06-10 06:50:58.596+00', true, '2026-05-11 06:50:58.726372+00', '511542de-e8c7-4117-887f-b7b74e026efc', '2026-05-11 06:50:58.596+00', NULL, '00000000-0000-0000-0000-000000000001'),
	('ebdda7ed-01cb-4e30-a0bd-22120cf572f5', 'a503ac73-67c9-4740-b8ca-76a2352e9e82', 'ab2a6d35ecf686b5e9b46ef73348c15d9469239e8e5644390f95158491decd31', 'Mozilla/5.0 (Windows NT 10.0; Win64; x64) AppleWebKit/537.36 (KHTML, like Gecko) Chrome/148.0.0.0 Safari/537.36', '2a09:bac5:3b2f:eaa::176:86', '2026-06-10 06:50:38.427+00', true, '2026-05-11 06:50:38.528675+00', '3d03b426-b855-4ce4-a784-0d522ec6c224', '2026-05-11 06:50:38.427+00', NULL, '00000000-0000-0000-0000-000000000001'),
	('ef9bded3-8929-4182-9f76-3e9e8f39cb59', '2dc576b6-505e-481c-82bf-dfda564b34a5', 'eed17f215dba866eb12d7cb14ccad65ba89bfcc1654ba7ca1ae5ae47bee69e37', 'Mozilla/5.0 (Windows NT 10.0; Win64; x64) AppleWebKit/537.36 (KHTML, like Gecko) Chrome/147.0.0.0 Safari/537.36', '122.172.84.252', '2026-06-10 03:39:32.418+00', true, '2026-05-11 03:39:32.666666+00', NULL, NULL, NULL, '00000000-0000-0000-0000-000000000001'),
	('dc500c9d-c0e6-42fa-92d7-037341b83aef', '2dc576b6-505e-481c-82bf-dfda564b34a5', 'e3e20aedf3f66b7f692bdd34afc9a1007dc714c4b609d4061fa735dc1873baab', 'Mozilla/5.0 (Windows NT 10.0; Win64; x64) AppleWebKit/537.36 (KHTML, like Gecko) Chrome/147.0.0.0 Safari/537.36', '122.172.84.252', '2026-06-10 03:39:35.001+00', true, '2026-05-11 03:39:35.139684+00', 'ef9bded3-8929-4182-9f76-3e9e8f39cb59', '2026-05-11 03:39:35.001+00', NULL, '00000000-0000-0000-0000-000000000001'),
	('0f1db1c0-c8e4-44b6-9636-8d61a0b62eb7', '2dc576b6-505e-481c-82bf-dfda564b34a5', '203bf64946ce2383c07a59208c02d8c548aee173e729a8c22d02d0142b3da8b7', 'Mozilla/5.0 (Windows NT 10.0; Win64; x64) AppleWebKit/537.36 (KHTML, like Gecko) Chrome/147.0.0.0 Safari/537.36', '122.172.84.252', '2026-06-10 03:39:57.184+00', true, '2026-05-11 03:39:57.320285+00', 'dc500c9d-c0e6-42fa-92d7-037341b83aef', '2026-05-11 03:39:57.184+00', NULL, '00000000-0000-0000-0000-000000000001'),
	('4ad91246-ab33-4381-9d70-a6c96f6901bf', '2dc576b6-505e-481c-82bf-dfda564b34a5', '2d2784275e4ef73674ea7e87cc8fe584a0bbc2e1ac0c37f6dfa49bae22cf038a', 'Mozilla/5.0 (Windows NT 10.0; Win64; x64) AppleWebKit/537.36 (KHTML, like Gecko) Chrome/147.0.0.0 Safari/537.36', '122.172.84.252', '2026-06-10 03:40:24.262+00', true, '2026-05-11 03:40:24.400117+00', '0f1db1c0-c8e4-44b6-9636-8d61a0b62eb7', '2026-05-11 03:40:24.262+00', NULL, '00000000-0000-0000-0000-000000000001'),
	('7428dcd9-0985-432b-8098-b74443f06903', '2dc576b6-505e-481c-82bf-dfda564b34a5', 'a437eedf172e7ce7fe46a4c6fd779a3c6c09b13763d9515d2738b07fbc3fd909', 'Mozilla/5.0 (Windows NT 10.0; Win64; x64) AppleWebKit/537.36 (KHTML, like Gecko) Chrome/147.0.0.0 Safari/537.36', '122.172.84.252', '2026-06-10 03:40:53.686+00', true, '2026-05-11 03:40:53.823289+00', '4ad91246-ab33-4381-9d70-a6c96f6901bf', '2026-05-11 03:40:53.686+00', NULL, '00000000-0000-0000-0000-000000000001'),
	('353a96d4-441d-4761-a636-e5e670342f3d', '2dc576b6-505e-481c-82bf-dfda564b34a5', 'ed1520fb0a99738dc10f09a35265e698d66abc5d4d5e7a4e895576c769af8237', 'Mozilla/5.0 (Windows NT 10.0; Win64; x64) AppleWebKit/537.36 (KHTML, like Gecko) Chrome/147.0.0.0 Safari/537.36', '122.172.84.252', '2026-06-10 03:40:55.016+00', true, '2026-05-11 03:40:55.154274+00', '7428dcd9-0985-432b-8098-b74443f06903', '2026-05-11 03:40:55.016+00', NULL, '00000000-0000-0000-0000-000000000001'),
	('69247fa9-638a-4c0f-9586-5e42f49d686b', '2dc576b6-505e-481c-82bf-dfda564b34a5', 'a82566dd53d73260c3d8ae1574653234323437d13f791573cec4325b11a04a2a', 'Mozilla/5.0 (Windows NT 10.0; Win64; x64) AppleWebKit/537.36 (KHTML, like Gecko) Chrome/147.0.0.0 Safari/537.36', '122.172.84.252', '2026-06-10 03:40:59.165+00', true, '2026-05-11 03:40:59.303669+00', '353a96d4-441d-4761-a636-e5e670342f3d', '2026-05-11 03:40:59.165+00', NULL, '00000000-0000-0000-0000-000000000001'),
	('d9531c70-04ef-4fce-810e-262055e24c3c', '2dc576b6-505e-481c-82bf-dfda564b34a5', 'a3a04299390249f4f405aca9cd3881b8ee4a811525e44a6747d9b4790d6bbb5c', 'Mozilla/5.0 (Windows NT 10.0; Win64; x64) AppleWebKit/537.36 (KHTML, like Gecko) Chrome/147.0.0.0 Safari/537.36', '122.172.84.252', '2026-06-10 03:41:03.738+00', true, '2026-05-11 03:41:03.878509+00', '69247fa9-638a-4c0f-9586-5e42f49d686b', '2026-05-11 03:41:03.738+00', NULL, '00000000-0000-0000-0000-000000000001'),
	('9d45a968-2511-4bd3-82c8-d6c9d8dd0e17', '2dc576b6-505e-481c-82bf-dfda564b34a5', '2d727424ffe706d77d1a74a4f3f4f20ec83f90952c768ec8d7060da64fab2179', 'Mozilla/5.0 (Windows NT 10.0; Win64; x64) AppleWebKit/537.36 (KHTML, like Gecko) Chrome/147.0.0.0 Safari/537.36', '122.172.84.252', '2026-06-10 03:41:56.331+00', true, '2026-05-11 03:41:56.472809+00', 'd9531c70-04ef-4fce-810e-262055e24c3c', '2026-05-11 03:41:56.331+00', NULL, '00000000-0000-0000-0000-000000000001'),
	('1a457e9d-6a01-49bb-b184-4d1a177c75e5', 'fad0e9e3-448a-4752-83a0-feb7f9588fdf', '133f2e4f5ffee4be9443f185877d2dbdeb0a8466c4906431e1759a8b10134905', 'Mozilla/5.0 (X11; Linux x86_64) AppleWebKit/537.36 (KHTML, like Gecko) Chrome/147.0.0.0 Safari/537.36', '122.172.84.252', '2026-06-10 04:43:06.74+00', true, '2026-05-11 04:43:06.867869+00', '0a283281-94dc-4b67-8894-49d107f06ebd', '2026-05-11 04:43:06.74+00', NULL, '00000000-0000-0000-0000-000000000001'),
	('ceb84957-d82c-4699-90c2-6d2f8b3e16d6', '2dc576b6-505e-481c-82bf-dfda564b34a5', '42fee861f5a4b880616afc658fa00a1fb5f9ac1c7abecb7f90ba695d0843ee47', 'Mozilla/5.0 (Windows NT 10.0; Win64; x64) AppleWebKit/537.36 (KHTML, like Gecko) Chrome/147.0.0.0 Safari/537.36', '122.172.84.252', '2026-06-10 03:43:30.188+00', true, '2026-05-11 03:43:30.326502+00', '304a51ac-1e8b-4504-97ca-ef93fe61a8da', '2026-05-11 03:43:30.188+00', NULL, '00000000-0000-0000-0000-000000000001'),
	('fc14d88d-1f7f-4706-8328-3c2fa9a3acb4', '33e4d701-3aff-49f3-876b-271b340d7df2', '3bc5a2c4af1602457e7dc59a2d655a5916ec8f3148fcc96fd5c774ed499c37b1', 'Mozilla/5.0 (Windows NT 10.0; Win64; x64) AppleWebKit/537.36 (KHTML, like Gecko) Chrome/148.0.0.0 Safari/537.36', '2a09:bac5:3b2e:eaa::176:a6', '2026-06-10 04:38:52.079+00', true, '2026-05-11 04:38:52.178056+00', '6c0fcf26-6bfc-451c-a121-1f3b97a9347e', '2026-05-11 04:38:52.079+00', NULL, '00000000-0000-0000-0000-000000000001'),
	('67608e8a-11e6-4ef4-b2aa-d11abddd020f', '33e4d701-3aff-49f3-876b-271b340d7df2', '35305ee358055d40f69b9cb2b0989913b7c91412e4191d3ca7039f83d8586615', 'Mozilla/5.0 (Windows NT 10.0; Win64; x64) AppleWebKit/537.36 (KHTML, like Gecko) Chrome/148.0.0.0 Safari/537.36', '2a09:bac5:3b2e:eaa::176:a6', '2026-06-10 04:34:31.588+00', true, '2026-05-11 04:34:31.827116+00', NULL, NULL, NULL, '00000000-0000-0000-0000-000000000001'),
	('bf369ff5-8bd1-4254-9acc-391c2530a6d8', '2dc576b6-505e-481c-82bf-dfda564b34a5', 'd89590780a62fbf4c7d6e48e482b267327877bd33f67453c7a4e97bb13ae834f', 'Mozilla/5.0 (iPhone; CPU iPhone OS 18_5 like Mac OS X) AppleWebKit/605.1.15 (KHTML, like Gecko) Version/18.5 Mobile/15E148 Safari/604.1', '122.172.84.252', '2026-06-10 04:39:36.556+00', true, '2026-05-11 04:39:36.67574+00', '1175990e-ed22-4099-a17f-abdd0a567e4a', '2026-05-11 04:39:36.556+00', NULL, '00000000-0000-0000-0000-000000000001'),
	('11d83158-de68-47c9-91ec-97c497745f92', '33e4d701-3aff-49f3-876b-271b340d7df2', '4f8bded0621c85e739695c4bc3020303592ea5f5f51c76d975d324a1333038d0', 'Mozilla/5.0 (Windows NT 10.0; Win64; x64) AppleWebKit/537.36 (KHTML, like Gecko) Chrome/148.0.0.0 Safari/537.36', '2a09:bac5:3b2e:eaa::176:a6', '2026-06-10 04:34:33.918+00', true, '2026-05-11 04:34:34.017948+00', '67608e8a-11e6-4ef4-b2aa-d11abddd020f', '2026-05-11 04:34:33.918+00', NULL, '00000000-0000-0000-0000-000000000001'),
	('617cbe09-6629-40e5-ad9b-a63b79951ddd', 'fe200a1b-6d97-4839-9841-f63fc2213188', 'e1f51990ec5f06ede6028c24a167287c9c18426aa5ce6bbaac181aed96f907a8', 'Mozilla/5.0 (Windows NT 10.0; Win64; x64) AppleWebKit/537.36 (KHTML, like Gecko) Chrome/148.0.0.0 Safari/537.36', '2a09:bac5:3b2e:eaa::176:a9', '2026-06-10 16:54:56.224+00', false, '2026-05-11 16:54:56.507157+00', NULL, NULL, NULL, '00000000-0000-0000-0000-000000000001'),
	('7b94af5b-6cc4-446c-a660-af8a54a094b9', '33e4d701-3aff-49f3-876b-271b340d7df2', 'f08e058cc7f3760836e55f915a9141068d4fbb92fd60eed668edac3dea360fb1', 'Mozilla/5.0 (Windows NT 10.0; Win64; x64) AppleWebKit/537.36 (KHTML, like Gecko) Chrome/148.0.0.0 Safari/537.36', '2a09:bac5:3b2e:eaa::176:a6', '2026-06-10 04:34:40.94+00', true, '2026-05-11 04:34:41.042165+00', '11d83158-de68-47c9-91ec-97c497745f92', '2026-05-11 04:34:40.94+00', NULL, '00000000-0000-0000-0000-000000000001'),
	('e5c9e6d7-9aeb-4dfd-b5d2-f821ed18f899', '2dc576b6-505e-481c-82bf-dfda564b34a5', '186cefe6f37cf3b5522036620bd19a7259c4e91eb4c249aab46d5b036a4113cc', 'Mozilla/5.0 (Windows NT 10.0; Win64; x64) AppleWebKit/537.36 (KHTML, like Gecko) Chrome/147.0.0.0 Safari/537.36', '122.172.84.252', '2026-06-10 04:58:20.746+00', true, '2026-05-11 04:58:21.07772+00', NULL, NULL, NULL, '00000000-0000-0000-0000-000000000001'),
	('c96f75bb-df6a-478b-b424-d7d2921dbdf2', '33e4d701-3aff-49f3-876b-271b340d7df2', '6eaaf6f1a932432c420d81809b6bc74f260a0a66d524eb0caa4ac3ef9de9cdc0', 'Mozilla/5.0 (Windows NT 10.0; Win64; x64) AppleWebKit/537.36 (KHTML, like Gecko) Chrome/148.0.0.0 Safari/537.36', '2a09:bac5:3b2a:eaa::176:a6', '2026-06-10 04:35:06.52+00', true, '2026-05-11 04:35:06.622337+00', '7b94af5b-6cc4-446c-a660-af8a54a094b9', '2026-05-11 04:35:06.52+00', NULL, '00000000-0000-0000-0000-000000000001'),
	('e7cb28e5-f592-4043-b11b-053460a658a1', '33e4d701-3aff-49f3-876b-271b340d7df2', '83ce4ecaa7d43f077a3e52c94a91f08d49b11be56eef06d8d7fbfb0c5be10398', 'Mozilla/5.0 (Windows NT 10.0; Win64; x64) AppleWebKit/537.36 (KHTML, like Gecko) Chrome/148.0.0.0 Safari/537.36', '2a09:bac5:3b2a:eaa::176:a6', '2026-06-10 04:35:07.827+00', true, '2026-05-11 04:35:07.927851+00', 'c96f75bb-df6a-478b-b424-d7d2921dbdf2', '2026-05-11 04:35:07.827+00', NULL, '00000000-0000-0000-0000-000000000001'),
	('d3d71d7a-5b3a-4da4-b4d9-68ba7a4166ec', '2dc576b6-505e-481c-82bf-dfda564b34a5', 'b494ff1a20f896ac21c4c176d0340ae56369c9a3a27a6b3b227e9fb3dba6978a', 'Mozilla/5.0 (Windows NT 10.0; Win64; x64) AppleWebKit/537.36 (KHTML, like Gecko) Chrome/147.0.0.0 Safari/537.36', '122.172.84.252', '2026-06-10 04:58:22.427+00', true, '2026-05-11 04:58:22.550798+00', 'e5c9e6d7-9aeb-4dfd-b5d2-f821ed18f899', '2026-05-11 04:58:22.427+00', NULL, '00000000-0000-0000-0000-000000000001'),
	('19262439-5453-4fe9-8d57-d499a859a57d', '33e4d701-3aff-49f3-876b-271b340d7df2', 'fdf45c9682651b23aabc28d640c98ea60a192d9211afccbc3a72ebbead20bbe3', 'Mozilla/5.0 (Windows NT 10.0; Win64; x64) AppleWebKit/537.36 (KHTML, like Gecko) Chrome/148.0.0.0 Safari/537.36', '2a09:bac5:3b2e:eaa::176:a6', '2026-06-10 04:38:41.684+00', true, '2026-05-11 04:38:41.784019+00', 'e7cb28e5-f592-4043-b11b-053460a658a1', '2026-05-11 04:38:41.684+00', NULL, '00000000-0000-0000-0000-000000000001'),
	('6c0fcf26-6bfc-451c-a121-1f3b97a9347e', '33e4d701-3aff-49f3-876b-271b340d7df2', 'c424241e2771cf16b7f1a1dcd0d3e57e2d893fb48b777d52441d6e67b24bdbda', 'Mozilla/5.0 (Windows NT 10.0; Win64; x64) AppleWebKit/537.36 (KHTML, like Gecko) Chrome/148.0.0.0 Safari/537.36', '2a09:bac5:3b2e:eaa::176:a6', '2026-06-10 04:38:42.701+00', true, '2026-05-11 04:38:42.801012+00', '19262439-5453-4fe9-8d57-d499a859a57d', '2026-05-11 04:38:42.701+00', NULL, '00000000-0000-0000-0000-000000000001'),
	('11c570a3-7fe7-40c6-84fa-d31a973741ca', '2dc576b6-505e-481c-82bf-dfda564b34a5', '5b825fe5f6088d16c7c44956215049afa7f7ed46754c829b6283a788d29d6503', 'Mozilla/5.0 (Windows NT 10.0; Win64; x64) AppleWebKit/537.36 (KHTML, like Gecko) Chrome/147.0.0.0 Safari/537.36', '122.172.84.252', '2026-06-10 03:43:31.803+00', true, '2026-05-11 03:43:31.940657+00', 'ceb84957-d82c-4699-90c2-6d2f8b3e16d6', '2026-05-11 03:43:31.803+00', NULL, '00000000-0000-0000-0000-000000000001'),
	('36158350-1a95-4faa-86c1-2249506e18ea', '2dc576b6-505e-481c-82bf-dfda564b34a5', 'c03f20d7f1ac352cd3d8654440df2a61747999b911af560edce65dc167aad823', 'Mozilla/5.0 (Windows NT 10.0; Win64; x64) AppleWebKit/537.36 (KHTML, like Gecko) Chrome/147.0.0.0 Safari/537.36', '122.172.84.252', '2026-06-10 04:58:28.962+00', true, '2026-05-11 04:58:29.086867+00', 'd3d71d7a-5b3a-4da4-b4d9-68ba7a4166ec', '2026-05-11 04:58:28.962+00', NULL, '00000000-0000-0000-0000-000000000001'),
	('1175990e-ed22-4099-a17f-abdd0a567e4a', '2dc576b6-505e-481c-82bf-dfda564b34a5', '638bfe5130da193b07178d5f9aa6707f38233a760b33e947e72d26612a151610', 'Mozilla/5.0 (iPhone; CPU iPhone OS 18_5 like Mac OS X) AppleWebKit/605.1.15 (KHTML, like Gecko) Version/18.5 Mobile/15E148 Safari/604.1', '122.172.84.252', '2026-06-10 04:39:33.883+00', true, '2026-05-11 04:39:34.009194+00', '11c570a3-7fe7-40c6-84fa-d31a973741ca', '2026-05-11 04:39:33.883+00', NULL, '00000000-0000-0000-0000-000000000001'),
	('9e699770-69c5-4168-8e5f-027f5357d250', '2dc576b6-505e-481c-82bf-dfda564b34a5', '1c31bfbc01ad4ec641b58cbb9189ee0a5e63c4056fa5f1c9568c032b2542eccf', 'Mozilla/5.0 (Windows NT 10.0; Win64; x64) AppleWebKit/537.36 (KHTML, like Gecko) Chrome/147.0.0.0 Safari/537.36', '122.172.84.252', '2026-06-10 04:58:49.728+00', false, '2026-05-11 04:58:49.844559+00', '36158350-1a95-4faa-86c1-2249506e18ea', '2026-05-11 04:58:49.728+00', NULL, '00000000-0000-0000-0000-000000000001'),
	('0c8017f6-7ab2-44d4-92dc-954c7f4f5a12', 'a8a82dc8-86c0-4275-85dc-b36aec856220', '7b2345eabba0a6e6e88fcbe82e884a856c8ee156b83a2db7ba3b2cc68325fe77', 'Mozilla/5.0 (Windows NT 10.0; Win64; x64) AppleWebKit/537.36 (KHTML, like Gecko) Chrome/148.0.0.0 Safari/537.36', '2a09:bac5:3b2a:eaa::176:86', '2026-06-10 05:37:05.802+00', true, '2026-05-11 05:37:05.902165+00', '33ab5c76-f8bc-46e4-a26a-aa40b6e07223', '2026-05-11 05:37:05.802+00', NULL, '00000000-0000-0000-0000-000000000001'),
	('7426661f-c5a7-4c0a-a565-a6c798452a4a', 'a8a82dc8-86c0-4275-85dc-b36aec856220', '0e4a54d490bab55d7efe78630d2b6d1cfeb6a4d292f5a02d945c69f2a6488162', 'Mozilla/5.0 (Windows NT 10.0; Win64; x64) AppleWebKit/537.36 (KHTML, like Gecko) Chrome/148.0.0.0 Safari/537.36', '2a09:bac5:3b2a:eaa::176:86', '2026-06-10 05:37:09.495+00', true, '2026-05-11 05:37:09.594523+00', '0c8017f6-7ab2-44d4-92dc-954c7f4f5a12', '2026-05-11 05:37:09.495+00', NULL, '00000000-0000-0000-0000-000000000001'),
	('314229db-b2ce-457f-8eaf-0d777b7f16be', 'fad0e9e3-448a-4752-83a0-feb7f9588fdf', '4b1edbb45f2277f56693d203fe00651b4296a74ed5b9b5dc72b8bf04845a518b', 'Mozilla/5.0 (X11; Linux x86_64) AppleWebKit/537.36 (KHTML, like Gecko) Chrome/147.0.0.0 Safari/537.36', '122.172.84.252', '2026-06-10 04:42:17.403+00', true, '2026-05-11 04:42:17.71016+00', NULL, NULL, NULL, '00000000-0000-0000-0000-000000000001'),
	('787bc704-543f-4f47-86ba-60e4e834024c', 'fad0e9e3-448a-4752-83a0-feb7f9588fdf', '7f35b1784bd84007bbe4e7afe19f7830eaa199ae1bfc2f7abc5eb69a83d236ad', 'Mozilla/5.0 (X11; Linux x86_64) AppleWebKit/537.36 (KHTML, like Gecko) Chrome/147.0.0.0 Safari/537.36', '122.172.84.252', '2026-06-10 04:42:20.659+00', true, '2026-05-11 04:42:20.785911+00', '314229db-b2ce-457f-8eaf-0d777b7f16be', '2026-05-11 04:42:20.659+00', NULL, '00000000-0000-0000-0000-000000000001'),
	('20e3970f-f65c-41c8-afa0-746a9a9141e2', 'fad0e9e3-448a-4752-83a0-feb7f9588fdf', '9bfb4fcb838ee8836229ed163d85f8c65bb1b13407339bc203fe1bcebdd56241', 'Mozilla/5.0 (X11; Linux x86_64) AppleWebKit/537.36 (KHTML, like Gecko) Chrome/147.0.0.0 Safari/537.36', '122.172.84.252', '2026-06-10 04:42:40.284+00', true, '2026-05-11 04:42:40.412599+00', '787bc704-543f-4f47-86ba-60e4e834024c', '2026-05-11 04:42:40.284+00', NULL, '00000000-0000-0000-0000-000000000001'),
	('0a283281-94dc-4b67-8894-49d107f06ebd', 'fad0e9e3-448a-4752-83a0-feb7f9588fdf', '876b4b39eb035c2db0dd4d994d40960793ebfa75c05db26e3cd21cd01fc30e3d', 'Mozilla/5.0 (X11; Linux x86_64) AppleWebKit/537.36 (KHTML, like Gecko) Chrome/147.0.0.0 Safari/537.36', '122.172.84.252', '2026-06-10 04:43:05.307+00', true, '2026-05-11 04:43:05.438069+00', '20e3970f-f65c-41c8-afa0-746a9a9141e2', '2026-05-11 04:43:05.307+00', NULL, '00000000-0000-0000-0000-000000000001'),
	('b573e2df-57fe-49db-b24e-4812c1e0e854', 'fe200a1b-6d97-4839-9841-f63fc2213188', '039371d4dd887168b4d4900cdf7fa3c4df554a675d7c350aa889fcd52416b054', 'Mozilla/5.0 (Windows NT 10.0; Win64; x64) AppleWebKit/537.36 (KHTML, like Gecko) Chrome/148.0.0.0 Safari/537.36', '2a09:bac5:3b2c:eaa::176:a9', '2026-06-10 16:56:14.469+00', false, '2026-05-11 16:56:14.817371+00', NULL, NULL, NULL, '00000000-0000-0000-0000-000000000001'),
	('01bfb298-9b9f-4c1e-9c93-7b86f1e3f112', '2ef86968-1402-48ff-97ea-a5071588e1bd', 'b1c545f85f1df9f7eb67745c5ab9848b80fa15eb1717a86ca97fc4c37905297f', 'Mozilla/5.0 (iPhone; CPU iPhone OS 18_5 like Mac OS X) AppleWebKit/605.1.15 (KHTML, like Gecko) Version/18.5 Mobile/15E148 Safari/604.1', '122.172.84.252', '2026-06-10 07:36:32.127+00', true, '2026-05-11 07:36:32.259943+00', '165d41b4-f18c-4ea6-a51f-ebb09d1609df', '2026-05-11 07:36:32.127+00', NULL, '00000000-0000-0000-0000-000000000001'),
	('d3c5f6a9-4347-41ab-9fad-3bdc87f20c9d', '2ef86968-1402-48ff-97ea-a5071588e1bd', '57c8df86368afe0828057d47def4f5d9408f0100884bd32ae1d82779c17125a4', 'Mozilla/5.0 (iPhone; CPU iPhone OS 18_5 like Mac OS X) AppleWebKit/605.1.15 (KHTML, like Gecko) Version/18.5 Mobile/15E148 Safari/604.1', '122.172.84.252', '2026-06-10 07:36:49.281+00', true, '2026-05-11 07:36:49.415686+00', 'd8b2b33f-d462-44ca-bd92-ff3056cf387f', '2026-05-11 07:36:49.281+00', NULL, '00000000-0000-0000-0000-000000000001'),
	('a9ae652b-321b-4393-9089-80335c2ee1ae', 'b4771c4e-c015-4490-8f75-29b0aa69fa28', '36d712e2eca7a6ee52bf8a230eddf1b1f14d7959cf31a6d22413c1e1793a3191', 'Mozilla/5.0 (Windows NT 10.0; Win64; x64) AppleWebKit/537.36 (KHTML, like Gecko) Chrome/148.0.0.0 Safari/537.36', '2a09:bac1:3680:ba8::176:af', '2026-06-11 04:13:56.525+00', true, '2026-05-12 04:13:56.915594+00', NULL, NULL, NULL, '00000000-0000-0000-0000-000000000001'),
	('b28e3d6c-e8b6-46dd-99ed-2642ad8ad974', '5e12a75b-6692-4e2e-b560-a4f2bf6d30e0', '90e661194c8bbeed2eaf82e51c26faa2c1afa37d123a10e97bf921cff64e5a8c', 'Mozilla/5.0 (Windows NT 10.0; Win64; x64) AppleWebKit/537.36 (KHTML, like Gecko) Chrome/148.0.0.0 Safari/537.36', '2a09:bac1:3680:ba8::176:af', '2026-06-11 04:34:52.984+00', false, '2026-05-12 04:34:53.263727+00', NULL, NULL, NULL, '00000000-0000-0000-0000-000000000001'),
	('edecf54e-d93b-4dd2-9d38-e6cf30c5286d', 'c4eb5453-a9eb-4d91-b16e-ad144e657f66', 'ac3e469f7f46a230614f71cf7953d9b633420850a36397472af4f013dfd28f04', 'Mozilla/5.0 (Windows NT 10.0; Win64; x64) AppleWebKit/537.36 (KHTML, like Gecko) Chrome/148.0.0.0 Safari/537.36', '2a09:bac5:3b2b:eaa::176:af', '2026-06-11 04:16:47.369+00', true, '2026-05-12 04:16:47.715299+00', NULL, NULL, NULL, '00000000-0000-0000-0000-000000000001'),
	('1a337b6a-1cef-4d02-bd8f-f4264dcd4faf', 'c4eb5453-a9eb-4d91-b16e-ad144e657f66', 'd0570eff9e92905e7a32d012d17195ba81b0ad4a6bf41b0a4e7ff59df801a416', 'Mozilla/5.0 (Windows NT 10.0; Win64; x64) AppleWebKit/537.36 (KHTML, like Gecko) Chrome/148.0.0.0 Safari/537.36', '2a09:bac5:3b28:eaa::176:af', '2026-06-11 05:42:00.455+00', false, '2026-05-12 05:42:00.554556+00', 'edecf54e-d93b-4dd2-9d38-e6cf30c5286d', '2026-05-12 05:42:00.455+00', NULL, '00000000-0000-0000-0000-000000000001'),
	('064c2e2c-fc54-48b4-8253-67aa67961cbb', '5e12a75b-6692-4e2e-b560-a4f2bf6d30e0', '95d8e425503fb37404e2d754553220921b73d6d46cd4a3d05186e483ca2f6f5d', 'Mozilla/5.0 (Windows NT 10.0; Win64; x64) AppleWebKit/537.36 (KHTML, like Gecko) Chrome/148.0.0.0 Safari/537.36', '2a09:bac5:3b28:eaa::176:72', '2026-06-11 05:52:42.4+00', false, '2026-05-12 05:52:42.794358+00', NULL, NULL, NULL, '00000000-0000-0000-0000-000000000001'),
	('cd79505c-a833-4b85-9159-97e656c18f62', 'dcaefb3c-9c36-4c13-b9b2-fc7166eb3810', '1a4a5999800c74aafb05ca7314bbfea4f0f19c3e60fa7a35638f07f6aa99133b', 'Mozilla/5.0 (Windows NT 10.0; Win64; x64) AppleWebKit/537.36 (KHTML, like Gecko) Chrome/148.0.0.0 Safari/537.36', '2a09:bac5:3b2f:eaa::176:af', '2026-06-11 05:45:16.144+00', true, '2026-05-12 05:45:16.47784+00', NULL, NULL, NULL, '00000000-0000-0000-0000-000000000001'),
	('7735428d-5d8f-49da-abbc-8ce5f64558d9', '5cb2f12d-113d-4cde-9c01-96e4df53d7bb', '746f12f8a10d7c9d2fb0e8148a87334892a4606d047837b00c67261493d1836c', 'Mozilla/5.0 (Windows NT 10.0; Win64; x64) AppleWebKit/537.36 (KHTML, like Gecko) Chrome/148.0.0.0 Safari/537.36', '2a09:bac5:3b28:eaa::176:72', '2026-06-11 07:07:47.939+00', true, '2026-05-12 07:07:48.23752+00', NULL, NULL, NULL, '00000000-0000-0000-0000-000000000001'),
	('1605e903-16a9-4844-b812-9fd90efdfb6f', 'f654d9c4-de8f-4a28-a26a-d317dff5d41c', '644dab95173c508e81b2bcf2f809dc3aff101286b51a806741bef8b3c8aa3e99', 'Mozilla/5.0 (Windows NT 10.0; Win64; x64) AppleWebKit/537.36 (KHTML, like Gecko) Chrome/148.0.0.0 Safari/537.36', '2a09:bac5:3b29:eaa::176:72', '2026-06-11 07:13:00.147+00', true, '2026-05-12 07:13:00.472974+00', NULL, NULL, NULL, '00000000-0000-0000-0000-000000000001'),
	('fa77df38-394b-4303-a9d2-236d871bdfc1', 'f654d9c4-de8f-4a28-a26a-d317dff5d41c', 'e0bac40ecb061bb58cfb31e9d11b257ad720ecb45889299b284bf8657d600d99', 'Mozilla/5.0 (Windows NT 10.0; Win64; x64) AppleWebKit/537.36 (KHTML, like Gecko) Chrome/148.0.0.0 Safari/537.36', '2a09:bac5:3b29:eaa::176:72', '2026-06-11 07:13:02.784+00', false, '2026-05-12 07:13:02.888697+00', '1f51c593-9808-4388-bfb4-5002063b5c5a', '2026-05-12 07:13:02.784+00', NULL, '00000000-0000-0000-0000-000000000001'),
	('d8b2b33f-d462-44ca-bd92-ff3056cf387f', '2ef86968-1402-48ff-97ea-a5071588e1bd', '144c2d5144f7e78f66ab7b4d7351a990e785591e920a972beb68e83ecfcda696', 'Mozilla/5.0 (iPhone; CPU iPhone OS 18_5 like Mac OS X) AppleWebKit/605.1.15 (KHTML, like Gecko) Version/18.5 Mobile/15E148 Safari/604.1', '122.172.84.252', '2026-06-10 07:36:43.338+00', true, '2026-05-11 07:36:43.471111+00', '01bfb298-9b9f-4c1e-9c93-7b86f1e3f112', '2026-05-11 07:36:43.338+00', NULL, '00000000-0000-0000-0000-000000000001'),
	('88a7d3ef-0556-4d28-b4fb-3e44971f8fbd', 'b4771c4e-c015-4490-8f75-29b0aa69fa28', '080fe90825987fbfd47876b74f0dbc2085ea7c1c061881f137da0ff943c729c2', 'Mozilla/5.0 (Windows NT 10.0; Win64; x64) AppleWebKit/537.36 (KHTML, like Gecko) Chrome/148.0.0.0 Safari/537.36', '2a09:bac1:36a0:ba8::176:9c', '2026-06-11 03:36:56.908+00', false, '2026-05-12 03:36:57.299824+00', NULL, NULL, NULL, '00000000-0000-0000-0000-000000000001'),
	('ef7e9e62-ede5-4500-a2d9-81b8fa56b40a', 'b4771c4e-c015-4490-8f75-29b0aa69fa28', 'e1d37233ae39bb39f0b70a973098eb2aad8ff29a16e321fecb48cb5ffe924d05', 'Mozilla/5.0 (Windows NT 10.0; Win64; x64) AppleWebKit/537.36 (KHTML, like Gecko) Chrome/148.0.0.0 Safari/537.36', '2a09:bac5:3b2d:eaa::176:af', '2026-06-11 04:32:36.078+00', false, '2026-05-12 04:32:36.347241+00', NULL, NULL, NULL, '00000000-0000-0000-0000-000000000001'),
	('1f0321f5-113d-4516-aa49-7ce6cc426b65', 'cfec91e4-ef32-4189-9bc4-66eb6e82a0a6', 'f5094c3d5f53e0ef211a1220595bf8da53dd49bbd6d78da98f07e353b691c0f0', 'Mozilla/5.0 (Windows NT 10.0; Win64; x64) AppleWebKit/537.36 (KHTML, like Gecko) Chrome/148.0.0.0 Safari/537.36', '2a09:bac5:3b2b:eaa::176:86', '2026-06-10 07:40:28.039+00', true, '2026-05-11 07:40:28.384622+00', NULL, NULL, NULL, '00000000-0000-0000-0000-000000000001'),
	('f07cbd07-1143-4fa9-ac2d-07d3ff16844b', '2ef86968-1402-48ff-97ea-a5071588e1bd', '57909224c3284f767b1b2310b8c81f2ac66f508b6caa117e29b0ff2ff0c9c05c', 'Mozilla/5.0 (iPhone; CPU iPhone OS 18_5 like Mac OS X) AppleWebKit/605.1.15 (KHTML, like Gecko) Version/18.5 Mobile/15E148 Safari/604.1', '122.172.84.252', '2026-06-10 07:42:14.464+00', true, '2026-05-11 07:42:14.597235+00', 'd3c5f6a9-4347-41ab-9fad-3bdc87f20c9d', '2026-05-11 07:42:14.464+00', NULL, '00000000-0000-0000-0000-000000000001'),
	('9e749832-746e-4d1d-83eb-f266daa94a9f', '2ef86968-1402-48ff-97ea-a5071588e1bd', '77193fb40274b230b4ef6754698697e5da828a612112ee4abccaf8c04802ee84', 'Mozilla/5.0 (iPhone; CPU iPhone OS 18_5 like Mac OS X) AppleWebKit/605.1.15 (KHTML, like Gecko) Version/18.5 Mobile/15E148 Safari/604.1', '122.172.84.252', '2026-06-10 07:51:22.687+00', true, '2026-05-11 07:51:22.8352+00', 'f07cbd07-1143-4fa9-ac2d-07d3ff16844b', '2026-05-11 07:51:22.687+00', NULL, '00000000-0000-0000-0000-000000000001'),
	('76076a50-b41b-4789-a601-635077b4e68a', '2ef86968-1402-48ff-97ea-a5071588e1bd', '47ba4bba25536b2364c428b6f7d8fd6d017c30e1fccfe745d50d3472e5c98c73', 'Mozilla/5.0 (iPhone; CPU iPhone OS 18_5 like Mac OS X) AppleWebKit/605.1.15 (KHTML, like Gecko) Version/18.5 Mobile/15E148 Safari/604.1', '122.172.84.252', '2026-06-10 07:51:30.216+00', true, '2026-05-11 07:51:30.349924+00', '9e749832-746e-4d1d-83eb-f266daa94a9f', '2026-05-11 07:51:30.216+00', NULL, '00000000-0000-0000-0000-000000000001'),
	('809151b4-b2c4-4ff4-97eb-0ec39cde3bfa', 'cfec91e4-ef32-4189-9bc4-66eb6e82a0a6', 'c3424d1b70895d295bc45beb9073817e5528386a86d099c31f4e98714e6ce3fa', 'Mozilla/5.0 (Windows NT 10.0; Win64; x64) AppleWebKit/537.36 (KHTML, like Gecko) Chrome/148.0.0.0 Safari/537.36', '2a09:bac5:3b2b:eaa::176:86', '2026-06-10 07:49:23.046+00', true, '2026-05-11 07:49:23.157892+00', '1f0321f5-113d-4516-aa49-7ce6cc426b65', '2026-05-11 07:49:23.046+00', NULL, '00000000-0000-0000-0000-000000000001'),
	('ed0f9b26-9957-444f-a414-c7c81bc82974', 'cfec91e4-ef32-4189-9bc4-66eb6e82a0a6', 'dbafbd23e92c0a505b290edefc715098ab54f958232beaeae60982fca6e31c81', 'Mozilla/5.0 (Windows NT 10.0; Win64; x64) AppleWebKit/537.36 (KHTML, like Gecko) Chrome/148.0.0.0 Safari/537.36', '2a09:bac5:3b28:eaa::176:86', '2026-06-10 07:57:21.039+00', false, '2026-05-11 07:57:21.147399+00', '809151b4-b2c4-4ff4-97eb-0ec39cde3bfa', '2026-05-11 07:57:21.039+00', NULL, '00000000-0000-0000-0000-000000000001'),
	('6508e866-9335-4b4d-9d9a-729a10d4ffb2', '2ef86968-1402-48ff-97ea-a5071588e1bd', '3794080d77c2680eaf4e26fd88bdcd6ac44d69fa4538150ef18e18c6c2b1e410', 'Mozilla/5.0 (iPhone; CPU iPhone OS 18_5 like Mac OS X) AppleWebKit/605.1.15 (KHTML, like Gecko) Version/18.5 Mobile/15E148 Safari/604.1', '122.172.84.252', '2026-06-10 07:51:37.524+00', true, '2026-05-11 07:51:37.669695+00', '76076a50-b41b-4789-a601-635077b4e68a', '2026-05-11 07:51:37.524+00', NULL, '00000000-0000-0000-0000-000000000001'),
	('de90303f-d3a3-4edf-9761-39b1d4937384', 'be94ff27-b89a-4216-9a0e-92fd773d2f65', 'e08d6c43454ccff52470600357e55d03111ef72a4928bf3a9f281ba3d4f23c9f', 'Mozilla/5.0 (Windows NT 10.0; Win64; x64) AppleWebKit/537.36 (KHTML, like Gecko) Chrome/148.0.0.0 Safari/537.36', '2a09:bac5:3b28:eaa::176:86', '2026-06-10 07:59:02.359+00', true, '2026-05-11 07:59:02.695713+00', NULL, NULL, NULL, '00000000-0000-0000-0000-000000000001'),
	('6a14d84e-088c-4952-ae1a-41d85eec2588', 'be94ff27-b89a-4216-9a0e-92fd773d2f65', '4bb1a5b4da45970f8e68ebb8267b8a8677f795a21c7ed6b339f365df7a8b4584', 'Mozilla/5.0 (Windows NT 10.0; Win64; x64) AppleWebKit/537.36 (KHTML, like Gecko) Chrome/148.0.0.0 Safari/537.36', '2a09:bac5:3b29:eaa::176:86', '2026-06-10 08:24:41.702+00', true, '2026-05-11 08:24:41.824064+00', 'de90303f-d3a3-4edf-9761-39b1d4937384', '2026-05-11 08:24:41.702+00', NULL, '00000000-0000-0000-0000-000000000001'),
	('22bd57b9-5d9f-4e2c-8bc5-a8c63845f3a3', 'be94ff27-b89a-4216-9a0e-92fd773d2f65', 'd00d2c810dbf4e135fcf1fec46af8dcddaf5c9ec2c268cd71a42f0356f8eea36', 'Mozilla/5.0 (Windows NT 10.0; Win64; x64) AppleWebKit/537.36 (KHTML, like Gecko) Chrome/148.0.0.0 Safari/537.36', '2a09:bac1:36c0:ba8::176:86', '2026-06-10 08:38:57.966+00', false, '2026-05-11 08:38:58.075568+00', '6a14d84e-088c-4952-ae1a-41d85eec2588', '2026-05-11 08:38:57.966+00', NULL, '00000000-0000-0000-0000-000000000001'),
	('22d195b3-8a11-4147-ab1b-48223c61c44c', 'be94ff27-b89a-4216-9a0e-92fd773d2f65', 'a38e8db3021635ee84e713dc2a856429c8b660ce9cbb75f21dccdcc7ca572f41', 'Mozilla/5.0 (Windows NT 10.0; Win64; x64) AppleWebKit/537.36 (KHTML, like Gecko) Chrome/148.0.0.0 Safari/537.36', '2a09:bac1:36c0:ba8::176:86', '2026-06-10 08:39:24.155+00', true, '2026-05-11 08:39:24.504608+00', NULL, NULL, NULL, '00000000-0000-0000-0000-000000000001'),
	('d47c69f0-3c96-4dea-a664-929c288100f6', 'be94ff27-b89a-4216-9a0e-92fd773d2f65', '45ab5daf12b793c5c07a10efed0f23c1e29c919ad8057445e0dda442d7ddf315', 'Mozilla/5.0 (Windows NT 10.0; Win64; x64) AppleWebKit/537.36 (KHTML, like Gecko) Chrome/148.0.0.0 Safari/537.36', '2a09:bac1:36a0:ba8::176:86', '2026-06-10 08:48:47.905+00', true, '2026-05-11 08:48:48.028338+00', '22d195b3-8a11-4147-ab1b-48223c61c44c', '2026-05-11 08:48:47.905+00', NULL, '00000000-0000-0000-0000-000000000001'),
	('804c670d-555b-49f0-bb6a-5441f8d17755', '2ef86968-1402-48ff-97ea-a5071588e1bd', '71a22074860254d8ca3680a107639428bc72835ef07893b6fa188075e2ed4eb5', 'Mozilla/5.0 (iPhone; CPU iPhone OS 18_5 like Mac OS X) AppleWebKit/605.1.15 (KHTML, like Gecko) Version/18.5 Mobile/15E148 Safari/604.1', '122.172.84.252', '2026-06-10 07:58:35.223+00', true, '2026-05-11 07:58:35.367198+00', '6508e866-9335-4b4d-9d9a-729a10d4ffb2', '2026-05-11 07:58:35.223+00', NULL, '00000000-0000-0000-0000-000000000001'),
	('4eee0c7a-350d-49da-8149-51ba7c6460c8', 'be94ff27-b89a-4216-9a0e-92fd773d2f65', '54ada660b0b11c92fef326fdb2d6a22aaa957dc1ae7a35240c07f9f9115bcb0e', 'Mozilla/5.0 (Windows NT 10.0; Win64; x64) AppleWebKit/537.36 (KHTML, like Gecko) Chrome/148.0.0.0 Safari/537.36', '2a09:bac5:3b28:eaa::176:86', '2026-06-10 09:09:17.346+00', true, '2026-05-11 09:09:17.446564+00', 'd47c69f0-3c96-4dea-a664-929c288100f6', '2026-05-11 09:09:17.346+00', NULL, '00000000-0000-0000-0000-000000000001'),
	('c052007c-9723-4b2a-a908-568f277ef68d', 'be94ff27-b89a-4216-9a0e-92fd773d2f65', '0b0599972367fe2114c50b036cf3d5f53a3a4195eff5576d66e18f3ee73f4075', 'Mozilla/5.0 (Windows NT 10.0; Win64; x64) AppleWebKit/537.36 (KHTML, like Gecko) Chrome/148.0.0.0 Safari/537.36', '2a09:bac5:3b2c:eaa::176:86', '2026-06-10 09:26:12.515+00', true, '2026-05-11 09:26:12.611001+00', '4eee0c7a-350d-49da-8149-51ba7c6460c8', '2026-05-11 09:26:12.515+00', NULL, '00000000-0000-0000-0000-000000000001'),
	('65d2effd-e6ed-44ad-a123-c96a118ffd6e', 'be94ff27-b89a-4216-9a0e-92fd773d2f65', 'd765135917022f6ede281cc48039c851571e665965a36cbf6ddcfe43f7ff4af6', 'Mozilla/5.0 (Windows NT 10.0; Win64; x64) AppleWebKit/537.36 (KHTML, like Gecko) Chrome/148.0.0.0 Safari/537.36', '2a09:bac5:3b2b:eaa::176:86', '2026-06-10 09:40:03.183+00', true, '2026-05-11 09:40:03.277827+00', 'c052007c-9723-4b2a-a908-568f277ef68d', '2026-05-11 09:40:03.183+00', NULL, '00000000-0000-0000-0000-000000000001'),
	('133f61ee-2ae5-4e44-998c-8b92ef8b721d', '03b3706d-9222-4edb-9f9b-79851e4c8eb1', '42aacaecc97b292de94e9d2f4194b2e836590a77f7514fb08715b7b6c4e12d79', 'Mozilla/5.0 (Windows NT 10.0; Win64; x64) AppleWebKit/537.36 (KHTML, like Gecko) Chrome/148.0.0.0 Safari/537.36', '2a09:bac5:3b2b:eaa::176:86', '2026-06-10 09:45:28.294+00', true, '2026-05-11 09:45:28.591354+00', NULL, NULL, NULL, '00000000-0000-0000-0000-000000000001'),
	('1a023bff-1a42-450c-99da-bdea170450a5', '03b3706d-9222-4edb-9f9b-79851e4c8eb1', '09577b690084caa51ce69295d8ee26bc4146221a4828a08b869aff550b72f1ef', 'Mozilla/5.0 (Windows NT 10.0; Win64; x64) AppleWebKit/537.36 (KHTML, like Gecko) Chrome/148.0.0.0 Safari/537.36', '2a09:bac1:36e0:ba8::176:86', '2026-06-10 09:56:31.733+00', false, '2026-05-11 09:56:31.825519+00', '133f61ee-2ae5-4e44-998c-8b92ef8b721d', '2026-05-11 09:56:31.733+00', NULL, '00000000-0000-0000-0000-000000000001'),
	('7d607f87-f9e2-4a01-9940-a3e93184cd62', '03b3706d-9222-4edb-9f9b-79851e4c8eb1', 'eeec486a3ef9cf7f642621a175bfd0759d5c6faa6a6cde336aa4fac5c46b6792', 'Mozilla/5.0 (Windows NT 10.0; Win64; x64) AppleWebKit/537.36 (KHTML, like Gecko) Chrome/148.0.0.0 Safari/537.36', '2a09:bac1:36e0:ba8::176:86', '2026-06-10 09:57:05.727+00', true, '2026-05-11 09:57:06.049739+00', NULL, NULL, NULL, '00000000-0000-0000-0000-000000000001'),
	('5dae2e28-47db-4c2d-991a-6f43632b7c2b', '03b3706d-9222-4edb-9f9b-79851e4c8eb1', '353b42a6d5ea9a8d4d21bd58b40a192a2bb8c2695c88babdca74164e95c7cfae', 'Mozilla/5.0 (Windows NT 10.0; Win64; x64) AppleWebKit/537.36 (KHTML, like Gecko) Chrome/148.0.0.0 Safari/537.36', '2a09:bac5:3b2e:eaa::176:86', '2026-06-10 10:02:58.081+00', true, '2026-05-11 10:02:58.186534+00', '7d607f87-f9e2-4a01-9940-a3e93184cd62', '2026-05-11 10:02:58.081+00', NULL, '00000000-0000-0000-0000-000000000001'),
	('9c5cd700-a277-4da7-96e0-4c654edc1dd6', '03b3706d-9222-4edb-9f9b-79851e4c8eb1', '955f41403fa1e2832e4cea9318e7bdceaab70b0c6b1bd1f4ef878d7c559d1d8f', 'Mozilla/5.0 (Windows NT 10.0; Win64; x64) AppleWebKit/537.36 (KHTML, like Gecko) Chrome/148.0.0.0 Safari/537.36', '2a09:bac5:3b2a:eaa::176:86', '2026-06-10 10:09:44.868+00', true, '2026-05-11 10:09:44.961821+00', '5dae2e28-47db-4c2d-991a-6f43632b7c2b', '2026-05-11 10:09:44.868+00', NULL, '00000000-0000-0000-0000-000000000001'),
	('94f174af-c87f-4e2f-b24c-3c027fd09889', 'dcaefb3c-9c36-4c13-b9b2-fc7166eb3810', '41839a56e0f191cb013017c5d571d2dd3fa00cd6e8d4b2de61462f4b4ebc1a50', 'Mozilla/5.0 (Windows NT 10.0; Win64; x64) AppleWebKit/537.36 (KHTML, like Gecko) Chrome/148.0.0.0 Safari/537.36', '2a09:bac5:3b2f:eaa::176:86', '2026-06-10 12:05:35.058+00', true, '2026-05-11 12:05:35.476223+00', NULL, NULL, NULL, '00000000-0000-0000-0000-000000000001'),
	('53ecfec0-f0b0-480e-acae-5b831343ef96', '03b3706d-9222-4edb-9f9b-79851e4c8eb1', '53b3f3373436191cf845af03c6468753a895ad9d33429f0324a024ba33125237', 'Mozilla/5.0 (Windows NT 10.0; Win64; x64) AppleWebKit/537.36 (KHTML, like Gecko) Chrome/148.0.0.0 Safari/537.36', '2a09:bac5:3b2e:eaa::176:86', '2026-06-10 10:10:24.97+00', true, '2026-05-11 10:10:25.065051+00', '9c5cd700-a277-4da7-96e0-4c654edc1dd6', '2026-05-11 10:10:24.97+00', NULL, '00000000-0000-0000-0000-000000000001'),
	('8037df8d-cfed-431b-92a7-c27a42da72e0', 'dcaefb3c-9c36-4c13-b9b2-fc7166eb3810', 'ba28c0d389e8ca2eb635043167181ddbc64590848631e63c73a6a46ba691b5df', 'Mozilla/5.0 (Windows NT 10.0; Win64; x64) AppleWebKit/537.36 (KHTML, like Gecko) Chrome/148.0.0.0 Safari/537.36', '2a09:bac5:3b2f:eaa::176:af', '2026-06-11 04:13:24.576+00', false, '2026-05-12 04:13:24.678036+00', '94f174af-c87f-4e2f-b24c-3c027fd09889', '2026-05-12 04:13:24.576+00', NULL, '00000000-0000-0000-0000-000000000001'),
	('06a8e9b9-b163-4cd3-9e95-434af5dccc96', '03b3706d-9222-4edb-9f9b-79851e4c8eb1', '3b5d5b7dd3201a123fc03eec362c63ec8e0a9c0905c5a5580cbe0c80e5dff314', 'Mozilla/5.0 (Windows NT 10.0; Win64; x64) AppleWebKit/537.36 (KHTML, like Gecko) Chrome/148.0.0.0 Safari/537.36', '2a09:bac1:36c0:ba8::176:86', '2026-06-10 10:12:29.045+00', true, '2026-05-11 10:12:29.169959+00', '53ecfec0-f0b0-480e-acae-5b831343ef96', '2026-05-11 10:12:29.045+00', NULL, '00000000-0000-0000-0000-000000000001'),
	('0cbb8781-9244-463e-ab4a-bdefe8b510ed', 'b4771c4e-c015-4490-8f75-29b0aa69fa28', 'cac6fe617dfd1b120567c8049a7ad4fb8047afbd7ad46fa1d980649c70f88727', 'Mozilla/5.0 (Windows NT 10.0; Win64; x64) AppleWebKit/537.36 (KHTML, like Gecko) Chrome/148.0.0.0 Safari/537.36', '2a09:bac5:3b2b:eaa::176:af', '2026-06-11 04:16:15.802+00', false, '2026-05-12 04:16:15.918874+00', 'a9ae652b-321b-4393-9089-80335c2ee1ae', '2026-05-12 04:16:15.802+00', NULL, '00000000-0000-0000-0000-000000000001'),
	('1125aca0-3840-43ca-9688-e03b5fd70e4b', '03b3706d-9222-4edb-9f9b-79851e4c8eb1', '1506024b6160f84eb633ad71e3108eb3991735a0704b9c101124960509f373f8', 'Mozilla/5.0 (Windows NT 10.0; Win64; x64) AppleWebKit/537.36 (KHTML, like Gecko) Chrome/148.0.0.0 Safari/537.36', '2a09:bac5:3b2e:eaa::176:86', '2026-06-10 10:15:44.765+00', true, '2026-05-11 10:15:44.863089+00', '06a8e9b9-b163-4cd3-9e95-434af5dccc96', '2026-05-11 10:15:44.765+00', NULL, '00000000-0000-0000-0000-000000000001'),
	('8f250e09-6b4e-4ecf-8a30-69ec06f8485d', 'b4771c4e-c015-4490-8f75-29b0aa69fa28', '1c02e148991d5761df88a018e284b44f41ad02d04e1d8931f8a84cff96c7c412', 'Mozilla/5.0 (Windows NT 10.0; Win64; x64) AppleWebKit/537.36 (KHTML, like Gecko) Chrome/148.0.0.0 Safari/537.36', '2a09:bac5:3b2d:eaa::176:af', '2026-06-11 04:33:15.204+00', false, '2026-05-12 04:33:15.540278+00', NULL, NULL, NULL, '00000000-0000-0000-0000-000000000001'),
	('c8e78d59-29a2-4b1e-8332-f883fba7a2a6', '03b3706d-9222-4edb-9f9b-79851e4c8eb1', 'ccded4004c9815054b788e358b444a052ab41caa24f12a88e8665709bdb04be1', 'Mozilla/5.0 (Windows NT 10.0; Win64; x64) AppleWebKit/537.36 (KHTML, like Gecko) Chrome/148.0.0.0 Safari/537.36', '2a09:bac5:3b2f:eaa::176:86', '2026-06-10 10:30:30.326+00', true, '2026-05-11 10:30:30.427544+00', '1125aca0-3840-43ca-9688-e03b5fd70e4b', '2026-05-11 10:30:30.326+00', NULL, '00000000-0000-0000-0000-000000000001'),
	('8b2746a2-8a96-4ff0-b342-52f38a5a3efd', '03b3706d-9222-4edb-9f9b-79851e4c8eb1', '8d1dd806ab6a4160b35e8b4474efd9acfad0270645239e1b90449e6da634cf87', 'Mozilla/5.0 (Windows NT 10.0; Win64; x64) AppleWebKit/537.36 (KHTML, like Gecko) Chrome/148.0.0.0 Safari/537.36', '2a09:bac1:36e0:ba8::176:86', '2026-06-10 11:42:53.18+00', false, '2026-05-11 11:42:53.282024+00', 'c8e78d59-29a2-4b1e-8332-f883fba7a2a6', '2026-05-11 11:42:53.18+00', NULL, '00000000-0000-0000-0000-000000000001'),
	('081c51b4-25d6-4671-8c0b-b633d99649c5', '5e12a75b-6692-4e2e-b560-a4f2bf6d30e0', '71b74bf9f8c26210372e5c9887a7c7eab386565087ae9489197b15706346e4b7', 'Mozilla/5.0 (Windows NT 10.0; Win64; x64) AppleWebKit/537.36 (KHTML, like Gecko) Chrome/148.0.0.0 Safari/537.36', '2a09:bac5:3b2e:eaa::176:af', '2026-06-11 04:45:42.805+00', false, '2026-05-12 04:45:43.140382+00', NULL, NULL, NULL, '00000000-0000-0000-0000-000000000001'),
	('af9da45b-8c56-4bfc-b9fe-5b5ec55135e5', '03b3706d-9222-4edb-9f9b-79851e4c8eb1', 'c07a4852344e76a1060d20d8c4572920cc7e3f9ed54aa8941bd98fa0209e3cd1', 'Mozilla/5.0 (Windows NT 10.0; Win64; x64) AppleWebKit/537.36 (KHTML, like Gecko) Chrome/148.0.0.0 Safari/537.36', '2a09:bac1:36e0:ba8::176:86', '2026-06-10 11:43:18.008+00', true, '2026-05-11 11:43:18.410925+00', NULL, NULL, NULL, '00000000-0000-0000-0000-000000000001'),
	('cf43c524-b90b-4e5d-98c3-3fcbfc1af22a', 'dcaefb3c-9c36-4c13-b9b2-fc7166eb3810', 'e2f63bac7332431f396d134b94491062d2792443a9250122efd7f00047e911bb', 'Mozilla/5.0 (Windows NT 10.0; Win64; x64) AppleWebKit/537.36 (KHTML, like Gecko) Chrome/148.0.0.0 Safari/537.36', '2a09:bac5:3b2c:eaa::176:86', '2026-06-10 11:44:34.73+00', true, '2026-05-11 11:44:35.098979+00', NULL, NULL, NULL, '00000000-0000-0000-0000-000000000001'),
	('25885d98-99a2-4d0f-af42-53f157ca687c', 'dcaefb3c-9c36-4c13-b9b2-fc7166eb3810', '39582af0099214ef3f42a1c3766d139817ac65abf99a358f5f22afdcdd5912db', 'Mozilla/5.0 (Windows NT 10.0; Win64; x64) AppleWebKit/537.36 (KHTML, like Gecko) Chrome/148.0.0.0 Safari/537.36', '2a09:bac5:3b28:eaa::176:86', '2026-06-10 11:58:34.48+00', false, '2026-05-11 11:58:34.603355+00', 'cf43c524-b90b-4e5d-98c3-3fcbfc1af22a', '2026-05-11 11:58:34.48+00', NULL, '00000000-0000-0000-0000-000000000001'),
	('671593b6-cd9b-4bbb-a894-e351e5429af1', 'dcaefb3c-9c36-4c13-b9b2-fc7166eb3810', '2d8a4c79c54d75b1fcdd9db9f7dbe4bec125111b78a14be602749aa42e92cec3', 'Mozilla/5.0 (Windows NT 10.0; Win64; x64) AppleWebKit/537.36 (KHTML, like Gecko) Chrome/148.0.0.0 Safari/537.36', '2a09:bac5:3b2c:eaa::176:af', '2026-06-11 05:42:31.901+00', true, '2026-05-12 05:42:32.25598+00', NULL, NULL, NULL, '00000000-0000-0000-0000-000000000001'),
	('4e3cb6de-4629-4ea8-ac9c-7babc0c44554', 'dcaefb3c-9c36-4c13-b9b2-fc7166eb3810', '6201a1dc24d1d65ad83f4c336d8bd5cd8915828056b47620b04e7ae5fbd8de58', 'Mozilla/5.0 (Windows NT 10.0; Win64; x64) AppleWebKit/537.36 (KHTML, like Gecko) Chrome/148.0.0.0 Safari/537.36', '2a09:bac5:3b28:eaa::176:86', '2026-06-10 11:59:26.025+00', true, '2026-05-11 11:59:26.42383+00', NULL, NULL, NULL, '00000000-0000-0000-0000-000000000001'),
	('4c9fa97b-1537-412a-8892-bccfeca6957c', '6966c896-310b-41c5-a8b5-4578844486a6', '4313f8f099344608c077507a19de33caeebf1fd447f6d3f93603314e4041208c', 'Mozilla/5.0 (Windows NT 10.0; Win64; x64) AppleWebKit/537.36 (KHTML, like Gecko) Chrome/148.0.0.0 Safari/537.36', '122.172.87.11', '2026-06-11 05:49:50.713+00', false, '2026-05-12 05:49:50.960782+00', NULL, NULL, NULL, '00000000-0000-0000-0000-000000000001'),
	('2a8612bb-c83f-49b4-bc6b-0b432b94fff0', 'dcaefb3c-9c36-4c13-b9b2-fc7166eb3810', '03dc150f8089c94df5bde8a74e40a1e88a0b92597c4b1420bcd3907c6a715889', 'Mozilla/5.0 (Windows NT 10.0; Win64; x64) AppleWebKit/537.36 (KHTML, like Gecko) Chrome/148.0.0.0 Safari/537.36', '2a09:bac5:3b2e:eaa::176:72', '2026-06-11 07:04:16.985+00', true, '2026-05-12 07:04:17.092763+00', 'cd79505c-a833-4b85-9159-97e656c18f62', '2026-05-12 07:04:16.985+00', NULL, '00000000-0000-0000-0000-000000000001'),
	('bb5df253-d5f8-495a-b82e-4629be546eb7', 'dcaefb3c-9c36-4c13-b9b2-fc7166eb3810', 'e2c495eab86c6bc5ec3abb98dd5f24c9e4a0e1e968d5b3a6d9ad8e7fe2bfa592', 'Mozilla/5.0 (Windows NT 10.0; Win64; x64) AppleWebKit/537.36 (KHTML, like Gecko) Chrome/148.0.0.0 Safari/537.36', '2a09:bac5:3b2e:eaa::176:72', '2026-06-11 07:04:18.837+00', true, '2026-05-12 07:04:18.942277+00', '2a8612bb-c83f-49b4-bc6b-0b432b94fff0', '2026-05-12 07:04:18.837+00', NULL, '00000000-0000-0000-0000-000000000001'),
	('494bffc4-8608-4a5d-b33d-ce28fd361482', 'dcaefb3c-9c36-4c13-b9b2-fc7166eb3810', '92c9205dbb5120df98ab371257fb80c3cc664234c193220c3d232914b9fde8e2', 'Mozilla/5.0 (Windows NT 10.0; Win64; x64) AppleWebKit/537.36 (KHTML, like Gecko) Chrome/148.0.0.0 Safari/537.36', '2a09:bac5:3b2e:eaa::176:72', '2026-06-11 07:04:26.976+00', false, '2026-05-12 07:04:27.081044+00', 'bb5df253-d5f8-495a-b82e-4629be546eb7', '2026-05-12 07:04:26.976+00', NULL, '00000000-0000-0000-0000-000000000001'),
	('b3044fcd-74ce-4127-9646-0aa8c9e310dd', '5cb2f12d-113d-4cde-9c01-96e4df53d7bb', '9b0c9acaaacb1411241d38f1f42fd62f11d106eba837f1eaa0b9c072fa16fbf4', 'Mozilla/5.0 (Windows NT 10.0; Win64; x64) AppleWebKit/537.36 (KHTML, like Gecko) Chrome/148.0.0.0 Safari/537.36', '2a09:bac5:3b28:eaa::176:72', '2026-06-11 07:07:49.428+00', true, '2026-05-12 07:07:49.531139+00', '7735428d-5d8f-49da-abbc-8ce5f64558d9', '2026-05-12 07:07:49.428+00', NULL, '00000000-0000-0000-0000-000000000001'),
	('6eb03f67-3b2d-4ff0-811a-1139d3a27456', '5cb2f12d-113d-4cde-9c01-96e4df53d7bb', 'ebee96a13db1d9851bc30663864caf179fe63ba25316bc22e49ae550d9f5d0f9', 'Mozilla/5.0 (Windows NT 10.0; Win64; x64) AppleWebKit/537.36 (KHTML, like Gecko) Chrome/148.0.0.0 Safari/537.36', '2a09:bac5:3b28:eaa::176:72', '2026-06-11 07:07:50.512+00', true, '2026-05-12 07:07:50.617747+00', 'b3044fcd-74ce-4127-9646-0aa8c9e310dd', '2026-05-12 07:07:50.512+00', NULL, '00000000-0000-0000-0000-000000000001'),
	('1f51c593-9808-4388-bfb4-5002063b5c5a', 'f654d9c4-de8f-4a28-a26a-d317dff5d41c', '4f4a22ec22bf598042a1729b8a57a60bb3f790bf5e4d8c1a1efa5a16299d6867', 'Mozilla/5.0 (Windows NT 10.0; Win64; x64) AppleWebKit/537.36 (KHTML, like Gecko) Chrome/148.0.0.0 Safari/537.36', '2a09:bac5:3b29:eaa::176:72', '2026-06-11 07:13:01.732+00', true, '2026-05-12 07:13:01.836885+00', '1605e903-16a9-4844-b812-9fd90efdfb6f', '2026-05-12 07:13:01.732+00', NULL, '00000000-0000-0000-0000-000000000001');


--
-- Data for Name: buckets; Type: TABLE DATA; Schema: storage; Owner: supabase_storage_admin
--



--
-- Data for Name: buckets_analytics; Type: TABLE DATA; Schema: storage; Owner: supabase_storage_admin
--



--
-- Data for Name: buckets_vectors; Type: TABLE DATA; Schema: storage; Owner: supabase_storage_admin
--



--
-- Data for Name: objects; Type: TABLE DATA; Schema: storage; Owner: supabase_storage_admin
--



--
-- Data for Name: s3_multipart_uploads; Type: TABLE DATA; Schema: storage; Owner: supabase_storage_admin
--



--
-- Data for Name: s3_multipart_uploads_parts; Type: TABLE DATA; Schema: storage; Owner: supabase_storage_admin
--



--
-- Data for Name: vector_indexes; Type: TABLE DATA; Schema: storage; Owner: supabase_storage_admin
--



--
-- Name: refresh_tokens_id_seq; Type: SEQUENCE SET; Schema: auth; Owner: supabase_auth_admin
--

SELECT pg_catalog.setval('"auth"."refresh_tokens_id_seq"', 1, false);


--
-- PostgreSQL database dump complete
--

-- \unrestrict 0T2at5XGjgZjwjTtZDdA73qQ6k0Czs5bFAuT0cAZeEZ1Ih3wdtYLS9ufXiIHdgX

RESET ALL;
